id,target_0,target_1,target_2,target_3,target_4,target_5,target_6
0,0.07776536553578103,0.039032751010864765,0.32621603614366423,0.02213909192370707,0.34426664667151113,0.08115922722313676,0.10942088149133496
1,0.015190303120997038,0.02986955541591111,0.005817956819564303,0.0035292025223985406,0.007403899258300083,0.9195367895850326,0.018652293277796366
2,0.02175269864957316,0.026151079448119136,0.025208450504428954,0.00870270398433656,0.01850897272336164,0.8763892174576053,0.023286877232575175
3,0.37741751161282744,0.13661734344851523,0.05067134594530921,0.03277271814002143,0.18010871949614107,0.021316160102960398,0.20109620125422517
4,0.011915188069516549,0.3673334886461534,0.01975128270747751,0.5627321320014212,0.002885259372664225,0.01581057608553805,0.0195720731172289
5,0.060786112106707944,0.4494744871801002,0.25481954519312966,0.08783310142243135,0.07159678085054197,0.01117690818578294,0.06431306506130595
6,0.09437746294626179,0.3060788988076952,0.009878537982550936,0.5644239543095073,0.0060331558732621155,0.005017033507722469,0.014190956573000226
7,0.003546497200193879,0.008569451644388089,0.006096962431821645,0.007523907617799486,0.007691584370609611,0.9629271207452929,0.0036444759898943053
8,0.10023667981700717,0.1558754412438733,0.24950875093932545,0.0962082920948528,0.31784974372099334,0.05251490780590738,0.027806184378040628
9,0.03370797149198125,0.5131522659251042,0.27430241506150627,0.05188361691846728,0.06911524155313271,0.03409195608866274,0.023746532961145574
10,0.360498662329092,0.04041170315670228,0.3194824865343746,0.022479973008185227,0.20761760046630973,0.013948308660526546,0.03556126584480954
11,0.33552997511198746,0.05368782967245518,0.18638149176658556,0.00939230017936479,0.24339473109669357,0.01732096381416554,0.1542927083587479
12,0.1135285613807701,0.050115005349160247,0.1508537198084274,0.01407394924208683,0.32842892626858416,0.21310679003552999,0.1298930479154412
13,0.2235667562352673,0.09244998099564772,0.41343230304017825,0.08589697539118722,0.14516456167089445,0.012070126858469591,0.02741929580835546
14,0.3084752730518031,0.03845957977819045,0.27306098261280204,0.011264896027742262,0.16854070850912167,0.07115876146161562,0.1290397985587248
15,0.0382811684826053,0.2918909575520178,0.05149339349139007,0.5434516246400513,0.03875333646963349,0.00568266808785428,0.03044685127644773
16,0.010502976355185918,0.18517215221780822,0.03259743496939521,0.45043677408579585,0.014919557473811759,0.278222806258332,0.02814829863967109
17,0.27112631036231394,0.04132111290954693,0.24598433211262277,0.02569382790502004,0.18771362033437258,0.07752169837015632,0.15063909800596742
18,0.017371540284417997,0.23303480584929642,0.11522139167004522,0.026768089806594637,0.05504523590283111,0.5282197481203856,0.024339188366428954
19,0.07052872556746093,0.09999761828885478,0.21077101704386925,0.3281119547463622,0.014893671483420082,0.2576412016951447,0.018055811174888043
20,0.03678323685773331,0.08982805605301555,0.11151677583334427,0.6874936737767141,0.04692418363460824,0.007992894190846452,0.01946117965373799
21,0.35024216093849464,0.0119917641924633,0.21186942579641097,0.006962274161671086,0.3830167594112452,0.002919853623673232,0.0329977618760416
22,0.03675472345259906,0.07535654132695573,0.1328772756896302,0.4390351480095099,0.017089907431000195,0.27029646245737443,0.028589941632930466
23,0.21714831956749006,0.006735577974518135,0.13869329556477056,0.0019337780187286108,0.5380928134727825,0.003539760462119267,0.09385645493959097
24,0.007668294546233944,0.3391700407976395,0.014892167381578978,0.6274090673050654,0.0019021619166162945,0.007222901365051998,0.0017353666878138242
25,0.45011665548264645,0.09205201594308042,0.17927873646105638,0.046050484610216894,0.04356677393220828,0.11033579248553489,0.07859954108525671
26,0.24979855851953495,0.14846443333229375,0.02673508826748508,0.0782242425294325,0.04564442733622506,0.4016858459882039,0.04944740402682485
27,0.0256704968174482,0.014884381286536885,0.01085269370487038,0.006968320553896764,0.008309042461776096,0.9274320527705686,0.0058830124049030225
28,0.24566255773621726,0.09323890320355391,0.13513549454490317,0.051203412665485525,0.3994170555843623,0.023354274454551502,0.05198830181092634
29,0.14151256706849713,0.07009941558413743,0.16766187230930024,0.04438050183870319,0.12778018331306454,0.22721881655152582,0.22134664333477172
30,0.0408976758089844,0.3342196406088126,0.10426642806804047,0.40058013538682946,0.025925124084606056,0.009679795834285094,0.0844312002084419
31,0.19721250579397168,0.06363507842124488,0.19214948649598756,0.04513042478234897,0.15881514229313176,0.18908862980599564,0.1539687324073195
32,0.08529849027117,0.04405150165497752,0.38833873441925987,0.030265298020259884,0.22127752309680987,0.07681110733631276,0.1539573452012101
33,0.34155376003757937,0.11757222405218234,0.21310377694399882,0.06079824340442558,0.2186750413322252,0.009499253232535348,0.03879770099705339
34,0.12987330794652996,0.13190131451192505,0.138576252745581,0.3602377087802571,0.048234210008013846,0.0726903996153621,0.11848680639233093
35,0.1259137379255489,0.01853051928228295,0.27091774489595666,0.017560687880094406,0.39975685613049183,0.007419361208245406,0.1599010926773797
36,0.19231036124096884,0.03787749785333728,0.258657845718576,0.026716930780255322,0.22696240708872942,0.16095586656290486,0.09651909075522833
37,0.045671534882022906,0.5298269506100975,0.23843839898307612,0.052360292212617524,0.03917357222406573,0.03546726197391213,0.059061989114208055
38,0.11202574065669571,0.029864317325398314,0.48063406565712563,0.014666197699832758,0.33345592977324195,0.0035189928274821994,0.025834756060223302
39,0.10567986589952323,0.01763142483500586,0.4902162312533975,0.01140458964257291,0.2287658952515479,0.004837582113161571,0.14146441100479096
40,0.10694076550474949,0.039038203238543144,0.32194607528834934,0.09377069896390686,0.2981538339654425,0.10200228887565124,0.038148134163357494
41,0.06814860520256857,0.06894134047016023,0.09778666638656035,0.018316075983150753,0.22292829253334406,0.22345786745943447,0.3004211519647816
42,0.02324235778011639,0.6029908440426744,0.024394590370073833,0.23565084380225132,0.0058919706334167035,0.014468939750350152,0.09336045362111707
43,0.12114190191405098,0.05100560200063593,0.3351711951022268,0.03644250684174661,0.3197156847265158,0.06681107641088255,0.06971203300394135
44,0.10760083682640917,0.044321092778150016,0.45682266236225055,0.25361109973062584,0.09338848906604558,0.027692204023099985,0.016563615213418904
45,0.25217290727365305,0.015288586700198458,0.3129700295134218,0.015296156131776161,0.15430211966858512,0.14315623696680652,0.10681396374555892
46,0.008866143853005983,0.08006263614642609,0.013768312740127815,0.04857816113542089,0.02149349353654728,0.7833730298734343,0.043858222715037656
47,0.020171893656359248,0.07867970125514359,0.005881339874819705,0.8822248477459105,0.0025969712910910827,0.006731524962995618,0.0037137212136802633
48,0.005027423052999807,0.1087027324080804,0.0060428246937258845,0.8624753010638123,0.0010044079749356517,0.005364253075051324,0.011383057731394555
49,0.0025156168580864535,0.007627508689462258,0.006527077790975497,0.002768697747835495,0.004979047790927937,0.9713117955523408,0.004270255570371528
50,0.2924924936690746,0.01581096214137356,0.2687755399975773,0.009714112194630403,0.20572153947740443,0.15675012511373285,0.05073522740620686
51,0.3206521622729691,0.011211493151957071,0.24829946708619605,0.013406805829263069,0.33267670284440076,0.01923972344269186,0.05451364537252201
52,0.35861066046148904,0.08244917833505667,0.05133281248039652,0.02168694090061212,0.09603543584691494,0.3074304113248513,0.08245456065067938
53,0.098827511043838,0.07289737248859299,0.15533495802655425,0.01938036957042178,0.12080641325828992,0.012490736493207647,0.5202626391190954
54,0.18945504515810044,0.025199309794656167,0.2469297891710986,0.018008948826667086,0.15628114390467382,0.040440945282481586,0.32368481786232234
55,0.0908634501177258,0.0369227587426018,0.18937759056910322,0.06568825528144773,0.07308380332941947,0.09407887977373454,0.44998526218596757
56,0.1626250107272301,0.2212264808706612,0.23732727859873787,0.034781352615317326,0.2797605421812743,0.028240037792075835,0.036039297214703295
57,0.14583060946111023,0.02766022390371283,0.07208533161669198,0.003817984727540702,0.10841485757392733,0.031642916399221684,0.6105480763177952
58,0.12738302403685936,0.026594388705533545,0.35051165405661744,0.04332806932143725,0.340782699327766,0.008357978393482011,0.10304218615830438
59,0.3357274168485651,0.13633624766026906,0.09222657407169124,0.06324259654660272,0.20049012132199956,0.015631734045390082,0.15634530950548226
60,0.0838403739957416,0.09776828578179142,0.17973409992499642,0.05309875947714504,0.16979768082861452,0.06835776078145772,0.34740303921025334
61,0.17955028018661917,0.10033702180909229,0.17048770273393493,0.009848307628771183,0.11249070170843752,0.3230543799352913,0.10423160599785378
62,0.06618306601571901,0.2245944530230502,0.36151945775303396,0.1548933616458581,0.05027853810811176,0.044287121518953386,0.09824400193527358
63,0.18763460458734904,0.01924736651074234,0.20584792755179188,0.01623644671750247,0.12019625314181188,0.01805913912640681,0.4327782623643956
64,0.11090651508862874,0.004753180497698756,0.0743257760824651,0.0049973808985037315,0.0835861017436427,0.029262194336559154,0.6921688513525018
65,0.10732202173586747,0.007853759988798378,0.29410221669683667,0.0019641286764119506,0.574732010869097,0.007872349068820013,0.006153512964168483
66,0.12467402681657254,0.020071912430117626,0.2374968536507017,0.014861907343962944,0.2154019530851344,0.02660182044017196,0.36089152623333876
67,0.10465440999407519,0.04777896721828216,0.09298571716464629,0.22612261230300074,0.09791649603128269,0.23712817968834266,0.19341361760037032
68,0.20474113849968428,0.01968630704956214,0.04222123059756424,0.011984643906329006,0.11790018472373938,0.04348294907177976,0.5599835461513413
69,0.014737891600567179,0.8156985736005276,0.0549700011218218,0.045281008128529046,0.0069663883519655205,0.02236581976245911,0.03998031743412996
70,0.1470020412387008,0.061855727690545856,0.23181075085815978,0.05897796064089587,0.23522801558550954,0.025181356598216853,0.23994414738797126
71,0.15091730402999234,0.0987780934657537,0.31327412349881884,0.05957139502716002,0.21772150435519438,0.02295644976252717,0.1367811298605536
72,0.008649823386672008,0.7222458676228375,0.021554346512957408,0.21309303504484928,0.0026037155790297837,0.024442460810521184,0.0074107510431329
73,0.09371877863358913,0.0539573426911585,0.16304400917888878,0.053857347602611794,0.2170318358312519,0.33046809258839066,0.08792259347410919
74,0.01185162426763788,0.4506969634852613,0.018092514256201956,0.3854705942261507,0.007425135889713427,0.03929763269060112,0.08716553518443362
75,0.17075155769487155,0.05911819493175176,0.14082149435701763,0.012081757649474206,0.1641902631889935,0.12453689966689478,0.32849983251099657
76,0.1374516886482907,0.11836731112343837,0.1613208906397356,0.015217329535049067,0.3290216136517341,0.04358450926690457,0.1950366571348477
77,0.1371402699460932,0.04973434664462954,0.24117454213488573,0.02747097043920696,0.1720662216366306,0.086295593572978,0.2861180556255759
78,0.24726950113017315,0.010619188184758651,0.07831791258094706,0.0038003109243858178,0.4391479362889078,0.006866637195146383,0.21397851369568116
79,0.006609720516934847,0.13228565452908317,0.010130920169073989,0.8312780111844151,0.0018890215507331224,0.009749202146628163,0.008057469903131442
80,0.18574239611811957,0.030057226093022603,0.16644460283648482,0.0141564828714125,0.2455202056458908,0.11594008105410655,0.24213900538096317
81,0.18610797476160465,0.06703204309307778,0.1704495803380845,0.09275255851428996,0.39611812551840486,0.011810414342113102,0.07572930343242512
82,0.23447408261879085,0.008213843941634456,0.07677214912419084,0.00381047820707908,0.42423414663558673,0.03804080875395512,0.21445449071876294
83,0.056664564580268605,0.32389098601562444,0.11887130916363105,0.3803361953296783,0.010261186390958054,0.0967293681838312,0.013246390336008306
84,0.3079940527921596,0.02437010169592887,0.3834256624603933,0.004594389572242253,0.23930040370562247,0.01105915376297566,0.029256236010677915
85,0.30994663779605125,0.10823828239966815,0.23914694352638843,0.15174345159095098,0.08951478415552974,0.010983497772700895,0.0904264027587107
86,0.029126841550938077,0.12088150100326293,0.03257489426141546,0.7702027664118991,0.008186566231378336,0.034455095597223616,0.00457233494388241
87,0.10777208080920557,0.0805971708729831,0.045130618052710805,0.20016187100045565,0.028892976962537183,0.45684274962565985,0.08060253267644787
88,0.14592700093470057,0.030575277797270643,0.05348089751932665,0.006289783655571092,0.2630284678616241,0.14545466897855014,0.3552439032529568
89,0.034656738297600506,0.03103991415552837,0.14710218059380736,0.00764135657068029,0.0806003898543729,0.6283074450634509,0.07065197546455962
90,0.3532542349709028,0.013018171476281815,0.11345421346068536,0.006445270393648346,0.22038568285554935,0.013014878302547777,0.28042754854038443
91,0.31578823327269695,0.007233931263696579,0.3219584321142738,0.002274245748959376,0.12787226255674838,0.017163167456274955,0.20770972758734998
92,0.0985704419666176,0.3517569868296689,0.10116981535266248,0.06612784516163266,0.1707868264100732,0.044124531289899835,0.16746355298944535
93,0.14502622930651732,0.1994330043153257,0.05376368514581287,0.07111121489974374,0.04662992619931256,0.39938403651950927,0.08465190361377857
94,0.01698955716559428,0.5378913436784192,0.02495837195671792,0.4059081010142352,0.004124483934420958,0.00445686985876141,0.005671272391851053
95,0.09319598327134085,0.26292746276139173,0.10854800797667481,0.041327679383194336,0.1581082705857913,0.20742532179526965,0.12846727422633733
96,0.003928187368937234,0.033285475411911174,0.00340983584540031,0.9515224814994816,0.0006476848139853901,0.005687733024766574,0.0015186020355175424
97,0.3064090896751647,0.057288351375631354,0.26349044946185385,0.16240193301148725,0.1429355216335592,0.020937666255275482,0.04653698858702816
98,0.3306831073413437,0.06500159068964594,0.10202651678560726,0.0087352258043828,0.10576233042784003,0.2468149188908561,0.1409763100603242
99,0.279179677563345,0.013838663853248948,0.0847830943878396,0.15174815519260543,0.12976911561878932,0.05586150228391669,0.2848197911002549
100,0.1822756252001679,0.015302992439277074,0.1611666869835536,0.004145738603983079,0.13713641592075376,0.007785816379466219,0.4921867244727983
101,0.4530026781329991,0.006609742769034102,0.1639208761295488,0.004252574022455717,0.22351042898402923,0.060430538384914335,0.08827316157701869
102,0.21097804652750812,0.015430897902857326,0.1869797296623773,0.0019568401728998147,0.5460658292909987,0.0023455915977539325,0.036243064845604814
103,0.006826112124323774,0.011492986433564556,0.02080728371060673,0.003457604075632171,0.046211779672127126,0.9068739385517542,0.0043302954319913755
104,0.28501626962716314,0.07306010240495708,0.1273010770483404,0.05429282195152614,0.26278142264229987,0.0404102879455228,0.1571380183801906
105,0.06184738454707135,0.20754326418923533,0.06847493818043196,0.3982825911673594,0.09459145595031651,0.09681598188270772,0.07244438408287772
106,0.19386039289621218,0.01708518779930504,0.23842008513060234,0.010121063353426413,0.48726935810244615,0.006133352383189296,0.04711056033481863
107,0.0977837358420254,0.12630251451886337,0.19018996148726544,0.14025422560265075,0.062103802991688564,0.0891825931048729,0.29418316645263365
108,0.012776700211120127,0.2137864847000986,0.04431448327572922,0.594826168027476,0.0656383570497875,0.0564703104655863,0.012187496270202222
109,0.21799116372711377,0.10091228766256011,0.1708273686907881,0.007925157888031838,0.32497000775472984,0.017568301208910765,0.15980571306786556
110,0.22711921545877836,0.05339620099509991,0.2109538928760782,0.030180629296737493,0.2715245885856148,0.10975153950866767,0.09707393327902344
111,0.12189441180058087,0.21981907614687174,0.18049657654227952,0.05632317869930535,0.14244262358921508,0.16836717990996855,0.11065695331177897
112,0.16042892153214822,0.02654873462035892,0.2300351673165763,0.009938679636537206,0.4717943082621793,0.06574608145380796,0.035508107178392055
113,0.16745975776370864,0.18590810567700497,0.0957660843403182,0.2735829131846909,0.037668020629629394,0.054496748683104425,0.18511836972154347
114,0.3657235926896445,0.021251426427612106,0.06580524148506553,0.06878990273844302,0.1991938949496102,0.04610120883387024,0.2331347328757544
115,0.055036036004172416,0.4310651201354524,0.09158452237704988,0.39337784524146147,0.010161636024811387,0.011725006238300924,0.007049833978751569
116,0.0278972744475807,0.06947947678751377,0.06512551923586367,0.24152702781481694,0.05938067244314564,0.4697969740880067,0.06679305518307262
117,0.022205772050863635,0.3486685621456938,0.07205360075460283,0.46890551324237884,0.0069178642138955195,0.07419549977230186,0.0070531878202634455
118,0.10899845980509426,0.04389556324549476,0.031159960940462562,0.009179580898708989,0.04573938616502978,0.6977642717005381,0.06326277724467141
119,0.1307167309455119,0.012026517344440346,0.16553757218340634,0.010540255734371996,0.19053426982582766,0.027230136672124827,0.46341451729431693
120,0.25360916636079195,0.019148924456520063,0.2647250394546621,0.012632451103708258,0.39990809495604906,0.021236479725643142,0.028739843942625402
121,0.04628359441403017,0.12139960455484937,0.11669190373619351,0.13454118105075957,0.21404954523867065,0.07398615855320119,0.2930480124522955
122,0.02134941128526216,0.19735083304029355,0.04930808048480619,0.27372271266003967,0.013125225938407006,0.42776238972445857,0.01738134686673297
123,0.08557728119417354,0.02911939624598774,0.12006821993965366,0.01909237926406098,0.1364922371924932,0.1821009047338444,0.4275495814297864
124,0.1791241392374266,0.10302805797602763,0.12823454653021654,0.02827791393921646,0.18610358991895432,0.06461932571885629,0.3106124266793023
125,0.08501357833160197,0.15947959714204654,0.11943811913867741,0.41009304711762906,0.03733233690654718,0.06903776649533912,0.11960555486815867
126,0.2801328018997118,0.030613691763232052,0.28880849675266385,0.04866237646619065,0.16935201612193723,0.09042567289227281,0.09200494410399178
127,0.2052401123822583,0.021729863737965344,0.40641606322819496,0.0055358710686166795,0.27560788988286566,0.006311846800867525,0.0791583528992316
128,0.14075091742063078,0.031607864582799426,0.0641123532401699,0.02716616873989595,0.04723117503957069,0.642863841054482,0.046267679922451205
129,0.1766032337820321,0.06665113583907642,0.11187411416842252,0.03590853390083948,0.11080324324466713,0.2534568848187774,0.24470285424618496
130,0.012274769809724414,0.8602741522749516,0.02330304293730029,0.07955128001852697,0.00500455304771402,0.00866091980651559,0.01093128210526716
131,0.1852162732386355,0.021706740398409294,0.2725220821015569,0.019794007809356758,0.45493839674426484,0.004833686458162397,0.040988813249614356
132,0.017487848474061617,0.055170967959305164,0.012119827408003206,0.9022220513891739,0.002100753044163965,0.00871489460946571,0.0021836571158264104
133,0.15111332704913163,0.06504973478888042,0.20845847754919594,0.02109562178157685,0.3118323512239328,0.1055417718221138,0.13690871578516844
134,0.15627362939165046,0.04565710702948991,0.3717447274684547,0.010475949096143775,0.31526290527994016,0.0255473656982814,0.0750383160360395
135,0.022033763304376022,0.544146166822336,0.01499795289426677,0.3797879194603752,0.002973545452499454,0.03060302173979119,0.005457630326355261
136,0.1255981156100688,0.09418777430653244,0.28252502012951825,0.13787981375374486,0.22586918326866331,0.03672974859395865,0.09721034433751358
137,0.26389738399529655,0.053636337214437946,0.27667652205416393,0.010322732921223581,0.18642158259823288,0.016956508447639435,0.19208893276900565
138,0.23630260385323335,0.011986010388839511,0.08042888464006015,0.003847103578666122,0.4157927503436373,0.010637650824085711,0.241004996371478
139,0.05930047958005019,0.27190911433150877,0.02642311981910487,0.10639406030491486,0.026844730013709184,0.30999142401714563,0.19913707193356656
140,0.07362552561289397,0.08487829239495699,0.24581158707502587,0.02498127464673989,0.1437806437253082,0.03399561417132698,0.39292706237374797
141,0.10577378667642559,0.3014475766597917,0.22892531649658313,0.049113100780424614,0.17576515490961506,0.06801735232664818,0.07095771215051176
142,0.10272883833330412,0.04240007033368,0.21892765638792544,0.030078411808015616,0.4323448615016684,0.0826361812722206,0.09088398036318582
143,0.030219099521126246,0.3303720478609688,0.08139914759647213,0.539400297873339,0.004951979528705844,0.005302891118522792,0.008354536500865239
144,0.2660464483866517,0.02655732850674074,0.05653980836829604,0.011088935559130281,0.11144913194897679,0.0648024124170186,0.4635159348131859
145,0.05400388933136864,0.028760701729573464,0.06129053035067664,0.010150751936847384,0.07408303916362907,0.3193391368571056,0.45237195063079927
146,0.004772748784918209,0.014286630961692295,0.005610175755509026,0.035699377668030115,0.0032435975452407527,0.9346990672531577,0.0016884020314518818
147,0.014719506014839387,0.7093752145797427,0.01073059773337622,0.14475269131327304,0.0026659099061601397,0.004427210391119659,0.11332887006148881
148,0.041122994140606516,0.28650970291062056,0.047776214994373345,0.3659570028074876,0.06796149280938783,0.11830183034732866,0.07237076199019549
149,0.23063309810343102,0.08344040855091561,0.20083458262627135,0.09392868682039138,0.18921567546138376,0.09206438043266496,0.10988316800494191
150,0.007016940803016174,0.6778155137532382,0.027911916848916602,0.22205063607261347,0.006493783024359728,0.03942643298542079,0.01928477651243511
151,0.19467996144369454,0.03412596871260697,0.3416828310527852,0.03430481038239415,0.18855320335782222,0.13799921631357265,0.06865400873712428
152,0.012067079237364397,0.10646656252494416,0.02538629352758246,0.01844006607767825,0.010262679553735662,0.8228564473813472,0.004520871697347978
153,0.008531732102151272,0.4192551269567842,0.010064888055484361,0.5459518432979381,0.0020062728120122486,0.008875717124706946,0.005314419650922811
154,0.15471195864394335,0.2263286152848094,0.10200663042332733,0.31673835851980237,0.02867199917968294,0.042858036120563554,0.12868440182787103
155,0.1939434297221085,0.13095277688458656,0.21104672602310087,0.01293855373185317,0.11484979315860386,0.2371625395050853,0.0991061809746617
156,0.16343315032407046,0.08852205749738565,0.4095444462888202,0.03192773157373016,0.2354658826211194,0.041662196951094035,0.029444534743780105
157,0.36498736250552843,0.09049509360215123,0.18762928504935233,0.0233377344489251,0.21654613928139127,0.020237761040995037,0.09676662407165655
158,0.006623806404629964,0.13769372927845408,0.008392642726044126,0.7817418946112229,0.00221451378168202,0.018645519941362015,0.044687893256604924
159,0.0020140336875646013,0.022864580631264984,0.007904838979942918,0.03861741618517797,0.002407194441353822,0.9237114243484583,0.0024805117262373926
160,0.01812914292023455,0.22468683604313738,0.0471657814378793,0.02599936057489432,0.03166692911637213,0.2803668995280975,0.3719850503793848
161,0.07720071416321175,0.08245005903782135,0.5262781547981578,0.04723388218758127,0.1465899041840534,0.05209306964154894,0.06815421598762558
162,0.20137095262175006,0.03507612394197059,0.20963117961262082,0.02951857275224697,0.30375158457104157,0.11622717786461041,0.10442440863575964
163,0.0192686064055779,0.09993209709398305,0.02246091971128864,0.8256219321516388,0.003636184323085648,0.007839298380286722,0.021240961934139265
164,0.12237991697573165,0.2000368913793326,0.1358181492633001,0.09327783703558887,0.20618581769199454,0.07853738435757103,0.16376400329648125
165,0.4648947179848163,0.006524298269951538,0.23481120017639942,0.0032977501749595324,0.2009107614286076,0.04596992402701635,0.04359134793824932
166,0.1521755128049843,0.08669047262197067,0.12094237965494947,0.31505185435137883,0.04508690600633043,0.15269221483919462,0.12736065972119165
167,0.6533431491215328,0.01912503810223829,0.09214658359792426,0.01190046344521039,0.11515327915914653,0.006899415849836293,0.10143207072411135
168,0.12099387160118162,0.004926101500710614,0.03824032546717025,0.002005346395894856,0.060750994407824145,0.009459199213495126,0.7636241614137234
169,0.29889990799939364,0.11344228512253898,0.14154646387123157,0.01871099791071563,0.1814182208588414,0.10181000524971992,0.14417211898755883
170,0.10093859247455875,0.017120970717508923,0.180011862721913,0.004217404892294214,0.08196312805325419,0.008917457421219504,0.6068305837192515
171,0.20306973796944097,0.09691218835234208,0.484138432416248,0.08186618687690646,0.08093926574845997,0.01669243089779754,0.036381757738805
172,0.40493827391839876,0.009155561203749416,0.16007683712936865,0.00326249411725285,0.22763649255280924,0.023986849144891704,0.17094349193352937
173,0.16144195569499625,0.19046737221201132,0.2372177006861773,0.03060845630428972,0.1296618862135194,0.028058597605216774,0.2225440312837892
174,0.18825787152008744,0.0681485124306576,0.07800462560584097,0.036864909666151635,0.10280973093028208,0.182575795854095,0.34333855399288515
175,0.2218981714967659,0.011082494967465727,0.2148417457267599,0.004732868175913431,0.3510152137362221,0.02436962166594317,0.17205988423092972
176,0.03695478076897434,0.07471757268938287,0.6379810571945634,0.14512887819337267,0.06727356710119556,0.017203520346656807,0.020740623705854243
177,0.12463927802989172,0.11667465444126286,0.31975509460662155,0.03497444872203306,0.34097585428205435,0.013961176513917215,0.049019493404219204
178,0.008820883775490942,0.24229311009160298,0.014999046331300179,0.5797828639351643,0.0055215593984595775,0.13473541120465277,0.013847125263329197
179,0.1635687747505133,0.05059397115609836,0.3856839541116678,0.062186368293633554,0.1755457082118588,0.016680349197756267,0.145740874278472
180,0.01653641947599751,0.09166762632956399,0.031772806075659216,0.05127840165577595,0.01835009896470302,0.7674636701014663,0.022930977396834095
181,0.028093251117838385,0.12065528542660789,0.09198803686463261,0.49336892005834726,0.017303050017869692,0.03099136464533988,0.21760009186936427
182,0.11406376931375459,0.004693077667660429,0.041639548496732924,0.004705009943796593,0.15174168532742066,0.01896769079906518,0.6641892184515695
183,0.09472661937704371,0.12074684263607156,0.4087625270605795,0.132326502668974,0.1650813119881077,0.03305685873111904,0.04529933753810454
184,0.1541752140307393,0.31176604212265224,0.038137960140709026,0.41412862671168343,0.00785441481428593,0.0604479833885553,0.013489758791374748
185,0.2802932069756822,0.006660496223959421,0.2322407407264376,0.0033274370422609507,0.3654571226374005,0.005223225398540618,0.10679777099571872
186,0.12037016340236135,0.13433695974857168,0.13377122134777375,0.048788840940872,0.12595700699380183,0.10560359167435299,0.3311722158922664
187,0.018390835226554797,0.025168087486476677,0.09768930145659756,0.10736435018009768,0.06113046838284588,0.6301526030843195,0.06010435418310782
188,0.042500418515976024,0.29813777976950506,0.06938433995111398,0.5481947191294135,0.013529380918125935,0.01262381928617754,0.015629542429687844
189,0.05225022876474376,0.06983469953476089,0.09667930881021639,0.021032193282640405,0.13409059749079105,0.4810821439103588,0.14503082820648866
190,0.00993445587992787,0.11289158089685511,0.005111036263986143,0.822597405526652,0.002493902048821927,0.04509267756658038,0.0018789418171765813
191,0.01131614707902743,0.07531854591283876,0.01933210325122229,0.8163648730755622,0.00371502757596496,0.030868638156370438,0.043084664949013904
192,0.3661774290411738,0.05010931347490992,0.24528328411680342,0.047405894608967644,0.07571590352456094,0.1694421748863703,0.04586600034721384
193,0.037845425877295516,0.298076190715079,0.06987123880943415,0.1351897658634152,0.04657099373116615,0.332029593894511,0.08041679110909897
194,0.14770494131755602,0.11269267562061502,0.12344284349156767,0.026121130200147953,0.4375844213376867,0.07778984848955801,0.07466413954286857
195,0.24376423397116004,0.017873254671395677,0.36016036333619483,0.004377335578904591,0.3373585970284151,0.013178110139029883,0.023288105274900005
196,0.010633533842878509,0.06571419633034549,0.005597256461559672,0.8951570084898102,0.0014343771895669551,0.01086046664666374,0.010603161039175437
197,0.12028137373369074,0.19415963696479357,0.23216566852240622,0.09952356991017833,0.3230609360035243,0.010545114684294785,0.020263700181112163
198,0.3309540812171652,0.03341285770671422,0.190708830532824,0.02897230638182487,0.3775733097203963,0.0030712030580259454,0.03530741138304937
199,0.5874390147086823,0.03460204444192813,0.06634881392243006,0.10397587422764971,0.041955416986464024,0.019447654280207012,0.14623118143263888
200,0.03460402816788395,0.4564122723854845,0.06065743786687712,0.40617378776856905,0.0071010007572012476,0.010998903685354427,0.024052569368629772
201,0.22392446526519022,0.008182717523038594,0.12230391597314241,0.002492401291089903,0.06525363231212505,0.02220880635929328,0.5556340612761206
202,0.13095602686488225,0.15455540251103733,0.26804962541272814,0.22918717016306597,0.08543773392328738,0.05590609742192924,0.0759079437030696
203,0.01692560340451039,0.07084186421321215,0.038581353837523355,0.2976437679509182,0.01861093637388182,0.4411522325593931,0.11624424166056098
204,0.05677633348567308,0.09244171891530209,0.4587152368206039,0.048382601341664486,0.06529630642861387,0.16960789004580457,0.10877991296233791
205,0.043493531029563305,0.5918572281843265,0.04368519524251785,0.24478725263587445,0.009882989855478183,0.010824003693750002,0.0554697993584897
206,0.022373128134844725,0.20046744353300325,0.0376703880220839,0.6908348949664542,0.006404098754472416,0.021774491308667376,0.020475555280474095
207,0.14841616326639612,0.13953032418377095,0.22837716883378686,0.02481267560541236,0.23289358534845278,0.1034849078564078,0.12248517490577311
208,0.3687158638302135,0.0223452054470791,0.26971908488298874,0.030608892756240534,0.0974285305131786,0.07268826141934848,0.13849416115095114
209,0.3229510047636292,0.010814902340635707,0.3541547155646591,0.0022656482983403454,0.25836046957855713,0.009147307037390254,0.04230595241678821
210,0.15480884281976648,0.07960787095004976,0.09419273825319757,0.5183976687965445,0.029305412299606197,0.1032207230657218,0.02046674381511364
211,0.15896590581018527,0.11678443755668318,0.20080575493605562,0.049567983941728504,0.2725985652460286,0.09085493074360429,0.11042242176571446
212,0.07908467153125154,0.0173074719765542,0.46429395940710955,0.21761473411674842,0.18225758291309177,0.017365500503505726,0.022076079551738653
213,0.061804646752617244,0.005586565428629805,0.1610207180191435,0.0016674167288279994,0.06400451629803597,0.005241310790028744,0.7006748259827168
214,0.10676120294418309,0.2691836930423748,0.09500466450483883,0.3659014060380554,0.054294210152147505,0.07049451587206713,0.038360307446333314
215,0.1150447470932254,0.12107633147122539,0.5286809209467782,0.07298426248683648,0.040553683648403026,0.0843909288201165,0.037269125533414944
216,0.12287327184102673,0.02534659676669765,0.27037251651130395,0.01000379162294115,0.42452403876798933,0.061970613426937285,0.08490917106310383
217,0.008713030508637712,0.05724446583322992,0.008372067857955454,0.7941825267416944,0.0023700471635876926,0.11841957303713786,0.010698288857756946
218,0.011548617662500999,0.018896192406873125,0.03379931112935339,0.08795992026298191,0.008529957663889896,0.8097254020168231,0.0295405988575775
219,0.03437835753057723,0.05033113193386398,0.04815245154998366,0.2522503823977935,0.00846102863195285,0.5990057426306065,0.007420905325222296
220,0.24509033899281757,0.14817268713452003,0.16015168308527505,0.0356604586601141,0.0818794413566041,0.2766379923790775,0.052407398391591656
221,0.01585044536445539,0.010930990561137166,0.14451983107300476,0.0865955296229035,0.012841699365254275,0.7256295282816366,0.0036319757316083277
222,0.06357048113034987,0.11730743131769075,0.11556670829119028,0.12632369550348518,0.15428690512287035,0.2952118444835035,0.12773293415091005
223,0.45306138084584,0.010768551263164259,0.2498587006230167,0.005883166829342757,0.25288412237330427,0.003454118669065952,0.024089959396266007
224,0.14456005207681202,0.11684267789709173,0.2379268655006877,0.3757613808297082,0.02809416556282196,0.02151144511537332,0.07530341301750496
225,0.0010858529476514207,0.004574412256548898,0.0010276260733639738,0.006187950699364395,0.0013537033037379434,0.9831030109972753,0.002667443722058076
226,0.41714742085668377,0.03284948092193242,0.1730797771317754,0.01961212940415345,0.16154314081443805,0.04802481646209965,0.14774323440891737
227,0.05923497758908275,0.40291180226104506,0.11014131597646422,0.1847589800001628,0.05106079572796227,0.034943920967400774,0.15694820747788218
228,0.13268275658330764,0.08683092908013568,0.37110009208951344,0.04691239977348223,0.2098075171856218,0.018690484745513696,0.1339758205424255
229,0.777190592753984,0.0520290059581829,0.04855952164696252,0.03927293540706654,0.022421007498215653,0.03131899767879111,0.02920793905679715
230,0.012098484933666694,0.18610011967088855,0.02842222181031522,0.6135575752736174,0.01132316623950545,0.09804530121131133,0.05045313086069534
231,0.05012412536375943,0.060039706584594045,0.05231610606141655,0.021980231384562978,0.06469178429051846,0.6970995849617349,0.05374846135341369
232,0.015578627514718488,0.419577498426582,0.02845104308145393,0.44969905898421325,0.019862559526205432,0.016863574372625645,0.049967638094201156
233,0.1367382613779823,0.008863136324080801,0.36913334797950725,0.005047779537337337,0.40589401437065104,0.00850268239159723,0.06582077801884394
234,0.30089334167555004,0.05122354231998018,0.08557831841891726,0.01593299132514871,0.1448777967044155,0.14071001207014117,0.26078399748584713
235,0.1914690741327306,0.011200889310713575,0.19885277724542139,0.004152796638803946,0.2318988145680693,0.020564149185444608,0.34186149891881656
236,0.04084730070167982,0.514742711558796,0.06220114132847836,0.2398610885796888,0.020527118702537053,0.06324208475634018,0.058578554372479844
237,0.0406744155338996,0.036516351131344056,0.19933247278950278,0.0764204298695138,0.1492597008304201,0.05932935831086311,0.4384672715344566
238,0.018516071383553656,0.07099999519829003,0.03410461888510306,0.7305278529806501,0.017244744929794813,0.060957873470810144,0.0676488431517982
239,0.3040143001663384,0.06728686093015374,0.07452520068018223,0.014809457501189328,0.10186095896515183,0.05194981430153038,0.3855534074554541
240,0.1416085437126974,0.07410741689980667,0.22506051432181445,0.019440863015133425,0.25390200030559384,0.04817671924688906,0.23770394249806515
241,0.09507860691876986,0.01898344999725038,0.44099695451960413,0.007378831776922792,0.4251743168044734,0.005968674077090478,0.006419165905888995
242,0.007795228450815918,0.056406262845664225,0.006128538241930443,0.9186389257043253,0.0019295175174756213,0.007245916363268569,0.0018556108765200227
243,0.35125631540916696,0.05670400803672909,0.27812969054175707,0.025159161706144136,0.22493474174611988,0.015728557619694643,0.04808752494038819
244,0.3466306509021181,0.15680899076025648,0.05611830296374656,0.01799432607400469,0.22370998295112732,0.013698064101104865,0.18503968224764203
245,0.006438211833649536,0.008623722202314244,0.010836206365422507,0.037338393544709435,0.006446375831509474,0.9228943213239056,0.007422768898489272
246,0.00927713625889455,0.04963411757187428,0.016390683844677834,0.05869921505545339,0.0132911836683277,0.7917477990813084,0.06095986451946376
247,0.039912783157170256,0.4611124249884587,0.06052866616461562,0.40517057283263547,0.00509381805639286,0.004921759828487325,0.023259974972239784
248,0.19355466310620667,0.0762052399845333,0.34942055447419645,0.016274332762412327,0.26468646118994144,0.027271808976039945,0.07258693950666986
249,0.009584877457132025,0.680304921376233,0.006706817275884203,0.2617669226819544,0.003609177103252416,0.01028968327488327,0.027737600830660715
250,0.03544178052670384,0.11567139981315129,0.030272121510817228,0.5283294806761223,0.02038944363752131,0.13403013574351746,0.13586563809216656
251,0.016972532227602765,0.26143557717397226,0.04401508747453406,0.6399368711382774,0.008322590392403862,0.012434138984159458,0.016883202609050248
252,0.09956399447551581,0.09659885902217116,0.11627442002631186,0.014034836725389774,0.26901632008683346,0.11951994236070787,0.28499162730307015
253,0.06399437533791812,0.09047398767943818,0.46643828515970015,0.07542689920465992,0.12404353995365698,0.1494599321072922,0.030162980557334334
254,0.057690362453725184,0.4969272617336166,0.014728425037559473,0.1344847346138048,0.021689249467265144,0.11742868726010422,0.15705127943392452
255,0.0690802022917207,0.06487233717023967,0.16727550232219,0.023120233262013307,0.3291603618193438,0.1640218371642816,0.18246952597021093
256,0.17944210001646801,0.32138458073999904,0.15513626649108533,0.0441167414866875,0.1076243193500979,0.07672972637734272,0.11556626553831946
257,0.16413030130338452,0.06757632246386287,0.18310493991323146,0.009552065148854063,0.19148715646514597,0.01634200303460743,0.3678072116709138
258,0.10567385846998852,0.25510822679019013,0.14436500992728343,0.10536790139413046,0.1533749843531467,0.1771459472526889,0.058964071812571926
259,0.18041561328096384,0.16751284420181264,0.37550398964646575,0.08033819281482071,0.14150975429278825,0.024712879968272834,0.03000672579487592
260,0.11949478763560825,0.00845612508509711,0.053436246127886264,0.002583545052628923,0.14577505746508387,0.011216431972853151,0.6590378066608424
261,0.1497796500019421,0.05210036790007731,0.22798552275676479,0.03105832881346477,0.25118864137222574,0.18140224617655804,0.10648524297896722
262,0.13988485334678424,0.03378330895217271,0.16673905267669636,0.07144912992269785,0.10365289619492415,0.06534643165185741,0.4191443272548672
263,0.023292917981262477,0.2617013796164221,0.021127377512986947,0.28273681735962397,0.02284681961783248,0.1691705812188568,0.21912410669301519
264,0.20214055687837984,0.02199970102787964,0.261994697665033,0.01340654792311174,0.24789449891830073,0.09555599267102713,0.1570080049162679
265,0.014486266544112258,0.23206370018790506,0.04313092165607425,0.613486913935372,0.021046617994413156,0.04646970638079824,0.029315873301324995
266,0.21468220219424894,0.01748141884930567,0.04828080999688882,0.007027568613038468,0.10329055436872318,0.020849860334200443,0.5883875856435944
267,0.148253511647136,0.06045276177683752,0.06293497246525656,0.5116342801618994,0.005874420772807682,0.20645923940472458,0.004390813771338256
268,0.11329103316875418,0.1340325768093583,0.20259933306819589,0.3522896254917085,0.036819189947293086,0.07208434640623165,0.08888389510845844
269,0.04079883947913705,0.015681290713762716,0.3735125023897396,0.007820921318730342,0.46581966737588737,0.028924617833312332,0.06744216088943064
270,0.15248476309577014,0.049420115941847184,0.2973532246642609,0.02750732932481781,0.16341382255727083,0.07988804955301614,0.229932694863017
271,0.23004331500825867,0.030266559615088028,0.33715800580251676,0.007593877174682853,0.37593104707397595,0.002995005972857615,0.01601218935262013
272,0.23776263795073374,0.03309510189476713,0.23235238393829305,0.024748876441573392,0.16534233485293554,0.04692131463217041,0.25977735028952675
273,0.029554643266767218,0.10537990363314002,0.025730204356802133,0.7546410792047242,0.02595183175007575,0.0463573002330551,0.012385037555435605
274,0.008542902001605469,0.08854017296564498,0.005229012809486667,0.8853694023639458,0.0012746547484027084,0.005760027389566068,0.005283827721348445
275,0.007267554761830173,0.2628042273210179,0.008999257950533485,0.6875270577309376,0.0018869918627141915,0.012073977746910339,0.019440932626056378
276,0.24263585604963184,0.06027595206698144,0.1823717729555503,0.049612534530566896,0.29791536877918745,0.020860213351875757,0.14632830226620638
277,0.0891501138576397,0.10847961701715776,0.024580365203861202,0.06329181890628122,0.033625358026007614,0.5967786167196925,0.08409411026936009
278,0.07653272066165412,0.1602467687217551,0.034139854604834936,0.06074736105113624,0.02914949037273512,0.5289551040902731,0.11022870049761142
279,0.030700768494193943,0.6772514724960174,0.04325082790517146,0.2287284987443246,0.00673637519484446,0.0036085593231022567,0.009723497842345885
280,0.02582456830407116,0.23079362883861615,0.023490409773505912,0.17811366199981502,0.010385380726114066,0.512943271324765,0.01844907903311265
281,0.22352165475354888,0.03166542636299457,0.25830332397312444,0.03566269432707287,0.41793958755355165,0.005543361771109462,0.027363951258598203
282,0.22947496403744552,0.02708316363552109,0.18792529940030522,0.010719261281078704,0.3197827563039183,0.004588932558871898,0.22042562278285924
283,0.04770895264795717,0.20618420181097669,0.048823415484748584,0.08259232195258912,0.04251401668982437,0.48658614773263487,0.08559094368126922
284,0.1660419982204605,0.025404328179353813,0.37108094311754497,0.008517789139385187,0.3316033007023028,0.033788054110627706,0.06356358653032504
285,0.02535474098116778,0.1363407621381149,0.017274140907146872,0.7960519114937266,0.0034589101471682636,0.0072439658327551615,0.014275568499920422
286,0.11780237021706703,0.08574591968371266,0.2990953151495483,0.02773692958536404,0.3108678716588137,0.018809668923811022,0.13994192478168324
287,0.12306603737027452,0.04796282139591092,0.12026804359704628,0.006387063649916201,0.5506128201502845,0.05129898775848825,0.10040422607807928
288,0.09679420651331334,0.21020970789499197,0.23885743910807378,0.21634688368607574,0.1673227741181062,0.02219461534983212,0.048274373329606865
289,0.18839061745694777,0.08970259771089177,0.29222205605914087,0.05462400126679899,0.12906228428124505,0.22898185411383146,0.017016589111144096
290,0.12815307671378565,0.012269202956230275,0.039278316970222764,0.005691899664495227,0.0826732751250202,0.042995436185383776,0.6889387923848622
291,0.08392238842536279,0.10577572122065777,0.09470180045003151,0.05265697526810005,0.07925624700158326,0.37579603997744815,0.20789082765681646
292,0.12161130875323449,0.0687579510136579,0.29073755627026887,0.04895371686173895,0.12666557715128468,0.21618711073794739,0.12708677921186776
293,0.030762100328238885,0.1871778286242535,0.0947683555204766,0.35434923306755894,0.0409972904897147,0.2614568265573848,0.03048836541237256
294,0.10273531138657899,0.2705110607951073,0.14308399968711458,0.06292162076117148,0.12880175929094587,0.01612796613075614,0.27581828194832564
295,0.049009963561905304,0.3840476226913053,0.18335852108703016,0.0627824696725843,0.09197612300341682,0.0396368481728666,0.18918845181089144
296,0.41458774399101594,0.01453581667824538,0.1728472293229484,0.007394560004962171,0.11642893809339958,0.09101649868814574,0.18318921322128284
297,0.33831045588993514,0.044196142806512934,0.17701589253730501,0.02772951068597817,0.25344681711338496,0.024329153366135538,0.1349720276007483
298,0.1121744661509935,0.03766233699437579,0.08589734646301132,0.03353283913163958,0.24691267779709478,0.03424208241190463,0.4495782510509804
299,0.18015729182411522,0.1398374433314707,0.1416842249286164,0.026553415951318975,0.29003253197498,0.13776921129865174,0.08396588069084701
300,0.08349193489550279,0.27147070783147004,0.13042208329865,0.33090167503255186,0.010087456418145315,0.1571947475759856,0.016431394947694335
301,0.01752903095165644,0.7852090513765604,0.025592888456774154,0.15597600259198208,0.004455323443401183,0.0037668778158410398,0.007470825363784811
302,0.09083483869598394,0.06632636309138092,0.17524139600704278,0.016143175179552792,0.5536608439295294,0.028699840154303928,0.06909354294220604
303,0.48241817491270755,0.017889835430969708,0.16767356696207086,0.0040401382258042455,0.27221931177037306,0.0038290015156131644,0.05192997118246141
304,0.006310886927136652,0.0040279439237383245,0.004720648453062773,0.0032027864550303042,0.0058983037107438,0.9260635644445407,0.04977586608574734
305,0.07130753515686246,0.10206870140479112,0.364419323663317,0.027139743667082307,0.2539034304810281,0.08717989904755422,0.09398136657936496
306,0.01283985880608526,0.056955763086683285,0.050858228083095126,0.048155764873319844,0.03129754847263429,0.7818840402160872,0.018008796462095123
307,0.048208541680032926,0.22168638584720757,0.0554168823155726,0.48748708244669087,0.029782885852996634,0.09420618540425685,0.0632120364532426
308,0.1478788642626147,0.04084387828804338,0.3685247605279061,0.028970851534061825,0.2556238691696612,0.07125475758912089,0.08690301862859195
309,0.06278095739648265,0.01656901205821499,0.6775477144083013,0.008333170249203242,0.2189954963365368,0.007115747376706777,0.008657902174554314
310,0.020581491577330253,0.7901435089515724,0.048892609664683194,0.0837281277805804,0.008099354704205142,0.005329252559846885,0.04322565476178174
311,0.005698682845162456,0.10505377409707081,0.017706967753900914,0.8565336116080287,0.0033828184939073995,0.004056714425813769,0.007567430776115868
312,0.3516007780389542,0.07055666465777717,0.13408756508469288,0.03426533244158457,0.21944771943469946,0.0340506470187103,0.15599129332358147
313,0.0037622835170121926,0.0011220482371629772,0.003197852119886943,0.0015919505845349569,0.0012096216794598533,0.9697590633606616,0.01935718050128148
314,0.1516453895462758,0.0688496816964176,0.40129225966678517,0.03513009163427016,0.22078939014837773,0.022640800440209694,0.09965238686766384
315,0.011229921761560928,0.21044315643662692,0.011894416275032385,0.7352212201095034,0.002470806546603106,0.01790241765484762,0.010838061215825584
316,0.01174809647418559,0.020019303371599278,0.03164836233333405,0.5876320406403923,0.0140512189226606,0.3217780068956307,0.013122971362197516
317,0.18456788983379935,0.11530546660804544,0.22339723228706818,0.01784231519304237,0.10092446244749471,0.12939130628250123,0.22857132734804866
318,0.09605715616298677,0.004722892962199199,0.5447842755065274,0.0016180383206195442,0.32987232357274804,0.0018694257574127632,0.021075887717506344
319,0.054699056117422096,0.1011065048751488,0.06009635191653138,0.08838039365859789,0.0823385266493744,0.5200302524967368,0.09334891428618848
320,0.16513013865228407,0.15422599100774098,0.2669419294755773,0.11385162113905185,0.15714243159342953,0.022329670283606183,0.12037821784831008
321,0.21632079504702895,0.05926937720735148,0.25186016569709174,0.031160587527380056,0.2635008418711054,0.1513250318924989,0.02656320075754346
322,0.10939106292163189,0.05886413300677127,0.6252197957237616,0.03474476959177701,0.14004248753689083,0.008733846254712425,0.023003904964454962
323,0.25405310563920547,0.01488762260238643,0.33031834726355436,0.007597066307386306,0.2486814786090358,0.020230279191845082,0.12423210038658661
324,0.17412219537736437,0.08326903685122654,0.18750876375888845,0.04187680834352372,0.40391274036730473,0.0318073464724509,0.07750310882924119
325,0.08715249293827135,0.3062164583301933,0.33655152281181167,0.09222755408486713,0.08344487184144482,0.011594018823577721,0.08281308116983403
326,0.08442681785900402,0.18909584645015387,0.09287317799307326,0.0762228544289418,0.19914062701256657,0.1233251418159091,0.23491553444035143
327,0.1531086701070225,0.10941040238487876,0.13142263308137223,0.012816328477396683,0.47472027360157465,0.018983438483156704,0.09953825386459851
328,0.012118708272386652,0.3765554159745485,0.042196287781952446,0.332663171108702,0.006402526271670277,0.22392411292637532,0.0061397776643647975
329,0.048823045965454524,0.01074446798645021,0.00753631583676322,0.002446818496608598,0.004588639777995875,0.8988522274957378,0.0270084844409898
330,0.16151028637538373,0.046420189553144135,0.18466270635290585,0.015685969580274337,0.1819553661103793,0.22416200942144976,0.18560347260646287
331,0.22795567097739702,0.01328012229085412,0.2576488092608926,0.0444141471446747,0.15015561996476334,0.21968340074560416,0.08686222961581402
332,0.02348540235821659,0.24929919029120678,0.02030893831011687,0.4890709980562643,0.00924155364798578,0.004636333354054304,0.20395758398215547
333,0.12757357485065315,0.03521485068758988,0.3425818088998077,0.019067548418201945,0.13687174216169168,0.02513251940942644,0.3135579555726292
334,0.03194945895043026,0.1962910970757212,0.020101218952528678,0.2353582838808182,0.016219870161879812,0.45128226080174727,0.048797810176874526
335,0.23679188949219004,0.006519591331701944,0.1984521195035028,0.004089033954611401,0.49160499631215604,0.029039996701363657,0.03350237270447404
336,0.09459007677841388,0.0842033723072608,0.16008155591590642,0.07562491854023581,0.12670658054037828,0.2392079060807481,0.21958558983705667
337,0.06906260920810033,0.14105281377051962,0.31018320518477416,0.15054937747863717,0.07349524028453731,0.22761381147756862,0.028042942595862864
338,0.24095657434256204,0.1169037631685147,0.13031447867772666,0.05507365680474914,0.03758398521923377,0.3573646467362471,0.06180289505096659
339,0.06409186397520092,0.14430184370922616,0.27752714449431626,0.27553477712554125,0.05181178617963302,0.062272673928933556,0.12445991058714881
340,0.10982790265157405,0.03521052589218799,0.09744028299519407,0.030542151982148658,0.1043014558912044,0.06872154446436188,0.553956136123329
341,0.07195621974514076,0.030113254012968455,0.5705655105598054,0.036957171275345646,0.10858461162385238,0.1437666882010788,0.038056544581808606
342,0.02222443175657588,0.4782611426627657,0.04576019864389443,0.41972328679709153,0.005918897744315891,0.017264802693164615,0.010847239702191886
343,0.08487683145418849,0.4179455254216857,0.03552289323212126,0.440138658428206,0.00596920883663035,0.010987264903007684,0.004559617724160523
344,0.2044039584657952,0.06743752010298568,0.4724002873596028,0.02336016576790037,0.15740694353104567,0.01708510327119248,0.05790602150147771
345,0.03248586697515253,0.1213447737450433,0.01663823590826166,0.20911083886538134,0.013405997385861268,0.5926362520219877,0.014378035098312241
346,0.07810610052844019,0.12608837736312867,0.13985806253334196,0.019385791371850297,0.22894969444879018,0.3372589413582091,0.07035303239623965
347,0.23252689683172525,0.040944486050627595,0.12391012286327889,0.015312288010629902,0.4273287377242701,0.03861654302814986,0.12136092549131841
348,0.20543946150795683,0.006614382907270358,0.35804231739065984,0.0020353177037817547,0.35775934760322875,0.0049056689812284745,0.06520350390587386
349,0.2681839405470733,0.1454897852903815,0.20854131561511097,0.0237415997440207,0.17475999465728392,0.017745748105168806,0.16153761604096067
350,0.21301537240846788,0.08892237312832355,0.27847481860785156,0.034667808806686934,0.3534921893835704,0.010464110291781317,0.020963327373318345
351,0.21294241283384324,0.006221518328432864,0.35437673818115695,0.004077164749872525,0.1518633162942026,0.01152542738751935,0.25899342222497246
352,0.2394540302168235,0.07455867276999739,0.05154316383443347,0.009479540816418497,0.46702830228826286,0.08664358811496499,0.07129270195909929
353,0.24074105653600725,0.03175949452967496,0.16882216462245975,0.02698013755465133,0.2675802140272882,0.14748035713705634,0.11663657559286211
354,0.2454046460380102,0.10001399118267322,0.18365186890254423,0.07405281747894656,0.18092573506940304,0.19025601971711978,0.025694921611302917
355,0.020059923800899018,0.24348702121530708,0.01898375945762749,0.6795079168255882,0.0070846464653812335,0.011795395045216182,0.01908133718998087
356,0.10910306850872646,0.011549245337330849,0.27834707749485943,0.011505998540753681,0.16847004208586802,0.04036502540857221,0.3806595426238894
357,0.007570505515295317,0.023329694375452143,0.012421767639058539,0.10577932776928811,0.00845131680033621,0.8336231710083579,0.008824216892211934
358,0.2794237003846524,0.055602959685933026,0.05281540198922656,0.014008015924972032,0.1386748317671302,0.045578399623635066,0.41389669062445067
359,0.03074758940121893,0.2086432445698036,0.07894554128931512,0.4552083995255852,0.009335905815377061,0.021297680846896705,0.1958216385518033
360,0.32969912523324574,0.06859985535307456,0.1169059852356229,0.031112120355101386,0.23306616263378413,0.08589725838003086,0.1347194928091404
361,0.04243637858927379,0.08071314856017178,0.4609163585870505,0.21803395703229828,0.09421313427032563,0.0360409630137626,0.06764605994711739
362,0.11222249614699494,0.0859212032944863,0.37364170295439475,0.02644321587276003,0.3500414868744646,0.018291005200972425,0.03343888965592694
363,0.3398036787812229,0.02566192460427132,0.09695842553863979,0.00788283456735737,0.15166793733066367,0.009501942941168967,0.36852325623667603
364,0.0018326466008093908,0.008795384391369203,0.012651495927633857,0.023182210879514296,0.0057545487045202685,0.9435352305532433,0.004248482942909665
365,0.1893849281643496,0.11840296227664707,0.1531374546112443,0.09395720217564449,0.07325044696717424,0.19705520401642618,0.17481180178851413
366,0.10709426748275208,0.6112748253118262,0.12641567775401508,0.05387938754573507,0.013342675316292078,0.01485614693901172,0.07313701965036774
367,0.01003617059270654,0.09581002842401094,0.024179133057902404,0.8409377485898826,0.00400154766906258,0.011552976831274087,0.01348239483516087
368,0.04425123682712844,0.19834583520628646,0.07883440638539173,0.029909760091853387,0.0967186350386259,0.4971934108074758,0.0547467156432383
369,0.06617373362528829,0.21843664766251294,0.19069811532087286,0.346112440532333,0.05485434336514017,0.08936664456294396,0.03435807493090881
370,0.1416154836413613,0.055227410785060584,0.15158545276395832,0.04691756148209168,0.11920448826005572,0.24076464066836617,0.24468496239910625
371,0.5488939705419049,0.0694547891530958,0.07220692912819753,0.010277670454711927,0.02819704637360775,0.2007981266915039,0.07017146765697821
372,0.10493376449767926,0.5640703026629691,0.18769098861632114,0.07586734294715529,0.015295255848422482,0.025451667799318935,0.026690677628133784
373,0.5014170961364561,0.06422068399151856,0.2983011091734006,0.023678202172129348,0.08615636322680643,0.008919953480313369,0.017306591819375494
374,0.16945315096258717,0.031458529544538226,0.12026376306351508,0.005508477975287595,0.11801041028431898,0.016917373217679468,0.5383882949520735
375,0.19558124938444132,0.050246761573792084,0.27731513870813984,0.014096404809919336,0.23124434636782992,0.0609372392208742,0.17057885993500324
376,0.16913441122969297,0.02816859375484356,0.217087641253808,0.03564133523030958,0.14828112599247595,0.32470152347812725,0.07698536906074273
377,0.12355263445824918,0.014066049672239359,0.09111768075223914,0.019924985287702167,0.3800008035094917,0.035087833304582275,0.3362500130154961
378,0.3336435045053765,0.15570482158914745,0.21241319947767626,0.037691570375415775,0.14189319432340847,0.03629346112212728,0.08236024860684825
379,0.24697754095188654,0.05806786552871982,0.09107535199878167,0.03393227957592066,0.15631189125071318,0.2235587924859551,0.19007627820802306
380,0.07908829809132699,0.07883450543467395,0.07694477384027164,0.04997279681652037,0.10131924073594341,0.22426094979746486,0.3895794352837988
381,0.19910638763256072,0.009972675737820371,0.18212383926022413,0.006888574760355789,0.29576139968514786,0.0073729576573244235,0.2987741652665667
382,0.21791153211516173,0.014337865510326078,0.1962313437131593,0.01292399381938152,0.2185390993852309,0.0049378567554578,0.3351183087012827
383,0.21990138320592734,0.028436532319483853,0.24686034896124126,0.04162375913061547,0.42836211909916566,0.023391143913351668,0.011424713370214834
384,0.19655354774968092,0.1117591848960503,0.18874067683438564,0.048140889709601745,0.37640835889926,0.031097998870695993,0.0472993430403255
385,0.1660985635948815,0.178628736120368,0.12341994056731816,0.05636480332634748,0.12394511879891568,0.03483776968994931,0.31670506790221997
386,0.06270997139427051,0.20837139826309178,0.037773570463730484,0.35788052997599384,0.010021959019550802,0.2701161511841014,0.05312641969926109
387,0.19358200666388528,0.1888561151574582,0.0726614708923216,0.36973176595583335,0.09023151175059113,0.009502469133695617,0.07543466044621483
388,0.10464291057604973,0.07517911645141408,0.3376502677058074,0.026791314883089105,0.2623787318722698,0.06499251662395246,0.12836514188741738
389,0.07810216014311797,0.1452127822112678,0.11995395461023509,0.041396491853723655,0.018059813489625015,0.5788093582586106,0.018465439433420026
390,0.32201329715252325,0.08395054581129946,0.15248918426699437,0.017490431790248073,0.3437578142278169,0.009971361575387958,0.07032736517573002
391,0.2968251253366851,0.07202424626687462,0.19557544089720366,0.020280916065411443,0.3856168497622154,0.013784716206467543,0.015892705465142196
392,0.10254747048440312,0.27583476435626186,0.2062555945164998,0.11014596408064345,0.09686683476808967,0.08177382608717099,0.12657554570693105
393,0.05240725053979406,0.31202693514829016,0.03196714214256208,0.26895533022612145,0.03555581858391321,0.22236334688889245,0.07672417647042659
394,0.3291097406277895,0.010964917710569715,0.24010916715224634,0.0026908228431062092,0.24073457446370594,0.009348908209687225,0.16704186899289492
395,0.007850001884679578,0.1341521969027601,0.010268338128055613,0.09165009139547071,0.0029169045648338525,0.7465978688472719,0.0065645982769282265
396,0.10774443075218917,0.07596543937853797,0.06288234853692032,0.030834970648567144,0.03254884910610622,0.6308643726985352,0.05915958887914401
397,0.0816004300242402,0.16496563207263673,0.244138403083506,0.07366909026224942,0.12085164476923219,0.019263016837794043,0.2955117829503414
398,0.05570732580729735,0.04378797695840987,0.2970021655109504,0.014594593130957836,0.17344270174828008,0.3922337740767693,0.023231462767335183
399,0.1277469815905315,0.05081512849216966,0.29752256375092906,0.004189943085513894,0.24143001803689795,0.03998525417456526,0.23831011086939274
400,0.0010966260851330554,0.005169760584779266,0.002935876892701516,0.035470497923399645,0.0013540401153182722,0.9460968576024447,0.007876340796223628
401,0.014351335276965988,0.186209123765845,0.01450260968288013,0.3678595500080721,0.010316285640508713,0.2861820238616556,0.12057907176407243
402,0.11262059210206157,0.03680321131412172,0.15090863371802485,0.09290503138960843,0.0941323754679573,0.12763940772756066,0.38499074828066543
403,0.014807366511501135,0.16179682061065553,0.05005805077671095,0.31042534567341873,0.016707058597401046,0.26166100961054095,0.18454434821977164
404,0.1475737408038968,0.005123514809265184,0.09812803935162759,0.0017749328095502143,0.09061143940712839,0.012480625629568856,0.6443077071889631
405,0.009413118912772937,0.07509899257869841,0.004996834603763758,0.8763127200053431,0.003882490468145662,0.024714019808398192,0.005581823622878075
406,0.06644485921735811,0.12339699224119274,0.10111831205942398,0.015232671806433114,0.07806968752424095,0.5499293490807166,0.06580812807063446
407,0.10898831421285422,0.043944571432110995,0.11975721489644728,0.013314963032201917,0.18610514933790878,0.4916962239471688,0.03619356314130797
408,0.19873421075725264,0.04947160826459246,0.1986353304457301,0.011523806384252358,0.28437212865829914,0.041846505026296145,0.21541641046357726
409,0.23467503503310416,0.09075450040900047,0.24675494225296873,0.01913998191040321,0.1647099659704206,0.04945077590890719,0.19451479851519568
410,0.025596818497672917,0.46996834040706653,0.03861694447455277,0.35675472450759127,0.008188464124515703,0.07439249072434877,0.02648221726425195
411,0.06941438599381126,0.012445893918669544,0.14314160865523928,0.004882053693747814,0.6217845904768671,0.012266649078026751,0.13606481818363828
412,0.04957129204851601,0.08987255336688678,0.09238102503439458,0.5283271459616683,0.0508937686263979,0.10156321915801944,0.08739099580411697
413,0.07828502903899366,0.07908066366900553,0.08176698202819199,0.4548596535039874,0.052846499051907414,0.022881962824226984,0.23027920988368708
414,0.2651292788348659,0.1929647957981091,0.19962974882984713,0.058643273510164816,0.06705677106751406,0.04209933077360025,0.17447680118589873
415,0.15340420562325738,0.04796371110932658,0.22350479016988264,0.03255459669030462,0.29267653379065417,0.03796302752015027,0.21193313509642425
416,0.02088996784010347,0.2072348836241321,0.040303115563690636,0.17919587999491243,0.020848037945815016,0.24846036759518447,0.28306774743616187
417,0.020889508264247618,0.15398108514627143,0.019259989086061018,0.21348596457541502,0.020125887827801905,0.537288857757636,0.03496870734256714
418,0.07823107458003833,0.034494879743920306,0.3317924070553157,0.02869650709503785,0.08495702348788607,0.4292630499073747,0.012565058130426984
419,0.031578704693501394,0.36232099568889653,0.15288172443373732,0.4231726761264687,0.012001092489124654,0.008454139074447968,0.009590667493823365
420,0.025819237439709097,0.6470632594959994,0.15563758598623548,0.05759896397584948,0.061173156490640535,0.009547484247830692,0.04316031236373521
421,0.21688889795751498,0.18363927477273306,0.09941418745733756,0.11207558505014384,0.09678662097060413,0.23416980305675042,0.05702563073491609
422,0.030373313608031038,0.12378745424786748,0.018314030572410888,0.04675119235063243,0.01122807154999501,0.7633229913335327,0.006222946337530581
423,0.0038257260313808807,0.03270935638423278,0.005685402441752805,0.17843986410496898,0.00235873454062671,0.7517256431625957,0.025255273334442146
424,0.018016523231878908,0.6106866989322575,0.030927051517219056,0.3153493633884473,0.006339558933685099,0.013869296556660842,0.004811507439851257
425,0.011650673698667114,0.05202887491482994,0.026977301215843564,0.6531935979322685,0.005533485480241603,0.2262312060053227,0.024384860752826597
426,0.035518866486005315,0.034500086076044455,0.3044449255713521,0.13262147531181873,0.15229510791491344,0.29605141221522924,0.044568126424636714
427,0.1999602382386761,0.37307650828286765,0.049581989379348095,0.07855403416218937,0.04852652352859158,0.1418313352009593,0.10846937120736791
428,0.2684639016992241,0.04788640453410939,0.2269558927127539,0.015746309057859252,0.42185879456747405,0.007759109138356464,0.01132958829022282
429,0.18080810348003123,0.04729800292455103,0.24040257513173852,0.015279358496489443,0.45996844378560364,0.009527504317665423,0.04671601186392062
430,0.07176173533558575,0.39303408531111556,0.2318200558798406,0.17033698057695873,0.05419559924009285,0.04353397916529708,0.03531756449110938
431,0.06796297415851495,0.10698300352681009,0.05091231751156915,0.7142380131527959,0.011510039525629467,0.02115560402574636,0.02723804809893406
432,0.028041369405280646,0.1722135844738994,0.048761821213139336,0.7193231478624493,0.009231966364441166,0.009935639948662466,0.012492470732127687
433,0.007423923777800547,0.36577622502959695,0.0173408549574383,0.5988404102635172,0.00256058187893212,0.0033062100223364586,0.004751794070378433
434,0.05917000446101587,0.017624114265823103,0.14029385980805092,0.013882121699959015,0.2549401180374695,0.18149891946951305,0.3325908622581686
435,0.09246866835880233,0.05047753189718753,0.13437229653672247,0.024716239981064307,0.1658562365737039,0.3047167767423346,0.22739224991018486
436,0.06362483528987348,0.1396571664583764,0.1906443693414794,0.04299853268998139,0.09185248551882813,0.23311542688083162,0.2381071838206296
437,0.038830390000111764,0.09257031770483923,0.07582520852059141,0.3854097648354462,0.024303983692735336,0.0901765141031526,0.29288382114312345
438,0.04388283465505435,0.4592621427123368,0.032073078567892536,0.21221108545459946,0.011214019202873298,0.1544951818324673,0.08686165757477626
439,0.06580048068396013,0.13957900548118543,0.1194566634617054,0.13251780390579823,0.13584051530103847,0.07895374388442408,0.3278517872818883
440,0.04209890449542507,0.08012267358228278,0.04471786962625916,0.1003789728024506,0.07651281597358112,0.4539954897919478,0.20217327372805344
441,0.3089753521845743,0.046241035660920464,0.1672219740415661,0.013137177987550167,0.318382882663627,0.01874601925930524,0.12729555820245675
442,0.018327305605505335,0.38901049837823837,0.01750464987375309,0.40210598419028454,0.013162864452076827,0.11734905130053445,0.04253964619960742
443,0.013256025863828397,0.08804202923854608,0.02601253990169594,0.5402717933803421,0.006047049644463196,0.31892738396056297,0.00744317801056129
444,0.04516394174832667,0.1961671464540471,0.08021709163107568,0.6001839185258595,0.011600373407458415,0.058712197639343044,0.007955330593889592
445,0.11975253872047957,0.04576661358218762,0.07529205642036028,0.019496250500670297,0.18237842827949988,0.31706707564945297,0.24024703684734944
446,0.09909713385112703,0.04473674284523374,0.20489752350887708,0.06405310456606397,0.20304697981999134,0.2664647961666833,0.1177037192420235
447,0.09579009221186989,0.17055012232692812,0.11171564123893851,0.2540758625668501,0.11764290080157953,0.15818873359682076,0.09203664725701313
448,0.10620438184823928,0.3166579114932882,0.36751342346734334,0.03770683453014518,0.11795487619278885,0.008170793439717664,0.045791779028477406
449,0.051375603495864716,0.19796187641200724,0.15805787339348149,0.19453280500338527,0.0761036823905785,0.2603216561632921,0.06164650314139071
450,0.09260300430224908,0.11781623131272519,0.15604997117581182,0.021386331923840197,0.48750004874176317,0.10578266290807017,0.01886174963554041
451,0.08089791525635365,0.24360684316032577,0.2853506900052517,0.12910994638062875,0.07195478842280895,0.01830209683910054,0.17077771993553054
452,0.11685766495484931,0.28945173703007093,0.26871479995904135,0.05015186326025415,0.22947340421427084,0.015822549187041863,0.029527981394471502
453,0.3257286701174154,0.009919828674409107,0.14559811915041831,0.0037129900925684605,0.3829974587408714,0.01674706292947492,0.11529587029484238
454,0.15107749770033618,0.15148668178534352,0.19959147619973935,0.04521339624411194,0.14863853295360407,0.1756004964804764,0.1283919186363885
455,0.1345800626986292,0.0037193634154819104,0.1653574355568178,0.005786859288606716,0.6663149525056188,0.013212121896797071,0.011029204638048462
456,0.014798501475294254,0.17200887716006694,0.015838632195580293,0.7787294619097054,0.003017198865508166,0.013487725423813008,0.0021196029700320607
457,0.06483340130244022,0.11928545663741699,0.08855914640255803,0.008330112526972638,0.0874525977356773,0.6074698356494862,0.024069449745448605
458,0.07577881856238755,0.06162318245757339,0.2815270445129132,0.3545670207275307,0.14220276966050807,0.018365125081398793,0.06593603899768832
459,0.0427234297321949,0.08403695503067034,0.016655818344390606,0.47244316415427523,0.004367596467588672,0.37522726950452717,0.004545766766353097
460,0.18658424470125742,0.16388091390789683,0.2633214591079208,0.04898319942871378,0.29333199861194503,0.018133956334042998,0.02576422790822302
461,0.358162607313705,0.09768660566185978,0.071909210233655,0.06381778263385801,0.08736049066992049,0.1694363436011769,0.1516269598858248
462,0.04710278239640329,0.46336839309159006,0.1099564033411933,0.2397151428417688,0.026185879671654234,0.10157546167599027,0.012095936981399996
463,0.15559572401341967,0.02116382007288112,0.19035018499507425,0.01623209188454128,0.40726137986037986,0.030832369728627677,0.1785644294450761
464,0.030847273571214844,0.17380146414182446,0.023350149418415032,0.43041785723125425,0.025609984608270908,0.019190668408880417,0.29678260262014017
465,0.276372695760168,0.009250626252738509,0.2578497295729165,0.005829078214557265,0.3462536532015342,0.015989897312233242,0.08845431968585235
466,0.005872731843415361,0.13769916835014914,0.0071388248701810845,0.06561950529912344,0.006399822434187215,0.7554960273576646,0.021773919845279047
467,0.02421827237354806,0.04386314677814232,0.0634980388620136,0.8382303150543129,0.006939211332264138,0.019866170105076103,0.0033848454946428796
468,0.16196584095500102,0.0638353734042954,0.04408184290722685,0.7020536762555745,0.01014535477926644,0.013445649504503207,0.004472262194132678
469,0.08143796323685604,0.0966455653742913,0.03422364178915622,0.656047455971267,0.04309101152710704,0.048351594292030155,0.04020276780929231
470,0.08716498033620368,0.05224580552063649,0.05455096682710799,0.05628378503917908,0.0410468100826961,0.6254766894786123,0.08323096271556427
471,0.07419115775962086,0.09958694125025484,0.08852489422374132,0.303177134621777,0.12064503307149484,0.1816876241883585,0.13218721488475266
472,0.2571662139201458,0.1310329495716236,0.23048614670089168,0.1125868381206652,0.06702732818899491,0.024577315662844466,0.17712320783483432
473,0.059877184720220425,0.06428202553035657,0.2504327894214349,0.06043997893714041,0.1891380945170765,0.14247611871369667,0.2333538081600745
474,0.22673410928908191,0.09202968467752054,0.2237646708778501,0.039647663919756576,0.16651892204030297,0.026216758399947682,0.2250881907955403
475,0.05564033398534959,0.29238857078022595,0.11085589420852097,0.13950020733358573,0.1166416454678526,0.022532629074435158,0.26244071915003
476,0.010523485545493993,0.1282796624452132,0.015655961749918932,0.6954133659941706,0.00816837169242331,0.07712475512475113,0.06483439744802882
477,0.10604178960517299,0.07235942689554266,0.10937590087635478,0.022676768468509894,0.10960985997564612,0.268886721607116,0.3110495325716575
478,0.02240412977621838,0.6633497245277324,0.051777351197994995,0.1270789497561648,0.010190162185241016,0.02880942520732942,0.096390257349319
479,0.00505919941631979,0.012314865788138804,0.009784051431392467,0.0245794086701119,0.0022268341707278347,0.9444028991006224,0.0016327414226868272
480,0.07439041106035955,0.3082188156733116,0.13790353649353942,0.3418235069522334,0.0719108670797397,0.034371648095174775,0.03138121464564154
481,0.04858781008435987,0.05062281129396251,0.04654430725064274,0.03427268653044598,0.04672320164806103,0.45181111058869144,0.3214380726038364
482,0.12211223602626187,0.3200815416775076,0.10890023697088709,0.23393233805349767,0.06127391575847642,0.052766029118559064,0.10093370239481034
483,0.22134664802692944,0.13193433216416312,0.20117720754215163,0.09246778406812413,0.13091310276263415,0.10377323379028605,0.11838769164571153
484,0.05550665926200018,0.25883917172518234,0.04115861054328527,0.45248207256612527,0.0204056364289932,0.005163769145300877,0.1664440803291128
485,0.18155489064630764,0.03506814391915482,0.26159229004560547,0.08148989074276444,0.18017202800714519,0.03506333720400115,0.22505941943502122
486,0.1540468017356081,0.02877149542128376,0.14659938077841003,0.017792711316669166,0.32144582917172565,0.015162045068956603,0.31618173650734666
487,0.08662773748411766,0.09766258277952122,0.11543824337831343,0.09918048203130223,0.1620726300726775,0.25184449676840176,0.18717382748566622
488,0.008951651274340824,0.03830852905950749,0.004967015076858988,0.9186531608678494,0.0018618447192677856,0.019150482472740267,0.008107316529435186
489,0.17764444901885684,0.01421139833477727,0.21273291414060447,0.002830264569685207,0.3566415083070262,0.017028003336972415,0.21891146229207759
490,0.08780137846013071,0.12170172311742813,0.3022940746519412,0.2648278835844427,0.12336981630722829,0.051678270251270676,0.04832685362755824
491,0.19624481426177715,0.19372983145223488,0.19270279134860877,0.049187652558238336,0.10844109492024609,0.07885712460786169,0.18083669085103313
492,0.01777032733307226,0.011441686856120436,0.02607369664983804,0.011132025226747517,0.02488086699878999,0.8889675638384309,0.01973383309700074
493,0.19087491330940148,0.026026925632446535,0.4510602905537617,0.004579928937844466,0.2529390725337708,0.030104764853858462,0.0444141041789165
494,0.08993524561663328,0.0864496431036338,0.07259167097487558,0.01917021980533092,0.10210637557391007,0.3118115925612503,0.31793525236436604
495,0.14310639159530142,0.29910822296074213,0.07010023553765128,0.19110340786515304,0.05984093442333731,0.1262345917559461,0.11050621586186878
496,0.03629578166355464,0.16580157102091272,0.04690961693091063,0.42622522699986776,0.00959877361236102,0.2502032524917036,0.06496577728068957
497,0.1908874624405882,0.11670507081367856,0.168302027292992,0.007859778161782946,0.10330027600263395,0.038840087328596014,0.3741052979597283
498,0.094911616900023,0.004592224287706448,0.096656419021979,0.003701563543415,0.07364498940447498,0.006866774471873517,0.719626412370528
499,0.01803339518651838,0.47807674371014375,0.027563112053505638,0.2254669551914162,0.008883901979951063,0.018418324734055008,0.22355756714441002
500,0.33363274685207495,0.11607409392387072,0.09591535549963855,0.019944674144745315,0.38566358340734896,0.007188585520271328,0.04158096065205019
501,0.009182584175389077,0.1863727836290357,0.028171010513178146,0.5058266316977065,0.005394664489947585,0.26012797752838523,0.0049243479663577845
502,0.04271482419855607,0.5355032507786752,0.13859112930694,0.2007392050433668,0.02105213164336893,0.014473273894357847,0.046926185134734996
503,0.08039956202154722,0.20676673263586257,0.06259825418023228,0.05778228230205418,0.05067501042475657,0.31579227660828874,0.22598588182725848
504,0.06667176242064952,0.0793806732632762,0.1888588144089628,0.33847485950700323,0.13029660846278832,0.12148283266395801,0.07483444927336186
505,0.22470088595515175,0.0025860601876675085,0.0680518455103179,0.0010785062794822129,0.13416228556232757,0.004283863748829994,0.5651365527562231
506,0.22760851551321895,0.18840557511417608,0.1489421278735324,0.06400654386618253,0.12011429416702324,0.1678162900129197,0.08310665345294707
507,0.12741239855065029,0.34269105974816083,0.2477089889908024,0.0726925274741822,0.07832011590342348,0.06517278319792819,0.06600212613485247
508,0.10922113253241816,0.018519135110191827,0.33060447224538314,0.007511969302773899,0.4505621298928544,0.03734091241161832,0.04624024850476016
509,0.008538729182636328,0.2749666520890359,0.011457000231764726,0.6874101135029346,0.0020432501675473657,0.006055257359890843,0.009528997466190273
510,0.15790773652435294,0.18820187676066885,0.34937726502013206,0.03292983808094009,0.15310261684957935,0.00603687498562182,0.11244379177870494
511,0.36729459394244085,0.011322295639975565,0.20473889901529074,0.007317794543580081,0.25929216840227665,0.00840244719636405,0.14163180126007208
512,0.05518006008896035,0.2089135866215638,0.05083055132112444,0.1616629896762628,0.08636072765925891,0.22444805626570127,0.2126040283671285
513,0.34281921266401005,0.030896630567828744,0.12485379633378431,0.03874753879931362,0.07889650956168226,0.2790611331855306,0.10472517888785042
514,0.208593696197016,0.0033706049257423596,0.1256728517251327,0.002361700670600501,0.4864386764939514,0.015164250434372412,0.15839821955318462
515,0.03227966275406454,0.11185301699502714,0.06101741999977326,0.4103660045403452,0.046527700176044226,0.2585396713807711,0.07941652415397452
516,0.07980412819368946,0.003901310313445921,0.5216667973376481,0.0027060473990665837,0.38334401339048907,0.0013481343269821165,0.007229569038678765
517,0.0851949548621636,0.27958356146759433,0.24585644397857348,0.21784253961621253,0.03618982792536836,0.00824263199464428,0.1270900401554434
518,0.4814034958957124,0.03671926474833116,0.1180982578638051,0.004847934097967654,0.25771712066008445,0.0158196714294122,0.08539425530468697
519,0.3904998047321681,0.11486854086774152,0.07489750238047431,0.06501632405296273,0.06586581463448637,0.10457603432369056,0.18427597900847634
520,0.16322791476275564,0.029481840569729977,0.5131486633006054,0.040272003713857134,0.1485224355779558,0.018667288400371056,0.08667985367472499
521,0.1824960696321289,0.15544325151144195,0.11436401029740877,0.08166513251269711,0.043444382575524784,0.04520578256285434,0.3773813709079441
522,0.01984485340637255,0.196128175799494,0.042332483901293065,0.5718897414443408,0.06914712005166164,0.028768350905184363,0.07188927449165375
523,0.12377242444290293,0.21289108996522157,0.07156330305277356,0.2634739528059053,0.08855074006365808,0.11013691292771537,0.12961157674182316
524,0.052377118429880035,0.05296082817456493,0.18085182841267433,0.026667397767242407,0.14835593097021307,0.49581963340515445,0.04296726284027076
525,0.09718603149796205,0.05787531947439337,0.25266615093366634,0.013640085623461213,0.37598102488845014,0.16585903095443819,0.03679235662762873
526,0.1629651303945156,0.07991204601355065,0.15959815162745664,0.019640671798402114,0.15515324972405856,0.11538137215057576,0.3073493782914407
527,0.29629422253577775,0.035191285702600834,0.1187237762566727,0.100849289550313,0.13989683537883957,0.19344424226120116,0.11560034831459491
528,0.29017330921786566,0.13355220065465953,0.06252108604585523,0.08307609866550372,0.03853969130934396,0.24614014318430902,0.14599747092246282
529,0.09654854035010416,0.241581510248506,0.06757724049119493,0.14775378108148055,0.22238757332295975,0.10003957320934483,0.12411178129640985
530,0.15864919313749298,0.16599444262419663,0.0745656422694589,0.134347876311476,0.37426628824261926,0.045074705399680705,0.04710185201507546
531,0.10852106304041145,0.33085368063261406,0.24443639786602792,0.24579471238476724,0.012888037096145527,0.019767945496253696,0.03773816348378005
532,0.024558037094622065,0.19780935304673344,0.019104508395530066,0.7159248762149366,0.006187800627367672,0.031538152666154756,0.004877271954655449
533,0.16973248045721723,0.21262494513403488,0.09426128203656702,0.0900963688657035,0.12297402069166305,0.03381771240016316,0.27649319041465115
534,0.03382330175765029,0.41968518547987765,0.15313358192691634,0.17812435950300937,0.06958544144968434,0.10535776215748978,0.040290367725372346
535,0.2894912222138674,0.03676173257337786,0.18086661944649426,0.024330802749255177,0.43912344848393625,0.004409919443506634,0.02501625508956225
536,0.29439391611652005,0.008219077554902294,0.19785904079454084,0.008840397281960611,0.24168866364636857,0.02845588329441265,0.22054302131129497
537,0.2599066242296309,0.019518193808705675,0.2251462477301755,0.028216602500511334,0.3188888022800063,0.01700450427199941,0.13131902517897082
538,0.15515168129312773,0.11197401214181624,0.04250017797010837,0.09952705375445141,0.12460012052104337,0.11581201526051407,0.35043493905893874
539,0.05862265451953247,0.02796003768197027,0.1611629016730841,0.025146768823078584,0.14623883821100017,0.49084769437350795,0.09002110471782639
540,0.1916805244748805,0.07142860724450986,0.20653588475697426,0.03792231513234487,0.2345556257578269,0.12410810580654727,0.13376893682691635
541,0.08787837792409606,0.026213263445772426,0.4140490136852447,0.02522413120862016,0.3694169056804343,0.04647781311524167,0.030740494940590706
542,0.17403738850652992,0.018624952823450273,0.06518168029707268,0.01841840698126966,0.08248330306548915,0.10607124262311891,0.5351830257030693
543,0.0586655673086031,0.42439468163703503,0.32762389617931703,0.06552376009190639,0.024611766824795194,0.0052291964893330534,0.09395113146901031
544,0.29588350486065124,0.012714726557667675,0.28856279228581866,0.019365222821953392,0.35908621092353493,0.005613749114208365,0.018773793436165784
545,0.10630287733944825,0.13603954218657097,0.07937076046662236,0.021012119487033798,0.37065471309846815,0.07200431860878179,0.21461566881307464
546,0.24258111032188587,0.06986678018449058,0.2150239272791859,0.025034795379687315,0.34126362336914784,0.008507958085659115,0.09772180537994335
547,0.13298386160931525,0.057579255880423716,0.29139110818479413,0.07352081834974997,0.3399255155034643,0.010058840512161283,0.09454059996009137
548,0.05424617166673236,0.09460791361209075,0.015581708017501592,0.014522631071345517,0.010223050833836898,0.7987465939470738,0.012071930851419135
549,0.20683796350371705,0.06893437895502909,0.15093029924764273,0.012847246777607808,0.2866664176359952,0.19505439749718473,0.07872929638282336
550,0.04843033261546732,0.0796001746074367,0.2325718481979679,0.17468487551204642,0.1686140287978631,0.08693436105753118,0.20916437921168737
551,0.11964198558842895,0.45656055373612653,0.10776186983923378,0.07855165727057531,0.1765548848056772,0.03555981200795646,0.02536923675200184
552,0.14497090560883327,0.17073296946648803,0.2553344033140119,0.06267425182249735,0.16904825052219694,0.11005624870136713,0.08718297056460529
553,0.018056641148494694,0.4415337046198534,0.020678392455486094,0.5051618005623767,0.004048157565300144,0.005488291108431749,0.005033012540057171
554,0.0049989899587639655,0.38981445178053126,0.011676927787004994,0.5803122202027113,0.0018431643577380198,0.004271239889886179,0.007083006023364183
555,0.1338849753436714,0.13050837370432622,0.08610780149874833,0.010342122473972983,0.06358205049914929,0.1342577659742116,0.4413169105059202
556,0.1884735386605792,0.015925419547867973,0.07123347566551802,0.0071129842006334735,0.1012570674217532,0.1092562946921574,0.5067412198114908
557,0.15098471369895658,0.04722821008099933,0.20459615924832047,0.04038831716471716,0.09041871643803004,0.3152598093798224,0.15112407398915392
558,0.515708033793102,0.010388041158389061,0.13019697537284652,0.004450428844541477,0.15991135224719039,0.015926337955478966,0.16341883062845158
559,0.05631870512193134,0.12279284413803544,0.13959221428878127,0.05608415879340747,0.12078032790740252,0.33376469215548477,0.1706670575949572
560,0.22932858506394416,0.015070234696042642,0.24160577283827242,0.0035752155649880343,0.4537909100811472,0.01552488017730939,0.041104401578296104
561,0.016396744783349425,0.3622004055264693,0.06175352484781428,0.045958472531371405,0.09204308690547629,0.06383525225380464,0.35781251315171464
562,0.18822972697857843,0.0823575292645361,0.08027328128230168,0.02316628008972125,0.4068770422456379,0.10115023917863053,0.11794590096059414
563,0.004808044961110498,0.054335162764151276,0.0030251281302872894,0.9043736480840835,0.0023036215041892065,0.028539537573847522,0.002614856982330614
564,0.3168083605514903,0.026738047521148077,0.09563381105024657,0.036656303714701514,0.07421802050714749,0.14195708219240363,0.3079883744628623
565,0.17592234794959655,0.20346671243552916,0.24781607253775154,0.013029372142014706,0.1745924551743378,0.020228003709652782,0.16494503605111746
566,0.07626399429988442,0.013345089130917712,0.23793696998313413,0.01030915766848826,0.1293971280383946,0.026315884618058914,0.506431776261122
567,0.007105923743235804,0.009864709402378907,0.0015850947855467784,0.20757534991138024,0.0013209050034616982,0.7660950566937748,0.00645296046022182
568,0.15426827223656003,0.03848013444430857,0.21882205092026244,0.021940352844185655,0.20459869846596562,0.19737881424381054,0.1645116768449072
569,0.11375851333561278,0.10415008506335702,0.26458137448160085,0.030169897750670506,0.2175026646971569,0.08308453053802067,0.18675293413358124
570,0.5331791919012105,0.06201150633433028,0.1009854476285521,0.018265845772995358,0.1013189198979774,0.06938311625823088,0.11485597220670356
571,0.05637108753240638,0.0047930383316884175,0.04158439369779518,0.0015961757620355746,0.1175877349003229,0.01906615355551526,0.7590014162202363
572,0.24795798426066162,0.03715338342105648,0.14558773868197747,0.01186989307078255,0.10013278737207743,0.4113457548686048,0.04595245832483964
573,0.13073331946970831,0.24993148428654494,0.07384499877822234,0.07120725131610717,0.060561049025236624,0.27762105886936583,0.13610083825481473
574,0.32159911386845086,0.03100423293962935,0.29877944890213,0.023220761667235666,0.2832851794745574,0.017601886895532888,0.02450937625246378
575,0.003659615720298164,0.18835703699281608,0.006204260133029966,0.7705529900419212,0.0014784105430258982,0.005329907398905177,0.024417779170003477
576,0.2386848732722414,0.05639574314622582,0.1805587016242428,0.1796131763524212,0.2593837142506818,0.04205023214890265,0.0433135592052844
577,0.02293791291658086,0.29063351544329924,0.019696555589320448,0.491437306399812,0.015886443820089503,0.11544435859504247,0.04396390723585544
578,0.07711193160275934,0.1774742749566231,0.27295077164807663,0.14185814229484883,0.09526295464799388,0.026009141939173985,0.20933278291052426
579,0.006517451858601184,0.052530893867016426,0.00770263516581878,0.8728028166604668,0.0018598676427720705,0.05378421834954504,0.004802116455779727
580,0.013742415391321813,0.055906688294353746,0.028156624150497134,0.251043264280152,0.005610130870891635,0.6433953808897146,0.00214549612306892
581,0.12441040255662816,0.02481181003422426,0.3223285363394142,0.01239762533668733,0.29632528731596386,0.17322715448838277,0.046499183928699415
582,0.010837320229266329,0.34957995143362475,0.017783016618535485,0.6042470066104313,0.0023947521370925474,0.009306203200248886,0.0058517497708007685
583,0.5660167353416823,0.17464744447730093,0.06565817381091611,0.01211464114265047,0.10366735982666704,0.025176253122214227,0.052719392278568825
584,0.14950425860306463,0.035232876248860207,0.20555226810722305,0.004515537619837258,0.45481468573404404,0.034134537874574586,0.11624583581239618
585,0.1952502029008453,0.038790717438629115,0.19157641721428895,0.02769891092215914,0.3001511557972481,0.09227305836459379,0.1542595373622356
586,0.0540201500054997,0.06676505660298492,0.17395431979297896,0.04268896818534053,0.07308910182247393,0.30643695788237924,0.28304544570834267
587,0.03603399596181893,0.3206206382789052,0.025860487753075832,0.23596123523951396,0.02886609886242647,0.059655023620059075,0.2930025202842005
588,0.17570563469571787,0.05003130427381477,0.1730095215927226,0.013702055788300757,0.3464726353232222,0.05360608886875336,0.18747275945746847
589,0.009779227262279509,0.7148983973354353,0.015880709641955083,0.2516481822994851,0.0023787856282750375,0.0026502123259610827,0.002764485506608715
590,0.28373112316239096,0.05876046615126951,0.2575929280052815,0.032391833730695846,0.17984894974961635,0.015761069806361123,0.1719136293943846
591,0.1617607310886465,0.004275112608231145,0.04187266854311622,0.0072196680212937734,0.10708092257645092,0.10138655971919493,0.5764043374430665
592,0.18657812079584996,0.13708397392750532,0.08174501380383606,0.023013299231573973,0.13318495949417195,0.12667022510251155,0.31172440764455106
593,0.08384384000944713,0.2324683078604799,0.10155973726132743,0.21079739685030016,0.1588123577018588,0.055832395362387155,0.15668596495419954
594,0.19550248578470883,0.12105707153391103,0.17426978100760465,0.020262403434488145,0.25735793592052697,0.020396557567010414,0.21115376475175
595,0.0033191434328317727,0.0498791446617264,0.011509417816317782,0.9000642952101667,0.0012856632474674786,0.010193294886633657,0.023749040744855964
596,0.7368872056053758,0.03670298034117179,0.04237203191079171,0.08262535305962111,0.017369723216975663,0.030725200831192956,0.05331750503487108
597,0.2768877286867041,0.11839355167757608,0.20102142088638772,0.015500808905308536,0.35060732116672333,0.013135362981669275,0.024453805695630933
598,0.08257603884869011,0.1367237410381098,0.1539321059353289,0.25781541804401575,0.14755358487702244,0.09924213513904238,0.12215697611779067
599,0.25430595189269034,0.0030333093510020977,0.1709839620542417,0.0021269101586731667,0.21269996926906082,0.005727658645318276,0.3511222386290136
600,0.26469640642780623,0.017780892929282494,0.08686771424607345,0.0072842963414790005,0.14629165727088364,0.01970743083226753,0.45737160195220766
601,0.1324341418841105,0.04051484369083782,0.1928925490092252,0.04474967196123532,0.12937951717110427,0.13981343583894393,0.32021584044454304
602,0.2314703966416396,0.015978106559854426,0.10914114883162587,0.010368328630433216,0.21488975016546089,0.008124020367899182,0.4100282488030868
603,0.08757901079640558,0.15488636038317688,0.0641397719066685,0.2865383732120331,0.0572660269608636,0.1884376690854242,0.16115278765542812
604,0.0023134275562809985,0.001296847151606498,0.0029832682160814525,0.00043349816642020546,0.0012829429481064105,0.9892488542714657,0.0024411616900387604
605,0.03767836099455564,0.21314414910214158,0.045514293529787656,0.1569506876868761,0.026533352604111982,0.019573132122027933,0.500606023960499
606,0.10219184238208238,0.007230823114057708,0.052624296235440474,0.008269470420454736,0.44776463908683173,0.08715802896274742,0.29476089979838543
607,0.2602118619290995,0.0767822944760673,0.1940698945044375,0.037988404149122426,0.37778462800800483,0.02035887943429212,0.03280403749897631
608,0.010117830867041091,0.008605893102833518,0.03952801413864081,0.01030553975482731,0.01136999115397323,0.9128056883302292,0.0072670426524547565
609,0.125656018786114,0.05805181195755166,0.24161168124045504,0.0231401946184912,0.15720375712569018,0.04271383961629589,0.351622696655402
610,0.09900357753960755,0.20424723617992585,0.08377022479601756,0.11848876844053084,0.1909810481857949,0.02642185572618192,0.27708728913194136
611,0.10597902738644294,0.14313935981287315,0.13446277944959914,0.4388914790707883,0.15697358727867633,0.008903455264264388,0.01165031173735576
612,0.10535010140607388,0.138387537149217,0.17854034115995226,0.08111054450738922,0.12751343599659243,0.1369683741550885,0.23212966562568668
613,0.21644272529570627,0.03296050785298833,0.12251737932311393,0.009204351541615119,0.11718689463626637,0.11218219038931972,0.38950595096099033
614,0.20527733348167598,0.22596616825085453,0.046289931385549446,0.012012626757284161,0.06044878381506432,0.2601543595587537,0.18985079675081776
615,0.008321739219944427,0.8124921408238028,0.01767526608259356,0.14553588146774446,0.005179257459184905,0.0038435881117978967,0.006952126834931935
616,0.21333578250688628,0.08724364049112607,0.09171217516609699,0.01528652354701018,0.1326113787517495,0.06529127376179703,0.394519225775334
617,0.09170072893196748,0.27205107468366757,0.17875013974870127,0.08703733872846019,0.06980603998227412,0.13670546834576563,0.16394920957916376
618,0.22594782328736734,0.07250624954709231,0.12458094193035149,0.02801680806595954,0.29066173588781824,0.010056807912643972,0.24822963336876702
619,0.2501175655187077,0.009402878612595636,0.09941439334038357,0.003546166492959184,0.2569675651183785,0.03704651971526208,0.34350491120171345
620,0.026304615061744464,0.14350859229151094,0.01839356184399673,0.7665041180064737,0.003492051651771775,0.0362571053558767,0.005539955788625724
621,0.03183161925139409,0.04940388238890736,0.03535111781565055,0.035561924146262365,0.038528046000479654,0.7709537989008284,0.03836961149647762
622,0.20930257740799227,0.04327456254875435,0.3168842935689903,0.030549501727812456,0.23446354707073427,0.01585203672939795,0.14967348094631844
623,0.3735438525304965,0.047129697984206846,0.17185418687328857,0.026047395431576848,0.3005441770196768,0.02093650179139357,0.059944188369360885
624,0.09189376365500088,0.04704772123030669,0.559904963166064,0.06541129686368,0.12525961065188235,0.06869343650090771,0.041789207932158436
625,0.22449906464768293,0.03193603317732648,0.21246612237148446,0.00799724144049265,0.24727723858615652,0.026077582395719907,0.24974671738113705
626,0.14763893737552508,0.08025913057816453,0.18873846555480128,0.015009102325656018,0.3167644463721383,0.12244915004379416,0.1291407677499207
627,0.1040035269357028,0.09525264042856726,0.10920756622492474,0.25527861419952086,0.14472960582507888,0.2161565388342674,0.07537150755193801
628,0.1700543307897575,0.11537566067751967,0.14145378125867292,0.0312929444762718,0.10904674092505591,0.39038349018821583,0.04239305168450642
629,0.36702210663916884,0.010163216993069744,0.22139433088863072,0.0050703537901876415,0.23477610554040088,0.013011476969395344,0.1485624091791468
630,0.01432699632759726,0.17832081840250255,0.03223636640810309,0.7525717222920507,0.0037801188165472706,0.013741285219724031,0.005022692533474994
631,0.7997203767201118,0.019974081226384964,0.0403539104483523,0.021855270507692894,0.018897314719929274,0.05446454524738766,0.04473450113014098
632,0.20583362119983786,0.014504891075031136,0.4137047710891821,0.005550058622189852,0.2307818702714716,0.006246689567889286,0.1233780981743982
633,0.010248173330576005,0.6231794695223487,0.015531221285641147,0.3168478564307974,0.0022428232363825877,0.02335756112183536,0.008592895072418888
634,0.025345835431369746,0.5104415254605218,0.10872425824420691,0.285910946752787,0.013689978881140066,0.03045904655576719,0.02542840867420728
635,0.012716755725339316,0.1627182351343361,0.021392723122917172,0.06395913400184207,0.013637324133350465,0.7011698104889196,0.024406017393295332
636,0.11114114972258742,0.04711070191443204,0.20726382816138617,0.09238159904262147,0.06960657582747035,0.09158725404651544,0.38090889128498706
637,0.36860076621148785,0.007286507249301565,0.17607713526652105,0.0034990626083997527,0.14171400862483305,0.014397054053585384,0.28842546598587127
638,0.019860126805735203,0.33967413127484686,0.030458651151763688,0.2706012602080957,0.018124996442045817,0.007213047654772137,0.31406778646274053
639,0.024655328927789037,0.1946729747741785,0.07468709854560178,0.1919852755411539,0.02339012090312105,0.47722585500139314,0.013383346306762578
640,0.13256153405749982,0.1482227161234647,0.1285280925720137,0.08573908300886873,0.13661457804574084,0.1673034510298536,0.2010305451625586
641,0.023973980539469978,0.6138202477271358,0.020066335713669333,0.10914160465219899,0.021381151694152157,0.028484442759033612,0.18313223691434005
642,0.010877849780863758,0.16077308339960023,0.02009041586650121,0.7828569707329339,0.003571598620092954,0.009507776332420998,0.012322305267586948
643,0.12593834236696982,0.07289112538491718,0.2701148889522858,0.07414448014329625,0.2471961845201375,0.03404749051424583,0.17566748811814764
644,0.0032119298295865324,0.017803906419434884,0.007500632760587713,0.028689389017594946,0.009359917230215658,0.9157959440438865,0.01763828069869367
645,0.16266167882321167,0.07197939454492547,0.2859520079581898,0.04912460978794375,0.29551851088840597,0.05219837084151778,0.08256542715580555
646,0.15997503373018407,0.21021095239534654,0.19275662198933402,0.1871776806117858,0.14182301772556846,0.012822443724126331,0.09523424982365472
647,0.38485316491287025,0.0038161477229278935,0.1161766410383851,0.0027486124502765913,0.1808404980076917,0.044205153800717954,0.2673597820671305
648,0.055280795524422256,0.6251923824197974,0.08849446884394688,0.0823187429854225,0.0449232880899852,0.01996976294826963,0.0838205591881563
649,0.04970484605450134,0.2878931341905312,0.05810464630496609,0.19133544158951493,0.036544462388717204,0.06480648739421124,0.31161098207755805
650,0.03340666038926353,0.027749741021528718,0.23516574548684774,0.011556300867609861,0.39837199279917135,0.21626753537311502,0.07748202406246373
651,0.16692854441880584,0.03657142159481526,0.19329094252151252,0.008317174581364314,0.388623292791171,0.056845059689017007,0.149423564403314
652,0.4975181819842026,0.08406270673748943,0.03627757071632759,0.009095700329200077,0.06769817588660464,0.04099178795766217,0.2643558763885135
653,0.1654758765857222,0.11988389919892437,0.1834681203175515,0.07534302123968087,0.16950595592898676,0.04346376926335855,0.24285935746577575
654,0.031489153649170924,0.05420260538601669,0.02655053264861984,0.06502520968560858,0.020993411321976282,0.7541264483102876,0.047612638998320043
655,0.2078652157014881,0.062316774115176256,0.21186547866857225,0.0319469097597018,0.25165815457443896,0.01512657415966652,0.21922089302095618
656,0.023705948606017713,0.08704965478327217,0.07665201002137224,0.6617780836186983,0.05008482099773313,0.04078545322565536,0.05994402874725113
657,0.18031889975957516,0.030287735050965874,0.0674077063572759,0.027006325547917886,0.0697255686834898,0.32913019198941446,0.29612357261136096
658,0.011970887725466084,0.11472277291127098,0.00949269393687591,0.810724164323873,0.004067009033324817,0.008021920838192234,0.04100055123099699
659,0.12961943984774926,0.029737838149941197,0.21228417166167285,0.022199257315053435,0.3257905033923791,0.17437939326962837,0.10598939636357588
660,0.1343230468917202,0.15871923913710898,0.36057998352648146,0.0916535050886082,0.12998582597246813,0.015336809915786972,0.10940158946782592
661,0.8327716236485971,0.03096415816861456,0.01941611168011707,0.002687426644943136,0.04703855897794249,0.02898099773088688,0.038141123148898906
662,0.22682635085306763,0.009890330689321714,0.1133247392070377,0.003432251550693933,0.4554286130484112,0.015141131890194375,0.1759565827612734
663,0.028793174768767128,0.0698692901830125,0.15870809991461293,0.4565767397287751,0.026270829757063498,0.23279679003418813,0.026985075613580656
664,0.017249019093176728,0.06266097642371812,0.02574156400244613,0.02811903556724781,0.025344425811180217,0.8084282028594882,0.032456776242742735
665,0.023655075010209928,0.057393933082037975,0.03829889210704472,0.5643144119105811,0.01584554510569277,0.2850637117003276,0.015428431084105928
666,0.15288868778427406,0.13125456822752646,0.27425915997108136,0.03313839763018144,0.27770683015155406,0.04156290087986896,0.08918945535551359
667,0.0729877892544894,0.15772922373977366,0.09005633066759225,0.05929773507304882,0.20839250352845543,0.04046601170452237,0.37107040603211805
668,0.08155391717945044,0.035689970855637396,0.4012221941188766,0.015629424066267675,0.22798600869503266,0.06116647618801141,0.17675200889672382
669,0.23598366497902196,0.02104411015620969,0.3681254479252498,0.008747410231498953,0.2721025091504563,0.011224981055768267,0.08277187650179506
670,0.007902176477965962,0.514442096883326,0.005803387705673624,0.3819307704453866,0.0037568437708695077,0.012976733638246049,0.07318799107853224
671,0.023397564327358452,0.26778719758009945,0.015875699784890777,0.12719638733705296,0.018933046212500415,0.49086486527474016,0.05594523948335785
672,0.1291886417479203,0.01382486333314924,0.165145013616256,0.002779956942918914,0.509666496990536,0.03171551189576485,0.14767951547345462
673,0.05644562117835574,0.07698539443200639,0.09390244914666673,0.5965936180449025,0.023658658520207522,0.1118056684789444,0.04060859019891659
674,0.011240968792872955,0.08419868704771247,0.009945749340096713,0.8695018702307857,0.003647083433908792,0.014470672682068092,0.00699496847255521
675,0.12917940903167954,0.036074162350173584,0.26941371338388986,0.06700490912511473,0.1585914419260966,0.15680950626274298,0.18292685792030278
676,0.1377007951057643,0.05944558122037043,0.17573778934786227,0.19400661696339705,0.28275692486944304,0.031567303558025055,0.11878498893513798
677,0.2918711232100944,0.018006707707118298,0.1278441005567396,0.004804430670656059,0.19389882228541663,0.045256814977195706,0.3183180005927793
678,0.0830705245976866,0.19913971698709695,0.22606748047575342,0.17847315322492277,0.08979360317763956,0.15507106310412683,0.06838445843277394
679,0.25297678388459854,0.06200870842402162,0.15549165420502092,0.014693125157737543,0.21366858738549244,0.08682015258938587,0.21434098835374313
680,0.2205247716714469,0.108377734433768,0.18446296707547155,0.01227470169107708,0.08379270796171265,0.22126522581203875,0.16930189135448517
681,0.030575190364945482,0.3586517250901832,0.03216495952028429,0.40438691731696463,0.014765902326833997,0.10317719558379679,0.05627810979699151
682,0.19475294419500824,0.01828744936649332,0.11733562330339622,0.033757381223043274,0.4128548784072442,0.010828741819923512,0.2121829816848912
683,0.4465463238061739,0.01262917898203128,0.15938976535537838,0.003480924560204318,0.24210135190775564,0.005439691899870423,0.13041276348858613
684,0.2881182050264179,0.014514530150597666,0.24909989981267663,0.006643484128279945,0.19979959363718536,0.011998128547875658,0.22982615869696685
685,0.2599123109020877,0.028778570574738392,0.18049495672764618,0.002242900280422565,0.5102149440656085,0.004562367494928117,0.013793949954568566
686,0.1606274683249489,0.09693461650993414,0.1471268228280814,0.008127827655342458,0.5438326413243397,0.016678001619117904,0.02667262173823548
687,0.1561973727172344,0.01517248518665269,0.22764610390822276,0.005598703875236108,0.5341521379306526,0.015138501296950876,0.04609469508505058
688,0.2537602373791958,0.013321271665682902,0.2042971055528538,0.010682073351740902,0.3623338701655544,0.013808257213007862,0.14179718467196425
689,0.033639331650726745,0.08969745503870082,0.03043338273516986,0.5927488641125374,0.008395184604495795,0.23957152719123034,0.005514254667138987
690,0.001987800582883408,0.04435995918480826,0.0041980832544748605,0.941278294180667,0.0006938265175480482,0.0017867405741763844,0.005695295705442185
691,0.22256622852919267,0.009654876197049345,0.18832051071386893,0.010988994886527697,0.3941568463155976,0.027922506149401245,0.14639003720836252
692,0.08607329839383719,0.020070075422951965,0.2681207264776938,0.005062956851623103,0.06992951686113322,0.011344452625509592,0.5393989733672511
693,0.0005929405777775537,0.003494683699726611,0.0007590003688890274,0.005143585430566423,0.000600741071130585,0.9879100895312696,0.0014989593206402912
694,0.2428220768776427,0.16382638654121098,0.10359372015200678,0.025147040451038195,0.16684634569974072,0.019176483241246843,0.2785879470371137
695,0.09597325200156241,0.009570221638420206,0.18070318704280414,0.015055788881523063,0.1477897536279847,0.06767976224169799,0.4832280345660075
696,0.050029676899896056,0.14134510287821406,0.06411935293703411,0.4531103853081045,0.10320968336200032,0.0955061642547171,0.09267963436003396
697,0.0035189950434859904,0.059733744776246066,0.005270024482972066,0.92162385881946,0.001197482435652925,0.006786146389371776,0.0018697480528111544
698,0.12375775661641511,0.1240755127090061,0.21928184870724393,0.09412203970592356,0.14678685173411538,0.11528493781652518,0.17669105271077074
699,0.09392465751895149,0.3212868492309907,0.15381081528199,0.2032251292498614,0.05024874587975111,0.018214926889975298,0.15928887594847993
700,0.004514850907967575,0.13408542111537908,0.006495370014977529,0.7717272518461524,0.004379697918588402,0.03998535957061872,0.03881204862631641
701,0.24276899444272965,0.0323262734463533,0.16842675220846842,0.015065054883131774,0.4481228829339815,0.018271245367358364,0.07501879671797702
702,0.03613114696362963,0.3218106253748002,0.04078983848285764,0.25396824659431777,0.008457218626579353,0.3144600415749681,0.024382882382847245
703,0.4160461761335569,0.011038386782983137,0.07650711946211818,0.008513489362659356,0.160477079097831,0.006702850213484347,0.32071489894736727
704,0.05272607758730067,0.1891892982801906,0.32313850360123414,0.046233102745407297,0.2926683645640059,0.02715250467658259,0.06889214854527873
705,0.03840160657897355,0.2437428585459145,0.034196434108425336,0.595955907365666,0.012923176812691183,0.007427287564722685,0.06735272902360681
706,0.03468718475691049,0.06251688543220185,0.082877280512342,0.021195563385452997,0.07921827659793083,0.5856408830052641,0.1338639263098978
707,0.042956759551297186,0.16620137733966076,0.07058509619117871,0.05448318880202126,0.24411462231713568,0.34375284431631903,0.0779061114823874
708,0.05655980704345089,0.2902674136868041,0.08479682330034319,0.2708801811134821,0.036686093329713135,0.14267271646699942,0.1181369650592072
709,0.16804301548628514,0.05673556828392064,0.15088930288257724,0.11949461306919891,0.08220617669479695,0.18020398175326346,0.24242734182995776
710,0.09081770953369803,0.16088722695504756,0.4332393125905883,0.1126586976947628,0.11422082720150135,0.03372335419333258,0.05445287183106928
711,0.05954117505770477,0.13752999595641838,0.15388558966923982,0.041233327415218166,0.21023194716592425,0.03265670768907951,0.3649212570464151
712,0.038227339198057035,0.07821671662103233,0.08772217754343736,0.005237456585179262,0.0763752782567144,0.6872844201057179,0.02693661168986176
713,0.1320489507839325,0.025858659942713413,0.22942177995514093,0.013590628904463688,0.4101486029093926,0.04918358587176261,0.13974779163259438
714,0.23578444668841816,0.1418230139002316,0.0774799132037135,0.007086437588879972,0.05674766349596956,0.0880314385931017,0.3930470865296855
715,0.21953692710949096,0.0949588423552883,0.09833164180581652,0.01608522439796458,0.23351663700588024,0.017146287569415348,0.3204244397561441
716,0.1069001483599616,0.16799537285437321,0.16989056921963494,0.15692013572623092,0.10506712512203395,0.025901794581179843,0.2673248541365855
717,0.21088261241718148,0.038793407381075666,0.07912768981558978,0.012015201758910755,0.10041918235611844,0.12188672055645693,0.436875185714667
718,0.06811499729543716,0.32695036403229916,0.09193437680244906,0.12668605871804323,0.0951223649840185,0.22344871427330926,0.06774312389444362
719,0.020671114943893027,0.5211907345370591,0.05904461289645959,0.2285112149181817,0.01997641847807504,0.0458731893613676,0.1047327148649639
720,0.02057998996346775,0.014160852045586727,0.03335529084234459,0.02137280728303013,0.0157286614903202,0.8838142443860175,0.010988153989232929
721,0.12324083983502945,0.06527584921381638,0.180860580328972,0.009266497527824848,0.3861625165189591,0.09774277622365088,0.13745094035174737
722,0.05095741776749642,0.1561546418353076,0.33885042639485624,0.05231096305289094,0.10633242295111159,0.017983580794987127,0.27741054720335
723,0.06045347159388893,0.4137601250175454,0.059971176200993626,0.12689348402465775,0.044569083450614694,0.2166011243434515,0.07775153536884817
724,0.02968139035666669,0.12465075200260704,0.03832017083676639,0.7650888026428834,0.006328599166234028,0.025592192032276223,0.010338092962566289
725,0.14040889250395744,0.07875197949919466,0.29960346426157497,0.04252357182040952,0.3219326839714555,0.050467575303939284,0.06631183263946852
726,0.4839430173164002,0.053160165844331676,0.1681814223222202,0.00627887322586877,0.21931758993789147,0.005545836111619796,0.06357309524166785
727,0.1312835104145012,0.020914726871718654,0.2721239108623633,0.0234503457748743,0.20201795773564285,0.07235547691404552,0.27785407142685414
728,0.0833854821392138,0.10396987947368261,0.14600931429164907,0.013755105198164756,0.2019614028215273,0.018080274915040884,0.4328385411607215
729,0.12062631865238171,0.04739696282619478,0.3288075427579421,0.03426948498985198,0.35132089104741027,0.0598838145696412,0.057694985156578046
730,0.007762527798809489,0.03897244473011281,0.012346625703669937,0.18781972870548663,0.0045360835209011675,0.7409453641468792,0.007617225394140762
731,0.1244743354344741,0.11590185790150835,0.3195013217645114,0.132272495336827,0.20967574797263772,0.006956530173500966,0.0912177114165405
732,0.10084731431074168,0.11388560927834095,0.43094499278452664,0.0947357492329022,0.1898620516409245,0.017741833255823774,0.05198244949674021
733,0.11402515278310896,0.11204162157129649,0.1255285323282421,0.09350458046161152,0.47559091372764595,0.006441577418941358,0.07286762170915369
734,0.09082997246100354,0.3460616757243552,0.09737820151377782,0.3676617474436248,0.039090157252497905,0.005402838581921719,0.05357540702281903
735,0.09193189805425579,0.15228980013195584,0.41897465003658985,0.024429298968155648,0.26079412267597446,0.0078974751294764,0.04368275500359199
736,0.2745859752239842,0.18204708537362851,0.16531732278410172,0.04468271507944964,0.17596528519501428,0.018295780486911033,0.1391058358569106
737,0.31775388794074055,0.02001824689474105,0.10238320631564302,0.035853195762679924,0.43090841229123056,0.00990561017595152,0.08317744061901347
738,0.40817612170757556,0.00786126322828568,0.10698713908658823,0.004847245845928714,0.10298624965651762,0.040406607157040565,0.3287353733180636
739,0.16606749599583578,0.19072862281435826,0.1488715137825711,0.20420571312268593,0.2457322272376219,0.02113253628671297,0.0232618907602141
740,0.1388113798028649,0.04786427316096768,0.03546937042139009,0.014551282081616374,0.02492009762178378,0.7200128581732351,0.018370738738142014
741,0.2370782258619049,0.02955167142351136,0.07009377199768094,0.04205514429080388,0.1495035904009632,0.04321265756375634,0.4285049384613793
742,0.16798936744016274,0.0301407657531004,0.2661082182940852,0.08257819686405124,0.2938889635651527,0.0950811837826397,0.06421330430080799
743,0.09800475533664929,0.08029936203308788,0.34542203362760276,0.03701976202925548,0.2532554935029923,0.0602411685788905,0.12575742489152178
744,0.2509428898962317,0.010549369766401246,0.11752431084579015,0.0060897402040044025,0.22012613911390605,0.03214411523685686,0.3626234349368096
745,0.0799428017718525,0.06847821558876972,0.07257245753209217,0.6563196707471441,0.014946324591773091,0.06738148503937606,0.04035904472899229
746,0.42773745957680065,0.022036497805775636,0.05037537441799678,0.02142730478056301,0.04664023413846248,0.03929961844390879,0.39248351083649274
747,0.08369460864987645,0.27932643842949917,0.03108524269748323,0.5642096468343141,0.008436140224602186,0.021671233688573675,0.011576689475651252
748,0.13592124339524664,0.02693120072034409,0.1149005102727115,0.021681551525564245,0.559778592773682,0.04439408145988995,0.09639281985256147
749,0.3660514985855977,0.010991499206377913,0.22374456076060806,0.00892820316232951,0.2731029250696323,0.022112261052783855,0.09506905216267073
750,0.016275218790618662,0.36150382742924253,0.011221769770051914,0.5502781358267551,0.006076556757833734,0.04029519915924226,0.014349292266255744
751,0.018367761336527285,0.6304881526667031,0.017549550295076908,0.2988122521988158,0.0049817552660643225,0.019591096762583964,0.010209431474228542
752,0.06078146944560901,0.07742687062510648,0.4553887698864165,0.023619779729059424,0.1370307482542517,0.22285186926878536,0.022900492790771408
753,0.004467883106931707,0.02621740678141979,0.008533491807522924,0.2930362612725953,0.014136757003716183,0.6448488447445544,0.008759355283259773
754,0.24888197167509926,0.020294530607542334,0.331947912744823,0.007783791408132706,0.3484972050786618,0.010043931613019683,0.03255065687272131
755,0.13992384054355622,0.0237030887598007,0.12855186600500063,0.005841019460023721,0.2537810516271587,0.04873187813961817,0.39946725546484185
756,0.23508815055355345,0.07028322805560458,0.16062677178015067,0.009153081784016243,0.49859052949772015,0.004301651298495632,0.021956587030459263
757,0.13772712480987012,0.22083370994332102,0.18618022594070485,0.1510072664140631,0.04028860848212197,0.208134591478139,0.05582847293177986
758,0.09684202897005646,0.03782078180593861,0.2888683509998487,0.016947349964603703,0.20654208020921322,0.29505928463535086,0.057920123414988436
759,0.30721709250081763,0.009877539284910633,0.08984657956496707,0.0030917018701365866,0.24433493523371222,0.03574354122264755,0.30988861032280823
760,0.16954184086788018,0.06596095701485041,0.2761444545273196,0.13990616593113017,0.056175759308568586,0.006219700449881566,0.2860511219003694
761,0.009068470843929003,0.023598694391996855,0.041979786818506296,0.014563422418656666,0.017920839495744873,0.8803982618870012,0.012470524144164979
762,0.25218035909630465,0.015657709082911312,0.3454041233896926,0.009358028457011348,0.23526612336852706,0.04747376778512188,0.0946598888204312
763,0.10070906371287314,0.04019005541835769,0.44587726630608443,0.04336604179875825,0.17059699173662568,0.18514156840878054,0.014119012618520244
764,0.06713009446109272,0.17231687657857103,0.10409819772571294,0.42137387104557894,0.018050435747754452,0.08947141688474596,0.1275591075565439
765,0.3075417456672498,0.024572395301959572,0.23774363149650152,0.019335212425635805,0.06995141036816784,0.3110322986069922,0.02982330613349321
766,0.19202753696877148,0.07267472170494903,0.1311026599629396,0.020600285049259707,0.15837211926855635,0.03998297160150998,0.38523970544401387
767,0.16036536693641162,0.04517063978091846,0.2700024372965153,0.010929533008516035,0.17405859333952245,0.2853316077497051,0.05414182188841112
768,0.07106000781513364,0.01956386129286813,0.2894886526607317,0.010856129785934717,0.49055365125204453,0.03450682509999915,0.0839708720932882
769,0.09735244774360194,0.3648208296990757,0.13396494049916602,0.17441644961949188,0.026534014497644243,0.10555903373678435,0.09735228420423578
770,0.10500226723411601,0.06147481855650648,0.11618311360697615,0.02763288712205566,0.09822808042357173,0.008962720085558151,0.5825161129712157
771,0.0888871434851028,0.36359043204391106,0.10134325251534637,0.07636594764665225,0.05917847580592507,0.04849793150474248,0.26213681699832
772,0.18718083895132226,0.018562439268474278,0.5335313231049335,0.028840918186406515,0.2160225074275941,0.006678088487951398,0.009183884573317917
773,0.018301122184193785,0.4749965302127441,0.04710029260024576,0.42008867686719464,0.00798965865443816,0.018974417812244355,0.012549301668939323
774,0.006595270604888559,0.13039885193425957,0.006536596789804647,0.8432240817221641,0.001706085975498341,0.005437560368432851,0.0061015526049518765
775,0.48317688905795053,0.07868299698918793,0.16334938336100596,0.01287206125168879,0.17443194135808907,0.015094170398441886,0.07239255758363602
776,0.18358892811257949,0.0795722849520222,0.060908476107185736,0.05376893440784804,0.09428275011003528,0.19949360257734933,0.32838502373297984
777,0.25841817391491667,0.03247151306413125,0.22517732413240843,0.012784563580387343,0.3640194509321085,0.006581518324167196,0.10054745605188069
778,0.07403129373829918,0.3503672384231048,0.16126571027053033,0.1671114994845509,0.04936616752145721,0.12018434291986646,0.07767374764219111
779,0.06336735818231182,0.0360756700784729,0.04093194169239102,0.010792473454654202,0.04565859176400861,0.700051722987961,0.10312224184020043
780,0.2067195833364907,0.12884585351614258,0.09322142000929504,0.009707229293581105,0.12264025837084365,0.18054215686671768,0.25832349860692927
781,0.028178806890763408,0.06052377638997174,0.02025403310999027,0.8660636821418853,0.0028084990683217,0.01881345416028542,0.0033577482387822585
782,0.06304750673607698,0.046503564521576564,0.5299075094732018,0.05860798315829598,0.2411622388732279,0.02694904464784943,0.033822152589771344
783,0.22829296008096076,0.14673693125176662,0.1811595708147204,0.07154571245811216,0.09399590308322428,0.08507956175801332,0.1931893605532024
784,0.03106274159118665,0.07353767487958227,0.06429416223079625,0.624918227113955,0.017676205408325627,0.1500370069222362,0.038473981853918246
785,0.1323154278609942,0.030706736865551754,0.053466359171813894,0.029085853719058245,0.029320893058527205,0.630209185913731,0.09489554341032368
786,0.024235885281216195,0.023824174645618763,0.038583067249056816,0.36865470078778756,0.02105963525692523,0.4907384898661837,0.032904046913211644
787,0.26607024015121433,0.012342034833905103,0.16353073006173785,0.0064573546692875405,0.09042097716268413,0.3032092828401082,0.1579693802810628
788,0.010744314605068906,0.05921103866018714,0.013974770119229818,0.8854478641193267,0.0033463013235157323,0.01145720919425026,0.015818501978421315
789,0.012464111393580021,0.3406577815112103,0.062011306607141235,0.5454468084523241,0.007694646588489583,0.010336479865032524,0.021388865582222312
790,0.06786824401803312,0.33322125876165426,0.03998536285691598,0.3959980110822116,0.02497476335539136,0.05804440686588179,0.07990795305991175
791,0.1186119949147419,0.017663486474589218,0.20088434496381055,0.012691908728015122,0.52847122718973,0.06392061180270611,0.05775642592640699
792,0.2212981212435608,0.014580500837686583,0.2679983054138702,0.00451707213038815,0.34575718736079813,0.016293005601769394,0.12955580741192674
793,0.17034916836022118,0.13878516196195906,0.11122848483761608,0.30838072572413505,0.15530897555582074,0.06970606681704292,0.04624141674320494
794,0.14251064792355714,0.047902413613647284,0.19787486760248893,0.008044688629179588,0.4908037612125412,0.057920067843122716,0.05494355317546312
795,0.15884636731571364,0.12452722967249452,0.21952237295921395,0.1380515346324716,0.07836171226323888,0.1077759509014653,0.1729148322554021
796,0.02481716362853941,0.24690427295919665,0.030521877925660128,0.5326896814749064,0.029066367039110984,0.06705918936516754,0.068941447607419
797,0.06764538630002964,0.12324829188340095,0.1937632110131448,0.3274174948236346,0.062469265543573516,0.01776797954284947,0.20768837089336695
798,0.12416892284337741,0.2518918949951393,0.07494370440139189,0.3102416526546453,0.06786927026794304,0.02465059585141576,0.14623395898608735
799,0.09006324605172707,0.09566755290812956,0.38792352501789973,0.0747563660505596,0.21888447603075986,0.0334027442932298,0.0993020896476943
800,0.008225937387713132,0.0270778256421011,0.03893653312749486,0.31423017070280057,0.004339022821799819,0.6044090056168003,0.0027815047012902214
801,0.12973274857594,0.09244533834669744,0.33695842129825226,0.048140997282967925,0.2896778372293197,0.05247092782686154,0.050573729439961114
802,0.12290540265111924,0.30562453918748067,0.10554756327386552,0.10042239266647676,0.08041259907194126,0.10651161893386625,0.17857588421525028
803,0.0387497160526437,0.3183010773892071,0.12461254393307153,0.2616056956449673,0.029501070419229593,0.0842981529023021,0.1429317436585787
804,0.07788399948806095,0.012828326998625118,0.21243678697180166,0.0068610776966458705,0.0975632703551538,0.01835306013784107,0.5740734783518715
805,0.12543351197044733,0.04041430630543244,0.1512347402597534,0.0733760027590921,0.08782337697192111,0.4253043667456981,0.09641369498765559
806,0.43697866813123254,0.03318266394849817,0.07560730680744406,0.006222222392587526,0.25986649984291044,0.007855648573731507,0.18028699030359588
807,0.1003516268368265,0.02585465741099923,0.3438912501150138,0.02085538425528671,0.4413265235035972,0.008053414272976601,0.059667143605299934
808,0.08940989512624245,0.015109230253433692,0.03619979469812231,0.0038189152565819484,0.16409284614823988,0.011682284430609285,0.6796870340867703
809,0.3340526830485692,0.11326415862526451,0.1595594980887897,0.03813715447057663,0.18378583826276734,0.06455658480620727,0.10664408269782537
810,0.007788538498903877,0.10776480669476243,0.01191859597948966,0.6803434992910542,0.006456094011662282,0.10652514543608653,0.07920332008804094
811,0.07967468146899925,0.009909998128541533,0.05155380506173175,0.002886421530426674,0.06860041114238198,0.014728271305585128,0.7726464113623337
812,0.11412087242883195,0.15784092290518906,0.15806747222804968,0.03721886331695505,0.27387043955953105,0.24276013942776253,0.016121290133680737
813,0.1650823645689305,0.0624715313445174,0.16091828265655952,0.02835759245051809,0.4564574844047954,0.012867992788916437,0.1138447517857627
814,0.13155202126352059,0.07843490062977068,0.13423161605481712,0.00747479834761465,0.09734679798591303,0.4339280128351496,0.11703185288321431
815,0.10994050531542536,0.07007235710718132,0.4639800212163081,0.04309154917775752,0.1488379498156808,0.15705571197295534,0.007021905394691656
816,0.09034997363904922,0.20008584070144003,0.031632601363841086,0.10112986294142348,0.018086107386024793,0.5065606298888309,0.052154984079390544
817,0.09098613732356507,0.16808461922988646,0.10831164016655744,0.19519648087330643,0.07678768780122155,0.3298980949545331,0.03073533965092996
818,0.2056903176007546,0.1697318133453199,0.13945282413474994,0.07837346389579723,0.07287911377031354,0.2661666188382922,0.06770584841477259
819,0.22731947327145913,0.13855144766012514,0.07535408174102422,0.03739466485983558,0.1456678292072184,0.10897553282070824,0.2667369704396293
820,0.04412425297133678,0.17304607164403818,0.2516619174921753,0.0682396114541545,0.0816021814080658,0.24198256446416117,0.1393434005660683
821,0.034452289451826205,0.1004146509065054,0.028056946122401366,0.410641999954439,0.006080770211539746,0.3158919627879268,0.10446138056536133
822,0.3876397270542735,0.15666343812039363,0.03951382275683707,0.06602325446967239,0.010218863871354587,0.28931181483615287,0.05062907889131598
823,0.13689288413201814,0.1815094484902054,0.1393650405007754,0.11179038124975862,0.09031183876320459,0.133492389252456,0.20663801761158185
824,0.19772394242853844,0.1023147076824998,0.5228341450822238,0.08383108333835891,0.05048538400954687,0.010794609824292204,0.03201612763453977
825,0.3621297063430425,0.01360703528011524,0.17741124057430493,0.0036937540617097294,0.37365204603849217,0.01960994370349346,0.04989627399884204
826,0.021406841909314755,0.16840497925042033,0.03211396815838188,0.4548752758481454,0.06976038507397844,0.19156330074038147,0.061875249019377646
827,0.06110591654009184,0.13899075785716558,0.05440313699661605,0.041321757411648716,0.07839877751223949,0.5040760173272453,0.1217036363549929
828,0.11138184675114363,0.15846338936345244,0.06231255236893389,0.6101494095272938,0.02253117200063546,0.005705811980719988,0.029455818007820888
829,0.24972712866469923,0.008838061404780787,0.06109964630761126,0.002442771699161507,0.21867181363529986,0.026729578075889198,0.43249100021255826
830,0.17247826817284326,0.053295391527803604,0.28017042550621285,0.010228566747074369,0.3887938064070084,0.030801086288352597,0.06423245535070488
831,0.22203481808797462,0.10701813977508086,0.17702313014490884,0.010939899924225071,0.0761762186234896,0.177819943167898,0.22898785027642293
832,0.024173521312132528,0.16535897790303594,0.03933475165729198,0.7128595582121978,0.006888165478407711,0.021605161944921368,0.029779863492012726
833,0.1380696909774673,0.07357820707696813,0.11418505159422372,0.2809525310994071,0.22093112418247882,0.10760894915162555,0.0646744459178294
834,0.02651912985936288,0.1711494812660443,0.22125161815944172,0.06506343155858918,0.012132508682003804,0.4937940125369057,0.010089817937652477
835,0.11653723519138841,0.017849144905415986,0.20583670422896816,0.01944469313990862,0.18619259940464503,0.0195794049433426,0.4345602181863312
836,0.03330575145835915,0.05874875701861691,0.023919205045301515,0.06497565113423817,0.02913855651615293,0.7729264535144559,0.01698562531287541
837,0.1609972870937182,0.2979624540342127,0.15903141362801318,0.238318056888538,0.028564746599348812,0.05881776172655858,0.0563082800296106
838,0.0027307303394007803,0.03837772868587483,0.003920986809755585,0.9449559342864525,0.000784677194077854,0.008103779642374912,0.0011261630420636598
839,0.13571187396131537,0.017843830659582165,0.1180614167442561,0.011902309788523593,0.2822339991596684,0.05419196808147373,0.3800546016051806
840,0.006046350772013482,0.01624249719860867,0.010915824809352586,0.009473427547192456,0.011643225212979325,0.9352940168216964,0.010384657638157147
841,0.005142603534225727,0.2935606611245946,0.021961274793035356,0.5816522629716177,0.0038799827908499473,0.08498747063190783,0.008815744153768984
842,0.425135939544871,0.049481695613052455,0.04055599613164788,0.036601511016259594,0.03751838998862487,0.2966994764953349,0.11400699121020934
843,0.07910005186228833,0.05075537971959594,0.2070746733149586,0.025379248828173422,0.10158993906794933,0.439102652835479,0.09699805437155529
844,0.10053768664668997,0.10847184559497605,0.05833468215384789,0.04239203873893563,0.09060821918728504,0.3395518415892288,0.26010368608903667
845,0.10222591897368176,0.04290966028077993,0.23064144537428657,0.036680620009179106,0.3077544375994335,0.04218103510992459,0.2376068826527146
846,0.06834943344267194,0.028532225911573783,0.305308924238969,0.007476114012314626,0.29275781519075716,0.0893607312847429,0.2082147559189706
847,0.096224559314636,0.19595446724613924,0.417715025797858,0.006733977907161707,0.1923388307256286,0.017671814887965574,0.07336132412061096
848,0.40504147360164244,0.01345048891342875,0.1465158518878624,0.01926141464896903,0.15404843754770664,0.0965659110885398,0.1651164223118509
849,0.002508727069636351,0.00680890188909309,0.007192466374873622,0.001186286643029742,0.005387882861662395,0.9723655766237165,0.00455015853798816
850,0.03050842159222734,0.6663068741822664,0.01381030766796538,0.2743269954462489,0.005883265051379269,0.003868240258656351,0.005295895801256524
851,0.06022100172124906,0.08999887918595897,0.1491592305253429,0.03862511185951082,0.24228378106893578,0.06480936774485546,0.35490262789414695
852,0.10812151853648719,0.11541448143182782,0.30163151019712686,0.08474800878204321,0.16412198452877985,0.10030979867968612,0.125652697844049
853,0.00843761573455207,0.12197770607081948,0.00792438902233783,0.08096433264624779,0.002470618370992267,0.7691658347568537,0.009059503398196778
854,0.19834485695467025,0.08907054806488757,0.15299226741564304,0.014967255806464056,0.07180662786545987,0.18871276665792078,0.2841056772349545
855,0.17567993661507467,0.04616098777322033,0.18489434166084,0.016080833418573276,0.11052818475674435,0.34701613074930243,0.11963958502624499
856,0.10748403020155953,0.023916348824286553,0.2506785092881024,0.009025579653889355,0.12732716221642992,0.12053712963901708,0.3610312401767152
857,0.06276075737390618,0.053045958030800644,0.18738703166963494,0.1360244687157332,0.16946834665558966,0.1918661829472617,0.1994472546070737
858,0.5467128684227175,0.00960015689153908,0.10615445712638358,0.00623499156330405,0.2731138968305192,0.0023599486419044837,0.055823680523632055
859,0.3086080556839951,0.09604196957683368,0.04161309674608839,0.032214354425149985,0.03236804053504409,0.29362516170536906,0.19552932132751974
860,0.004594341802447098,0.07254817668196083,0.005514996040472469,0.8563221633043794,0.0013869717910074502,0.03429490433260298,0.02533844604712977
861,0.3449365107341344,0.04746886991040279,0.11016755773717368,0.029185252484564984,0.09431642624657491,0.2012571313761818,0.17266825151096735
862,0.012990826207975478,0.05391513220620435,0.007717154598278845,0.8514325109533172,0.003035591563974564,0.06662617965327426,0.004282604816975204
863,0.018750347605926823,0.6478551229493904,0.021312616674163353,0.1476461157294356,0.005604479456189116,0.14432261843994326,0.014508699144951492
864,0.11487360924404852,0.28574399921969834,0.2704354170625645,0.219673250440452,0.0658786991993401,0.020263481201336104,0.02313154363256039
865,0.12173117996022198,0.05424057719342912,0.26798421252981003,0.22809063347140013,0.2924273112045346,0.003558740808468614,0.03196734483213562
866,0.02953526819776186,0.09095627852045943,0.021016147234575816,0.7605827755533584,0.017509044578591444,0.03796375664963526,0.04243672926561787
867,0.011200670872012684,0.7830075327115891,0.05245445397591273,0.1263175720719817,0.010904362355772404,0.004247599678641196,0.011867808334090273
868,0.17112211202174823,0.035257728378672346,0.3511173893681252,0.03213143740675499,0.24364061762671088,0.03778522496512861,0.1289454902328598
869,0.053951103282081934,0.34491851664015655,0.26644583206484074,0.06799256797649758,0.15103281964459364,0.07463172342219675,0.041027436969632854
870,0.03184212198961675,0.07019260566954073,0.0243337229016318,0.8263239486252111,0.004599799652703286,0.03804068046715742,0.0046671206941389255
871,0.3141103039255257,0.07334902253024203,0.28136775545591647,0.031689676282487214,0.10328428152603449,0.086749908301767,0.10944905197802715
872,0.06972647055431587,0.38327562801685844,0.291732559865968,0.054309982505961495,0.1313054430604994,0.022802922918001258,0.04684699307839544
873,0.15060461018557555,0.04391769017742404,0.09745547268287105,0.0373076866474926,0.11800265368491498,0.366329940096559,0.18638194652516277
874,0.17983189875197922,0.12605019954926047,0.13152098760946784,0.015188231866463522,0.3403606015840341,0.09718334767042698,0.10986473296836788
875,0.11439021498837014,0.191744582910281,0.24935515829605953,0.03733845844400453,0.13790394420424487,0.059975513877063645,0.20929212727997623
876,0.32650758360625076,0.04469887908075922,0.08505636898137804,0.010357696644944177,0.3719745593791953,0.00786670772340484,0.15353820458406758
877,0.28064068294954025,0.011116145193444902,0.1497055111272359,0.005133193818920008,0.5260506367021383,0.0034082273047950384,0.023945602903925507
878,0.013561268922973541,0.07855517277515253,0.09154434490223692,0.7709715935382275,0.006950016685257729,0.023616807796508054,0.014800795379643714
879,0.32398436602179176,0.08098458461368398,0.08269693797588998,0.014841068319125706,0.0595173920168723,0.3218901540261146,0.11608549702652174
880,0.3227020486880235,0.07905645508879697,0.11882777045110607,0.007456512537166319,0.27968856916600426,0.03616820320562978,0.15610044086327315
881,0.12988933740531836,0.30291598397141534,0.1914289082338064,0.1650067802583847,0.07593344308134406,0.04408031209497808,0.090745234954753
882,0.14203884483844947,0.16741922838571696,0.1656819153343666,0.19477982658263143,0.15334298520753312,0.05233514420308696,0.12440205544821543
883,0.015978917174841838,0.11738681159537603,0.19190925974596756,0.040289692907944354,0.05492938795745998,0.5655603207261655,0.01394560989224472
884,0.0636048181120107,0.14374346883617908,0.028993903675661403,0.7266964670459333,0.007629665861689459,0.02361503450705527,0.005716641961470802
885,0.10333965308637372,0.16712122738365726,0.21235649719947308,0.10375295478157573,0.1813356763052739,0.14039439851295837,0.09169959273068799
886,0.0988795924134311,0.03260685982421217,0.19463008030961465,0.018896379083986024,0.10950002060879342,0.010233952074824025,0.5352531156851386
887,0.15180673336314418,0.017484067737489655,0.08284192124061152,0.006354460756985539,0.08276422231195886,0.13570074724603778,0.5230478473437724
888,0.18357460255423647,0.14704801812241897,0.10325317546297834,0.015878685680003345,0.147979010035391,0.11301542990589679,0.28925107823907503
889,0.24030826964547466,0.18508757276208435,0.08576080556603974,0.24437723023812832,0.09739549407221172,0.022264306035845827,0.12480632168021548
890,0.022062730893151205,0.036924900746980904,0.011636437904506127,0.862989450709636,0.0030286278756449323,0.05990321866795424,0.0034546332021266604
891,0.027344619615228216,0.16730595310588192,0.04252494057443276,0.07062903467882356,0.03938999447496004,0.6116757683781573,0.041129689172516234
892,0.1712465671370984,0.015746295888179253,0.08478151343469406,0.016816761280786484,0.10277777518683014,0.4586332760476868,0.14999781102472495
893,0.3312863340462065,0.07969190622153421,0.04869163169432953,0.01331968367821578,0.0507159853831153,0.26306690459204196,0.21322755438455662
894,0.28402439664986956,0.004531717399211538,0.3010970083818536,0.0019147961912289835,0.3190570106041828,0.009905579205052977,0.07946949156860048
895,0.09025528188556106,0.10298942157558792,0.17616707965564554,0.4454047086734789,0.06885059814822955,0.011296118762596294,0.10503679129890073
896,0.29640958946503276,0.04901806080107267,0.08877739483603157,0.038599538972639735,0.10684289442332395,0.13878698310997165,0.28156553839192766
897,0.028576364530263132,0.2811373773752314,0.018715484749437857,0.4647660860822612,0.005181938083476217,0.15806410287787573,0.043558646301454264
898,0.025594669486457534,0.1064809895415503,0.15224755708890428,0.669377889640667,0.015570638525581937,0.011629407170979442,0.019098848545859432
899,0.19551798668633327,0.03732857700164895,0.2807248507622499,0.01678728755144642,0.27406237197791006,0.030596108954983027,0.16498281706542844
900,0.2174659712416757,0.039202927302934516,0.14992819107702532,0.03091087059370895,0.31954610284485996,0.03623932358107446,0.2067066133587212
901,0.012390349917797777,0.08379789115841446,0.027960639895865315,0.10790489678261664,0.005347872265873298,0.7507195143835242,0.01187883559590823
902,0.1883669952995827,0.07789654754229518,0.10908314675246053,0.005927132429952055,0.12073678984710176,0.12611255242202682,0.37187683570658087
903,0.016797332174253193,0.4087640653899552,0.005184864453223139,0.5450275064254753,0.003909875762460976,0.016347216746619125,0.00396913904801324
904,0.09520637550101953,0.0215679532912116,0.17045980941643513,0.006635096807801213,0.5276726646939901,0.02359616288265034,0.15486193740689205
905,0.24703147524063668,0.0115641938646305,0.1063540134021698,0.004864666499986538,0.2925535273927579,0.010881096388666796,0.3267510272111518
906,0.09573965010542343,0.18446032481973162,0.07859193533295473,0.036238199561101164,0.15774330606304646,0.2744350295293052,0.1727915545884374
907,0.0867699528634984,0.01183010092721515,0.3233992012108711,0.011882789489797605,0.4495185030884625,0.03139333231070429,0.08520612010945096
908,0.31162148583830346,0.12091257682088163,0.2235618727987177,0.05331918671517677,0.22579509698269473,0.010872376210221846,0.05391740463400385
909,0.33931081738354535,0.008449552278602043,0.205488287366025,0.006176005366312408,0.18888831943765783,0.012989702676511677,0.23869731549134574
910,0.04840700673486335,0.21011917649488177,0.07353829222212892,0.2412532874056877,0.03399698562796124,0.08200544401445184,0.3106798075000253
911,0.12439846997278567,0.09329250410779039,0.2753835042417734,0.030626258378747377,0.28921397096281404,0.005606871762005261,0.18147842057408384
912,0.026473038476447552,0.03962695682111781,0.019162462752808126,0.14313172876768163,0.021577202059352266,0.7001293816817699,0.0498992294408228
913,0.033612493900294145,0.13828795309969805,0.04026682703069104,0.2471496239033229,0.02756125806297945,0.04034264379026574,0.47277920021274866
914,0.18579533249451344,0.29950032926109127,0.2647968546680296,0.1022748340075503,0.08156184829241322,0.009116990179698022,0.056953811096704166
915,0.13101362237699815,0.12799746141447027,0.20310885199974446,0.05353968162068199,0.16993573807263807,0.16666993039746164,0.14773471411800537
916,0.040398550008056824,0.8799978228530566,0.02064784066485636,0.045919835487090485,0.004867105074904265,0.004955305697692522,0.0032135402143428663
917,0.011594797427863972,0.14697099741754008,0.025862159550961272,0.7545694247997929,0.003978600726478985,0.05046650656486481,0.006557513512497945
918,0.12662618359968483,0.01667986246689821,0.03160783282777616,0.0037070556831888717,0.05665205455383887,0.022153478945369554,0.7425735319232436
919,0.26588214877453653,0.1929794171456924,0.19227597202863328,0.13084449625679817,0.04611249281915812,0.09534390552446458,0.07656156745071696
920,0.018569892730626147,0.042901016428809356,0.0050061666127243915,0.4092879270805939,0.009751511389296063,0.48966511687533315,0.024818368882616848
921,0.13694163178108817,0.0761648621389314,0.36858666245788535,0.01523555873464547,0.35950420230438135,0.0038253294080309403,0.039741753175037364
922,0.003346949659657354,0.06557861730385772,0.0026396720148288643,0.9098985696831509,0.0011466467664300018,0.013471181311008778,0.003918363261066493
923,0.1465640858754469,0.029462182636901656,0.25344225192801967,0.006644101313242628,0.18909649947890045,0.01719001758264599,0.35760086118484274
924,0.03158415251487153,0.8452784244078704,0.04840343337541882,0.021000591357386588,0.009632611877330813,0.0015815186010405865,0.04251926786608132
925,0.3284744185916485,0.013468634639939464,0.18686292943832467,0.00640767781902619,0.10132717588158931,0.03957810630136638,0.3238810573281056
926,0.2495962199169275,0.02811586399386574,0.038759059725063286,0.004624181093253539,0.05431443057736929,0.13812750749720681,0.4864627371963139
927,0.005842892215017463,0.8576142056405308,0.009053268755727666,0.11952929775631371,0.001974674117495915,0.0012522763233919622,0.004733385191522508
928,0.19560650804922466,0.12183208536092327,0.24106244257955006,0.032431146757673814,0.3701436057437164,0.00643699224273499,0.03248721926617684
929,0.10233320599968398,0.034737763925449416,0.25106316504556153,0.026438426769104895,0.29927842221261547,0.0939572439396789,0.19219177210790578
930,0.18901476682962062,0.010221519391892853,0.04822661414216421,0.004346212260115261,0.09878110357276787,0.28861459912020593,0.36079518468323324
931,0.11068239012496592,0.35303571919552923,0.04161072965645104,0.09810946019198216,0.02493088207222794,0.2631604607790044,0.1084703579798394
932,0.21774286957134134,0.03653239750930575,0.2480743641368815,0.06360392440332559,0.3113215657448224,0.024068575360358037,0.09865630327396545
933,0.15751286206270151,0.06118015392471722,0.19103947632864174,0.03731273037035028,0.1782455933706166,0.35179564706358385,0.022913536879388754
934,0.02771758144673554,0.01634851675398246,0.04959161355581123,0.04003359966386867,0.05293374268174143,0.7533522062542122,0.060022739643648494
935,0.012534554597748946,0.006026670363896779,0.0045573872937059515,0.0038612153031782593,0.002831583083793256,0.9534294879673799,0.016759101390296866
936,0.015123029569640909,0.07102047968700523,0.00875275972130782,0.8856193847258268,0.0022703393714993128,0.012837555660321335,0.004376451264398593
937,0.05575868575355723,0.4251278290275814,0.07237274028795007,0.3885953634686194,0.011868375101054752,0.036059331789191365,0.010217674572045865
938,0.13257149624973855,0.21958959175161974,0.3466746513605258,0.09883387469942448,0.15234128172458206,0.0056723308661483,0.04431677334796107
939,0.017355965869116974,0.08994401024848028,0.053552926973590945,0.18141258860316015,0.033437046615487596,0.18653893115504555,0.4377585305351185
940,0.17773910809817106,0.1420259517890856,0.1391134432947256,0.29742709351138574,0.07779079320734963,0.08121720665850321,0.08468640344077916
941,0.10856672768644995,0.06728464003379842,0.513770866661648,0.02633098646742398,0.1712351476571498,0.06626768855995098,0.046543942933578886
942,0.1917988421796431,0.11037618462848897,0.07374866158346696,0.08791925934420014,0.13575895910745867,0.11594182789267597,0.2844562652640662
943,0.08775248541628682,0.03506258111541845,0.0962718127770562,0.01921869972578128,0.11653741022736601,0.07088651994385908,0.5742704907942323
944,0.05676475731096041,0.08931917110236641,0.17954750219230547,0.05110433360276513,0.2769210839962274,0.1807606058100019,0.1655825459853733
945,0.22734341152848936,0.009155235210359613,0.10729209325326203,0.004247070472227822,0.6146207686306054,0.020321400783871464,0.017020020121184285
946,0.28458383721418967,0.15818142922570025,0.17244611055351527,0.016362927804480513,0.15347046725460906,0.06392691907311111,0.15102830887439408
947,0.03845013690987296,0.6267091090044972,0.18493451524895638,0.07193976236902075,0.01543184281445557,0.007399403183824521,0.055135230469372645
948,0.13292667120721746,0.15360420333088026,0.15607397879139465,0.00731713862015855,0.18319018532676795,0.06863212679068152,0.29825569593289963
949,0.001053731470799767,0.00192227800069509,0.0023922546036748192,0.0066671959315007055,0.0012317226681164734,0.9841071288725282,0.00262568845268501
950,0.05302589271120208,0.32323224131628453,0.04659930141747119,0.5485730397085473,0.007324329467172358,0.01646861180435203,0.004776583574970589
951,0.09080562725531498,0.21902621357881663,0.15425112737819752,0.18138910977925224,0.1939475804059691,0.05245083851680636,0.10812950308564315
952,0.07606976408929464,0.13183449575016176,0.12813163182463505,0.09604131319729445,0.11045569361911751,0.3030146105469411,0.15445249097255545
953,0.036785683685632585,0.1704306869787911,0.39017452957122756,0.016163905896491727,0.05385211987880417,0.3202259506256616,0.012367123363391278
954,0.08280067265846158,0.012772952865286402,0.052147254654657194,0.015653785337219426,0.024972008551718043,0.6909033936922032,0.12074993224045412
955,0.12813070466553353,0.03037960909853814,0.09111718786547907,0.00551075033480307,0.10238638068914259,0.030967383233552925,0.6115079841129507
956,0.021640731990614084,0.0654865995953786,0.004588871482649565,0.8770808690242589,0.003483999236754009,0.023095414941798814,0.004623513728546041
957,0.25185608406378857,0.006387732920828082,0.30658057145223894,0.002709191998528846,0.3479696781142911,0.024960250055350686,0.059536491394973676
958,0.10796311808352825,0.08573642268794597,0.37949459361240284,0.033260429835282906,0.24278297783368735,0.05076455669971132,0.09999790124744132
959,0.005724739313691154,0.08435461574642873,0.013202162509502615,0.817356347520754,0.006835486636384118,0.05002680064696572,0.022499847626273467
960,0.05037002083941441,0.44113472756443806,0.11500904506774304,0.17741822585428754,0.10833825120296055,0.0323382781838954,0.07539145128726117
961,0.07369038005557343,0.02140404106524361,0.05730641056469923,0.010270786686012705,0.08162879183025462,0.018459510720581072,0.7372400790776353
962,0.10562883106883954,0.331693953140079,0.050369616928447256,0.14604662804721297,0.08401347811677069,0.20152405631959058,0.08072343637906
963,0.11134751920087989,0.0843631667455005,0.08959710513553369,0.06419995215866152,0.10159529547646465,0.48585187112533684,0.06304509015762297
964,0.25641951069634394,0.04148777768087542,0.1148259868712993,0.01303741651644243,0.45174785306728865,0.013406073273441335,0.10907538189430883
965,0.3980940473326746,0.04446094415940452,0.08015147977787787,0.006525468125398909,0.20742672642247745,0.09965305248389171,0.16368828169827493
966,0.2163743819169821,0.10206923229673963,0.19018813804494777,0.13367906625189774,0.1858985347024953,0.1008971267925107,0.07089351999442664
967,0.10505974907676996,0.049724424547857596,0.42151286614431466,0.014362719145619532,0.12861902324565658,0.037314170925440523,0.24340704691434115
968,0.05299065438337203,0.3908888840266719,0.19577950266919458,0.16309768579211464,0.08803319517729731,0.07702890380043645,0.03218117415091313
969,0.2973991228152576,0.037702824257208105,0.1932857965733315,0.006996889140470497,0.18639537089396116,0.04220052032590037,0.23601947599387074
970,0.12450538547925834,0.05756848257542672,0.18814746700043591,0.018716328329234252,0.36388516551511607,0.04860351738789899,0.1985736537126297
971,0.06765972868369248,0.1058492869680866,0.03499856380539153,0.7230094018960621,0.006517091560522941,0.05834695644638819,0.003618970639856203
972,0.1776709059201771,0.01719373928653893,0.24814241571488824,0.012106386962592053,0.47684675936158794,0.020663609622775015,0.04737618313144086
973,0.5033643488763426,0.011811381466188858,0.14459777799678758,0.01906749950709676,0.18602147990741327,0.02294681170291978,0.11219070054325113
974,0.03246822472719565,0.6275773244498898,0.21241286772514462,0.024936567360860952,0.05892703518506824,0.014692130211769216,0.028985850340071485
975,0.09819466087449093,0.3505342411009316,0.048823980066694896,0.26453572967228667,0.03681852627013791,0.14463013930757768,0.056462722707880296
976,0.08266092281690687,0.30166848142791725,0.040549855630064024,0.4073662207206851,0.017819895503101674,0.054065095516792804,0.09586952838453223
977,0.36494993801909925,0.005584318970263721,0.10909008745599066,0.003045005736646809,0.13097351858638143,0.04568103013736731,0.3406761010942508
978,0.02570677307714883,0.3227069413953942,0.022755165915251258,0.5979377231440338,0.007329954023828242,0.015671190583244798,0.007892251861098761
979,0.22383166677010768,0.08285003434435803,0.0333177843231633,0.0770930629509358,0.019529440598276,0.46371947796952817,0.099658533043631
980,0.19617881485383068,0.016792633330458297,0.06003977697650766,0.00258289791575055,0.09346234550790526,0.02005544255720025,0.6108880888583472
981,0.2025856177935998,0.00923047488312401,0.11626180481616129,0.003095968199689115,0.09766922589948064,0.18332586969551196,0.3878310387124332
982,0.17525066582384316,0.039670139308871935,0.3027790428369198,0.027474221485435196,0.22577188771907492,0.024924109891500505,0.2041299329343545
983,0.13625572368811645,0.01703554945604183,0.1846705605059883,0.008644847640012717,0.1696075468939029,0.03721157466329293,0.4465741971526449
984,0.004045721641016957,0.18321959501256116,0.00894223828986319,0.7948611109895868,0.0010804960637991448,0.0009912279374017538,0.006859610065771094
985,0.029677139767163657,0.028081175310246835,0.212825862175976,0.02066286474792713,0.2093897571798232,0.4541349762740511,0.045228224544812214
986,0.26644057794634796,0.120131300579341,0.17633643564873874,0.08278646989637198,0.2519233180995249,0.018144569043089982,0.08423732878658549
987,0.113687395047084,0.011658816333671933,0.42822990095183255,0.006416229259076781,0.22563983451652617,0.1282491853081214,0.08611863858368704
988,0.1248682770685718,0.13572966680196896,0.37163563455604126,0.09651152171014596,0.1973729860427088,0.04952987201428272,0.024352041806280596
989,0.04300869563640296,0.2870526372300894,0.3753889812311974,0.05079832883740162,0.08008922091059827,0.12467675291252385,0.03898538324178656
990,0.2682822820611878,0.09927323070295282,0.12297155153776107,0.013065845255092478,0.31439905479653485,0.003601688243048036,0.1784063474034229
991,0.12212327434771546,0.20129113707315466,0.13082691811821942,0.1180487592288012,0.10892161615569611,0.2910939595841893,0.027694335492223908
992,0.3195836443190926,0.0531667193554872,0.14129468244998228,0.015141137487908213,0.20902869668167937,0.029274927723849174,0.23251019198200124
993,0.10596251944934612,0.3902410428106252,0.08297899386400276,0.07657698107492603,0.24329925902399369,0.07364647330417162,0.02729473047293459
994,0.3917489445567493,0.022134415043120345,0.15530775223816268,0.007310150687520176,0.2775949582828818,0.021533113051968988,0.12437066613959676
995,0.17322741516247495,0.028912323377271378,0.20951014481411545,0.0034082511932041057,0.5398238806368676,0.00862199577900597,0.03649598903706059
996,0.25006406341282905,0.08663355772078485,0.05633823395046751,0.013461238777461831,0.1407061852464177,0.22602060685286252,0.22677611403917664
997,0.02903546302642055,0.2367468839329836,0.1051337179802024,0.48184158306674146,0.008690790582727698,0.12597790790734287,0.012573653503581342
998,0.11035435689070808,0.03255392023146244,0.19230936181925493,0.013586788975952016,0.5452641225288543,0.01831848624582667,0.08761296330794163
999,0.3401415702351219,0.029942412579450007,0.14862421441435383,0.006265100905196087,0.24625657437788356,0.05372192240449207,0.17504820508350255
1000,0.08680812524842829,0.025517338587836058,0.06541900443134004,0.011131035091338257,0.0373117134927246,0.002409470947550466,0.7714033122007824
