id,target_0,target_1,target_2,target_3,target_4,target_5,target_6
0,0.05129371024668217,0.023257244564592838,0.44633172154426576,0.01598717235028744,0.3412113845348358,0.02194244209676981,0.09997635558247567
1,0.013749836524948478,0.03707102201879024,0.008016955526545643,0.006157769111450761,0.0067556684371083975,0.9156015634536743,0.012647181143984198
2,0.00514360296074301,0.005579738970845937,0.0026093128137290476,0.00559239168651402,0.002188718575052917,0.9646441817283631,0.01424205806106329
3,0.6056686401367187,0.07227586209774017,0.03145104013383389,0.0055288905452471225,0.06124497205018997,0.012171910889446736,0.21165871918201445
4,0.008214666415005923,0.29711606800556184,0.013177383597940207,0.632908684015274,0.0041280017700046304,0.035454740189015864,0.009000434912741185
5,0.07411010786890984,0.21989733278751372,0.2811309278011322,0.18497931063175202,0.1607492208480835,0.006015130039304495,0.07311799228191376
6,0.023456933535635473,0.4005602300167084,0.009426681906916201,0.5629596173763275,0.0003696893254527822,0.00016050552630986203,0.0030663040932267906
7,0.002006852300837636,0.018027055822312833,0.006593237537890673,0.012892384640872478,0.004670274723321199,0.9534920930862427,0.0023181190947070716
8,0.1526074856519699,0.09725410304963589,0.25320315062999726,0.09820683747529983,0.36455702781677246,0.019977610930800437,0.014193755853921176
9,0.03861277885735035,0.5743117392063141,0.19474054574966432,0.08690838143229485,0.0664524108171463,0.02469983175396919,0.01427434254437685
10,0.36921690702438353,0.02799111194908619,0.3121309518814087,0.006321770325303078,0.24730844795703888,0.005508115328848362,0.031522685289382936
11,0.4075959324836731,0.05794493593275547,0.21429796516895294,0.007947491109371185,0.15627001821994782,0.021635666582733394,0.13430798053741455
12,0.23895325660705566,0.017985802982002495,0.32737537026405333,0.011547983530908823,0.253849458694458,0.019608209654688836,0.1306799128651619
13,0.3012813448905945,0.05777840092778206,0.3426792979240417,0.031156764924526216,0.21551713049411775,0.0280051751062274,0.023581916838884352
14,0.22182407975196838,0.1290420711040497,0.24728121161460875,0.01749156154692173,0.30694734752178193,0.039592432975769046,0.03782129734754562
15,0.0335644481703639,0.1635513797402382,0.03010167945176363,0.7275009036064148,0.008113738149404526,0.0012656386883463711,0.035902179591357705
16,0.002139870822429657,0.29755900204181673,0.0057629619259387255,0.5797639131546021,0.0025151368463411927,0.09326008707284927,0.018999052792787553
17,0.20818392932415009,0.012239052262157202,0.5319412648677826,0.013868455588817597,0.12460656985640525,0.034293081238865854,0.07486762627959251
18,0.006425113324075938,0.36887613832950594,0.05873528197407722,0.01024467907845974,0.09379239603877068,0.4510264217853546,0.010899955593049526
19,0.14266481325030328,0.06990009769797326,0.33197520971298217,0.42977294921875,0.011357623944059014,0.006261556153185665,0.008067729556933046
20,0.04692801088094711,0.22256050407886505,0.23711972832679748,0.4100997567176819,0.05143846198916435,0.0048225990030914545,0.027030988410115243
21,0.23867725133895873,0.010827702749520541,0.37544757723808286,0.003651594603434205,0.35637455582618716,0.0010144302970729769,0.014006853103637695
22,0.011689602863043547,0.04039004947990179,0.03516802936792374,0.17172896564006807,0.013072523195296526,0.7225776672363281,0.005373166501522064
23,0.2598082423210144,0.006612019520252943,0.22519948184490204,0.0007631676271557808,0.37958970069885256,0.002696218201890588,0.12533116787672044
24,0.007747030118480325,0.4986364722251892,0.014956275001168251,0.4694495916366577,0.0022071233252063394,0.004465673805680126,0.00253787919646129
25,0.7842352271080018,0.01150554334744811,0.06119634211063385,0.022213028743863106,0.029551181197166442,0.02269813735038042,0.06860053613781929
26,0.14738295674324037,0.12297685742378235,0.03509681262075901,0.017914417572319506,0.08000401705503464,0.5600935935974121,0.03653133995831013
27,0.0010699587175622583,0.0009520489576971159,0.00023124548388295807,0.00043006571213481947,0.0002569499622040894,0.9969001889228821,0.00015954026712279302
28,0.15608651116490363,0.030283097177743912,0.3196191668510437,0.02937169559299946,0.40390585660934447,0.014432485774159431,0.046301180869340895
29,0.05298058278858662,0.002616434544324875,0.05545268803834915,0.007225543446838856,0.1148585744202137,0.6288463234901428,0.13801987022161483
30,0.031063828617334366,0.5461112141609192,0.08863802254199982,0.2074812948703766,0.037479377910494806,0.004277337226085365,0.08494892343878746
31,0.19435708075761796,0.07673619240522385,0.04934589937329292,0.007385230995714665,0.11649864166975021,0.038453949615359306,0.5172230243682862
32,0.09703032895922661,0.14546693712472916,0.21238246709108352,0.026214126497507095,0.18849139362573625,0.13878720253705978,0.1916275516152382
33,0.27291335463523864,0.20353924334049225,0.18985199928283691,0.1351512387394905,0.11344397589564323,0.004910746170207858,0.08018949367105961
34,0.194136905670166,0.27930469810962677,0.09207712039351464,0.16346366107463836,0.04235054776072502,0.0758551612496376,0.15281188637018203
35,0.15491768568754197,0.04164195097982883,0.39068477749824526,0.005054873181506991,0.32330150306224825,0.0027153319213539364,0.08168385699391364
36,0.21591082215309143,0.02714158855378628,0.2466118723154068,0.010346919763833284,0.3974327504634857,0.034527039527893065,0.0680290162563324
37,0.049078289046883584,0.39483062624931337,0.17422332465648652,0.214274001121521,0.06212679296731949,0.04934934638440609,0.05611763559281826
38,0.16092879623174666,0.012130260281264783,0.4307725131511688,0.004734602803364396,0.37195602655410764,0.0016510936664417386,0.017826765403151514
39,0.16728251576423644,0.02391218449920416,0.19114186763763427,0.006740247644484043,0.5166544497013092,0.002066434221342206,0.09220230504870415
40,0.07427537441253662,0.08618386164307594,0.3491813600063324,0.09014797359704971,0.1721991091966629,0.2116982728242874,0.016314048133790494
41,0.09337275922298431,0.11350098103284836,0.1316359296441078,0.015102424286305904,0.15257723927497863,0.43845616579055785,0.055354475229978564
42,0.018107336573302747,0.6630834460258483,0.013307821936905384,0.2824057161808014,0.002068996522575617,0.0065332020865753295,0.014493433851748705
43,0.1415422461926937,0.1480086050927639,0.26560188829898834,0.030059196054935455,0.3242436915636063,0.08440452329814434,0.006139853550121188
44,0.17250503301620485,0.03162576407194138,0.5488515496253967,0.07695734351873398,0.08115124255418778,0.06908489391207695,0.01982417330145836
45,0.36448724269866944,0.008967383857816457,0.1739314839243889,0.010728288814425469,0.18802146464586258,0.16542368829250337,0.08844045177102089
46,0.00809474103152752,0.09519304856657981,0.010652405582368374,0.13801120966672897,0.007720595225691795,0.7201581835746765,0.020169851183891297
47,0.00131116369884694,0.045965925138443706,0.00010568534271442332,0.9521237015724182,1.61429451964068e-05,0.00019723688510566716,0.00028014096897095443
48,0.004113371309358627,0.12505008578300475,0.0026478092360775916,0.8458471536636353,0.0010076802835101261,0.0012876796798082068,0.02004620712250471
49,4.1089762453339064e-05,0.00045491986675187944,9.401722927577793e-05,0.000174542106105946,0.00012489222863223403,0.9990481495857239,6.24285647063516e-05
50,0.3132717549800873,0.005268914857879281,0.19508512020111085,0.008029858069494366,0.2915304571390152,0.131249363720417,0.05556454136967659
51,0.3595198094844818,0.03761666789650917,0.3078006595373154,0.00674385940656066,0.24416691660881043,0.005576313752681017,0.038575776293873786
52,0.33711285293102267,0.03651959057897329,0.05995487794280052,0.008999695116654039,0.1768674522638321,0.3065884053707123,0.07395714446902275
53,0.13388034999370574,0.05749459154903889,0.2804880917072296,0.011620887462049723,0.1803516000509262,0.00815197448246181,0.32801251113414764
54,0.13256170153617858,0.015358255989849568,0.2878793001174927,0.004161979886703193,0.1660138636827469,0.04213030003011227,0.3518945872783661
55,0.13119482845067978,0.07898846492171288,0.07729999795556068,0.021689443662762643,0.0933248832821846,0.12723532766103746,0.47026702761650085
56,0.16360166668891907,0.17128102630376815,0.243686306476593,0.02978340219706297,0.338730126619339,0.016708032693713903,0.03620939049869776
57,0.03733035251498222,0.0068381188437342645,0.01469310037791729,0.0004064679174916819,0.04244278557598591,0.019501909520477055,0.8787872791290283
58,0.1586626574397087,0.030792319029569627,0.44105859398841857,0.04103568904101849,0.2435007408261299,0.003241203841753304,0.08170880377292633
59,0.19342750906944275,0.11377903893589973,0.15390939861536027,0.031391048803925514,0.39582677483558654,0.012126519903540611,0.09953974485397339
60,0.05812873691320419,0.023885947093367575,0.20644959211349487,0.0049628401175141335,0.5399063885211944,0.02041534800082445,0.1462511457502842
61,0.258315309882164,0.16078253090381622,0.1828533113002777,0.005362203530967236,0.20061977356672286,0.022810200601816176,0.16925667226314545
62,0.052487421035766604,0.21660766303539275,0.33164964616298676,0.18103477358818054,0.12525985166430473,0.012101574800908566,0.08085905611515046
63,0.18649164736270904,0.018632175959646703,0.19497157633304596,0.0014459893689490854,0.2184520110487938,0.012970160087570548,0.36703644692897797
64,0.12650269865989686,0.005241170339286327,0.08617668971419334,0.0020937157096341252,0.16308562010526656,0.027653072029352188,0.589247053861618
65,0.1779777929186821,0.0027287785895168783,0.21793484985828399,0.0010749914566986264,0.5881703138351441,0.0057072416879236695,0.006406032666563988
66,0.1123472660779953,0.024241251684725285,0.3017272621393204,0.0031536875758320093,0.19124332964420318,0.02907428815960884,0.33821289539337157
67,0.11500025019049645,0.05856214202940464,0.06857945248484612,0.060697824507951734,0.08924284055829049,0.44834819436073303,0.15956932455301284
68,0.15420351475477218,0.02698818612843752,0.07214410081505776,0.0026962765958160164,0.14494872838258743,0.10077564641833306,0.498243522644043
69,0.006545636802911758,0.892209267616272,0.01799157876521349,0.02653701864182949,0.01011619521304965,0.002785647986456752,0.04381465129554272
70,0.17716265171766282,0.04247128777205944,0.25270082652568815,0.02021761890500784,0.2699082314968109,0.004070213111117482,0.2334691822528839
71,0.20060953348875046,0.11015195101499557,0.29692230820655824,0.036523209884762764,0.1972097173333168,0.0063000601716339585,0.15228323638439178
72,0.0009510488482192159,0.7906775951385498,0.004400492948479951,0.19326287806034087,0.001268921885639429,0.004451854387298226,0.004987254086881876
73,0.020566044747829436,0.007018227688968181,0.050595874339342116,0.0064005497843027115,0.10398667864501476,0.7903320550918579,0.02110059726983309
74,0.005231895763427019,0.6869824051856994,0.007961603812873363,0.2132948249578476,0.004214920033700764,0.0661937901750207,0.016120512783527375
75,0.14386075139045715,0.06062998063862324,0.25923724174499513,0.010175659088417888,0.25885325372219087,0.09711825624108314,0.17012488469481468
76,0.08160926401615143,0.22326766550540925,0.14508119076490403,0.005339935561642051,0.20528088212013246,0.03895774595439434,0.3004632964730263
77,0.11152761653065682,0.018188290204852818,0.14319266974925995,0.007576186861842871,0.12935286834836007,0.0483453992754221,0.5418169558048248
78,0.23843500316143035,0.014690337516367436,0.24567048549652098,0.003148239525035024,0.34413024187088015,0.006404602713882923,0.14752106815576554
79,0.001222166616935283,0.3009187251329422,0.0033652699086815117,0.6818995356559754,0.001118678937200457,0.003176690568216145,0.008298917952924968
80,0.15993163287639617,0.02161356955766678,0.2401969999074936,0.01015363447368145,0.2508395045995712,0.17666326612234115,0.14060138761997223
81,0.21076083183288574,0.09500154405832291,0.3173654764890671,0.06392697654664517,0.23212021589279175,0.0058486582711339,0.07497628070414067
82,0.1675293803215027,0.005511171836405993,0.06760607361793518,0.0016745716333389283,0.1539406508207321,0.07589275762438774,0.5278454005718232
83,0.027852487564086915,0.5053276896476746,0.07097029089927673,0.30409833788871765,0.0035887263715267182,0.08361618621274829,0.004546280740760267
84,0.2557983696460724,0.0163260318338871,0.4174810290336609,0.0020327125443145634,0.2918733298778534,0.002677778387442231,0.013810724392533303
85,0.41235009431838987,0.017576949670910835,0.2959899455308914,0.11099914908409118,0.050475431978702544,0.017037573084235192,0.09557087272405625
86,0.013875911338254809,0.1882422685623169,0.016195349860936403,0.757522463798523,0.0025844911811873316,0.01930772103369236,0.0022717958316206934
87,0.23579180091619492,0.11976422369480133,0.03195007387548685,0.34521635472774503,0.02092220727354288,0.07096582017838955,0.17538951337337494
88,0.11971598267555236,0.037528491020202635,0.07170733138918876,0.0033689613919705153,0.17446091026067734,0.17933116257190704,0.4138871610164642
89,0.011017261259257793,0.011448298208415508,0.06300805434584618,0.0025709263049066068,0.04394337236881256,0.857528817653656,0.010483263153582811
90,0.21484462916851044,0.025024849362671374,0.11312266439199448,0.0037784284446388482,0.30924818515777586,0.004006092855706811,0.32997515201568606
91,0.25284727811813357,0.007775597088038921,0.18062569051980973,0.0013379574404098094,0.1134042426943779,0.0047227994073182344,0.43928641080856323
92,0.03315378539264202,0.566501772403717,0.06412793546915055,0.11597994938492776,0.12569249421358109,0.05012698285281658,0.044417078420519826
93,0.11300756931304931,0.31744312644004824,0.012173077929764986,0.03687187060713768,0.020040014013648032,0.4532869756221771,0.047177371382713315
94,0.006004020664840936,0.5250010013580322,0.007344226073473692,0.45747130513191225,0.0008971500967163593,0.0005146574345417321,0.0027676151832565664
95,0.0700194552540779,0.20074925869703292,0.0679675780236721,0.05139913409948349,0.1388865292072296,0.3334814816713333,0.13749655932188035
96,0.009100379981100559,0.10101020783185959,0.0071370034012943505,0.8790976762771606,0.0004570825418340974,0.001749974355334416,0.0014476663433015346
97,0.1992153689265251,0.10130720734596252,0.31130337417125703,0.1122567355632782,0.2013691246509552,0.046727273240685464,0.0278208926320076
98,0.11283736377954483,0.02271509952843189,0.04791127815842629,0.008151826355606318,0.04217794742435217,0.7181895256042481,0.04801695458590984
99,0.2650722026824951,0.00947342668659985,0.10234792828559876,0.03931397795677185,0.1345142677426338,0.10074966251850129,0.3485285401344299
100,0.27807985842227934,0.009341494273394346,0.04714642539620399,0.000687791802920401,0.12248653620481491,0.001595975097734481,0.5406619250774384
101,0.4834151029586792,0.005056344391778112,0.16497604846954345,0.0014088127762079238,0.2352336287498474,0.02637297660112381,0.08353711254894733
102,0.21790143549442292,0.01622480880469084,0.23975842595100402,0.0012168666115030646,0.4653188079595566,0.002343820477835834,0.05723583921790123
103,0.026329081133008005,0.03710879683494568,0.0416143573820591,0.008960616402328014,0.0599705420434475,0.8045923113822937,0.021424307860434054
104,0.38274728655815127,0.09801527708768845,0.17736226320266724,0.03232938558794558,0.15446196049451827,0.015610307548195123,0.1394735038280487
105,0.019136958103626967,0.3484534680843353,0.01455240286886692,0.5574182629585266,0.01075305559206754,0.03518462777137756,0.014501224365085363
106,0.16279560029506684,0.017662223801016806,0.25113384425640106,0.005271127074956894,0.5312411665916443,0.0092698335647583,0.02262622248381376
107,0.04301226027309894,0.06280154194682837,0.013142848387360573,0.09414154067635536,0.022898884397000073,0.13685789257287978,0.6271450281143188
108,0.012894754018634557,0.3531398415565491,0.07199196144938469,0.46045546531677245,0.04415057301521301,0.039200206845998765,0.018167147226631642
109,0.14628105610609055,0.12301338315010071,0.22843677997589112,0.003322155075147748,0.37177869081497195,0.010556113068014383,0.11661184281110763
110,0.2088230088353157,0.0068460212554782626,0.1265556439757347,0.014399993792176246,0.06863704845309257,0.3765044748783112,0.19823382645845414
111,0.0926842637360096,0.3542446672916412,0.052928512543439867,0.04886521659791469,0.10868000388145446,0.14641072750091552,0.19618661403656007
112,0.15445038825273513,0.017585363052785397,0.2795980840921402,0.005656308215111494,0.49537193775177,0.026480400189757346,0.02085753418505192
113,0.18977765440940858,0.1402372106909752,0.10925962589681149,0.4181573331356049,0.01522500291466713,0.03349394714459777,0.09384922906756402
114,0.3567814826965332,0.04457258358597756,0.1619081288576126,0.04278075937181711,0.21359253227710723,0.017959775030612947,0.16240470558404924
115,0.10715598687529564,0.34356034696102145,0.10535723194479943,0.44070592522621155,0.0008197349612601102,0.0005503899221366737,0.0018503765924833715
116,0.010428001545369625,0.027269357442855836,0.01475091241300106,0.18474436700344085,0.00905957268550992,0.7349615216255188,0.018786281533539295
117,0.019589349813759326,0.2871296316385269,0.044266356900334355,0.5600395441055298,0.003640319500118494,0.08372902832925319,0.0016057927277870476
118,0.013345542270690203,0.002705703815445304,0.002093946735840291,0.0010815545683726668,0.004970471234992146,0.9624353766441345,0.01336739519611001
119,0.08317953944206238,0.014237131550908088,0.1475064605474472,0.0032114409317728133,0.2184725284576416,0.006864925916306675,0.5265279352664948
120,0.13808993995189667,0.012806617747992277,0.40255948305130007,0.0015569140552543104,0.4289436340332031,0.01057785926386714,0.005465511512011289
121,0.1828237235546112,0.06488043144345283,0.1875811904668808,0.029437021911144258,0.24082705676555632,0.022787078469991683,0.2716634839773178
122,0.0017797132721170783,0.0507734552025795,0.0031175702344626187,0.1570429489016533,0.0011105847195722162,0.7841216206550599,0.002054121787659824
123,0.15575979351997377,0.03570908419787884,0.08968677371740341,0.028657861799001694,0.13580483049154282,0.13000108450651168,0.4243805527687073
124,0.1940223515033722,0.16202388554811478,0.13051247894763945,0.012144766468554734,0.11573535203933716,0.036002475395798685,0.349558687210083
125,0.014210761897265911,0.05310286357998848,0.011993344873189926,0.816336476802826,0.004983341880142688,0.009647110756486655,0.08972612097859382
126,0.1843677282333374,0.033037470281124116,0.18735717833042145,0.013057001307606697,0.1999748855829239,0.27443861663341523,0.10776712074875831
127,0.22573048770427703,0.009387271665036678,0.32400923371315005,0.005647510010749102,0.3835739612579346,0.0012551715248264373,0.05039634704589844
128,0.31453728675842285,0.017892033234238623,0.04892222173511982,0.010786983370780944,0.0672189824283123,0.4683050274848938,0.07233743593096734
129,0.03603536393493414,0.03646728433668613,0.04686793461441994,0.010660035349428654,0.04193215072154999,0.5921263754367828,0.2359108328819275
130,0.0028859860263764857,0.8849593281745911,0.002848782017827034,0.09472004622220993,0.001019030314637348,0.00048237829469144344,0.01308445418253541
131,0.2587121605873108,0.014243628457188606,0.24125762283802032,0.0034078695811331273,0.46887784004211425,0.0010686891968362034,0.012432176992297173
132,0.01259363880380988,0.022061719000339507,0.01815292160026729,0.9323832154273987,0.0012284590455237776,0.013123405305668712,0.0004566097282804549
133,0.14806390181183815,0.007753074308857322,0.25522904098033905,0.007161698304116726,0.3672418504953384,0.11486463695764541,0.0996858075261116
134,0.1331500679254532,0.013648747559636831,0.47192397713661194,0.007654465781524777,0.31048683226108553,0.0017629261827096343,0.06137298233807087
135,0.007871024031192064,0.4189675092697144,0.00908599803224206,0.5527571856975555,0.0013820921536535024,0.007629563054069877,0.0023066409514285622
136,0.1278312996029854,0.03790185451507568,0.4514614224433899,0.06810276508331299,0.1468014031648636,0.0038644516724161805,0.1640368416905403
137,0.2814207077026367,0.09042362868785858,0.24154432713985444,0.02019705604761839,0.19614573419094086,0.009326232224702835,0.16094230562448503
138,0.16504171788692473,0.018941734544932844,0.18946556746959686,0.002308334200643003,0.39308931231498717,0.03352295570075512,0.19763036370277404
139,0.029351394437253476,0.16496751308441163,0.005412929691374302,0.41398587822914124,0.007171734329313039,0.11322905793786049,0.26588148176670073
140,0.10497776120901108,0.09099002182483673,0.11185995638370513,0.03362548798322677,0.1824474036693573,0.04731020107865334,0.42878914475440977
141,0.06653976067900658,0.12257772088050842,0.2250618278980255,0.0545195996761322,0.378912141919136,0.10538155734539031,0.047007381543517114
142,0.22723329067230225,0.021804751828312874,0.1468771994113922,0.00806405460461974,0.43104201555252075,0.03137803375720978,0.1336006700992584
143,0.012532237637788057,0.13513275980949402,0.026489055901765823,0.8177103996276855,0.002076701575424522,0.00016954341481323354,0.00588926924392581
144,0.12055711597204208,0.010342251695692539,0.029129691794514655,0.0011047336040064693,0.08425685167312622,0.010274962615221738,0.7443343758583069
145,0.027053457871079444,0.06228412464261055,0.033560704067349435,0.044726468808948996,0.07672043591737747,0.2641071081161499,0.49154770374298096
146,0.0005173777899472043,0.0033339363930281253,5.491315860126633e-05,0.006018923729425296,5.030565462220693e-05,0.9900049090385437,1.963529693966848e-05
147,0.007676022034138441,0.5753170490264893,0.00390353761613369,0.2398495554924011,0.0029381509870290757,0.003329193452373147,0.1669864684343338
148,0.013396961428225041,0.23033759295940398,0.028957077860832216,0.6486919939517974,0.01125396741554141,0.03086232841014862,0.03650007992982864
149,0.21854874193668367,0.07844164222478867,0.3749669373035431,0.06958610713481903,0.1403776302933693,0.017302228324115276,0.10077672749757767
150,0.0048956661485135555,0.7019509434700012,0.019006291590631007,0.2188628911972046,0.011639637500047683,0.019917423743754624,0.023727154731750487
151,0.1797840878367424,0.043887609988451,0.3707494020462036,0.03855061791837215,0.22692485451698302,0.08814849853515624,0.05195491909980774
152,0.0009065506979823113,0.019295721501111984,0.002070414205081761,0.007720550708472729,0.0005808260117191822,0.9692487597465516,0.0001771703304257244
153,0.008008799329400063,0.27332746982574463,0.010845430381596088,0.696021580696106,0.0014309711405076087,0.00557250683195889,0.0047932677436619995
154,0.06268206387758254,0.1727426454424858,0.016853669099509715,0.3778635859489441,0.009411930153146387,0.03281761314719915,0.32762849926948545
155,0.15114782899618148,0.05031235478818417,0.14696017950773238,0.007799576828256249,0.16496925204992294,0.40661275684833526,0.07219805866479874
156,0.12850479185581207,0.20337215662002564,0.25197931528091433,0.056926698237657544,0.23420938551425935,0.08245956599712372,0.04254808910191059
157,0.15617807060480118,0.16477030813694,0.1502701759338379,0.012464386411011219,0.2268342673778534,0.058146171271800995,0.23133663237094879
158,0.00970744383521378,0.2892813801765442,0.004537613084539771,0.598773193359375,0.0021347728208638726,0.013530568685382605,0.08203504234552383
159,0.00023104877764126285,0.002157171117141843,0.00035707150818780063,0.007971646171063185,0.00022929068218218162,0.9890094518661499,4.432991008798126e-05
160,0.0184267345815897,0.30516543090343473,0.01205234881490469,0.01976386774331331,0.019407008588314057,0.5490948557853699,0.07608975619077682
161,0.1296390175819397,0.05225793346762657,0.5601704776287079,0.052083653211593625,0.14708068668842317,0.02802394088357687,0.030744270980358125
162,0.1804809883236885,0.08698522448539733,0.18334282338619232,0.02543843612074852,0.2503351092338562,0.08331830576062202,0.19009909629821778
163,0.01412896797992289,0.18327007591724395,0.0027805622667074203,0.7831177473068237,0.0006914856028743088,0.0010968437301926315,0.014914358500391245
164,0.07691309526562691,0.147702918946743,0.07900535166263581,0.06611335389316082,0.31991626918315885,0.17726128101348876,0.13308773785829545
165,0.4138468623161316,0.0047371973749250175,0.12621093690395355,0.0033956819213926794,0.28175484836101533,0.0669636495411396,0.10309082493185998
166,0.15928166806697847,0.10373603999614715,0.08813193291425706,0.25609410405158994,0.030131359957158564,0.1870602011680603,0.17556472420692443
167,0.7087234377861023,0.020643995702266695,0.1346611961722374,0.0029364193323999643,0.09365956485271454,0.00471919933333993,0.03465612344443798
168,0.08462190255522728,0.0006395312026143074,0.012302098516374826,0.0002621556515805423,0.034220340102910994,0.002094863262027502,0.8658591151237488
169,0.19272722899913788,0.07948457673192025,0.19982179999351501,0.009341408871114254,0.38208184242248533,0.032025177404284476,0.10451797991991044
170,0.10975556150078773,0.03982278667390347,0.12486280053853989,0.007386281667277217,0.08896978944540024,0.01083580981940031,0.6183669686317443
171,0.1952144742012024,0.11957722306251525,0.4388985872268677,0.049293257668614386,0.1513547793030739,0.01255673123523593,0.033104945346713065
172,0.40388619899749756,0.009171577077358961,0.1955186128616333,0.0014971512136980891,0.24356248676776887,0.013944221567362547,0.13241971731185914
173,0.22902806103229523,0.30366021394729614,0.14088903665542601,0.04308310635387898,0.1317266196012497,0.02093343883752823,0.13067952543497086
174,0.4363513708114624,0.06440551653504371,0.10036990717053414,0.057691486366093156,0.07825883738696575,0.03949139639735222,0.22343152463436128
175,0.12765948474407196,0.00817066729068756,0.18028753399848937,0.004381492268294096,0.4490706741809845,0.015421014465391635,0.21500912457704544
176,0.048307239264249804,0.11242503821849822,0.5948099017143249,0.09206110835075379,0.12203003913164139,0.008214709116145968,0.022151925042271613
177,0.15441765040159225,0.09016555175185204,0.37660714983940125,0.020240994915366173,0.33211763501167296,0.005936618242412805,0.020514399744570255
178,0.006675817165523767,0.21055023670196532,0.0056422799825668335,0.6968629956245422,0.0036373593378812076,0.05629903003573418,0.02033228799700737
179,0.1796024262905121,0.1016811452805996,0.2785576909780502,0.050599823519587514,0.22635464370250702,0.03890628851950169,0.12429797947406769
180,0.004443923011422157,0.022030866425484418,0.005563570046797394,0.012856712657958269,0.004758494556881487,0.9480270504951477,0.002319386205635965
181,0.048983489722013475,0.23984505832195283,0.09297840744256973,0.2642159104347229,0.07035027742385865,0.05082708895206452,0.23279976546764375
182,0.10482957288622856,0.001346340449526906,0.0250466488301754,0.0006589357159100473,0.03643905445933342,0.00608022315427661,0.8255992293357849
183,0.11073684766888618,0.05572093389928341,0.6464965999126434,0.030366603285074234,0.10951932221651077,0.02293980196118355,0.024219935759902
184,0.08927972689270973,0.5697004735469818,0.040589844807982445,0.2286119282245636,0.00669895838946104,0.04995491616427898,0.015164149645715951
185,0.32862776815891265,0.0018040385330095887,0.16067615300416946,0.0009154902771115303,0.4024136304855347,0.0011031582835130394,0.1044597677886486
186,0.11521742045879364,0.06520363166928292,0.062145522236824034,0.025064056366682054,0.15509052872657775,0.08613349348306656,0.4911453425884247
187,0.05451759919524193,0.05535038784146309,0.20051658302545547,0.10225794017314911,0.12978649735450745,0.41188637018203733,0.04568458124995232
188,0.11424591690301895,0.42027283310890196,0.17809111326932908,0.2162134736776352,0.027744779735803603,0.0043872931797523055,0.03904461730271578
189,0.04594979882240295,0.08328395783901214,0.05691714361310005,0.023757008090615272,0.12741178274154663,0.37693225145339965,0.2857480555772781
190,0.0027822881238535047,0.08478044122457504,0.0019496775115840138,0.8862498044967652,0.00021525634001591244,0.023824677057564258,0.0001978273838176392
191,0.00806537140160799,0.08243480771780014,0.015716302022337914,0.8465347647666931,0.0030514903366565703,0.007420375756919384,0.03677688352763653
192,0.3722322404384613,0.08316692113876342,0.23293561339378357,0.057603349164128306,0.11251797527074814,0.11847327798604965,0.023070592246949673
193,0.06552891284227372,0.08861351683735848,0.05684503093361855,0.1902547836303711,0.06186289936304092,0.2590600520372391,0.2778347909450531
194,0.18656968474388122,0.17419065833091735,0.12417206615209579,0.06772310435771942,0.1943504512310028,0.14904387146234513,0.10395018681883812
195,0.24105030298233032,0.02217649221420288,0.37617952227592466,0.008717195503413678,0.29087058305740354,0.011660522688180209,0.049345388635993005
196,0.007946140679996461,0.04487104006111622,0.0012593817198649048,0.9273701667785644,0.00024884155282052235,0.016931010154075922,0.0013734086736803875
197,0.1037459872663021,0.2581844598054886,0.18488263189792634,0.06066000536084175,0.35856510102748873,0.01374425208196044,0.0202175198122859
198,0.33056747913360596,0.0342612911015749,0.3311285674571991,0.026051282323896884,0.20976219177246094,0.0005882726807612925,0.06764092221856118
199,0.4482261955738068,0.027710311114788055,0.10807567685842515,0.10639440789818763,0.0535418838262558,0.012513878382742405,0.24353766441345215
200,0.04398852773010731,0.4980777740478516,0.048862216621637346,0.3414499580860138,0.010118658188730478,0.017359175812453033,0.04014368280768395
201,0.39079818725585935,0.005112633714452386,0.04848592281341553,0.0006372674310114234,0.06828071326017379,0.0065399291925132275,0.48014535903930666
202,0.0978807970881462,0.09655203372240066,0.2513762146234512,0.3554013431072235,0.06409842297434806,0.005283334385603666,0.1294078692793846
203,0.01660318821668625,0.14790111631155015,0.04174436554312706,0.2579425901174545,0.019115606509149074,0.46158584356307986,0.05510729029774666
204,0.08921188786625862,0.1279379114508629,0.20037348866462706,0.046445521712303164,0.11061487942934037,0.34817511439323423,0.07724118530750275
205,0.02042292058467865,0.7791764974594116,0.018168629333376884,0.1258017376065254,0.008312969282269479,0.014815879287198186,0.03330136481672526
206,0.0810166746377945,0.17413390576839446,0.09259996488690377,0.5999754905700684,0.01297058742493391,0.007224724628031254,0.032078667730093005
207,0.10632382407784462,0.11566115766763688,0.3041673243045807,0.04126196019351482,0.15072917342185974,0.2590532064437866,0.02280332613736391
208,0.14992705732584,0.01624538963660598,0.18428748548030854,0.010082900081761182,0.17132328301668168,0.4012229472398758,0.06691091954708099
209,0.2729161113500595,0.002920511760748923,0.2529970735311508,0.0018187480396591126,0.43572171330451964,0.0013106070226058363,0.03231520075351
210,0.06542170196771621,0.08005609437823295,0.1320021316409111,0.6192944049835205,0.03059206120669842,0.0567740298807621,0.01585957109928131
211,0.18415952920913697,0.18200104534626008,0.20033185482025145,0.01080305241048336,0.1962459310889244,0.08453237041831016,0.14192622005939484
212,0.07742923200130462,0.012522025778889657,0.689497709274292,0.047004155814647675,0.14424412399530412,0.005464772693812847,0.02383794840425253
213,0.19236396700143815,0.008474685344845056,0.17122758328914642,0.0035970719531178475,0.17161949425935746,0.00325012921821326,0.44946709275245667
214,0.09623140394687653,0.25807744562625884,0.04490941651165485,0.4871199131011963,0.01434241971001029,0.05865231566131115,0.04066707864403725
215,0.11521343439817429,0.23648817241191863,0.25403785407543183,0.15401700139045715,0.08736049532890319,0.12720755040645598,0.02567550651729107
216,0.0711929365992546,0.02654912564903498,0.18257558345794678,0.00916615768801421,0.5190703451633454,0.11028516963124275,0.08116062805056572
217,0.0028941762051545084,0.08969176635146141,0.0031180467340163887,0.7540687322616577,0.0007443556096404791,0.145574851334095,0.003908104076981544
218,0.0035587712423875927,0.009925080090761184,0.004754598997533321,0.025108555797487497,0.0045612332411110405,0.9450863122940063,0.007005466776899993
219,0.008197595179080964,0.017043644096702337,0.003662816667929292,0.030506659485399722,0.0006892192352097482,0.9397245287895203,0.0001755341865646187
220,0.47187855243682864,0.026033879444003104,0.22710292637348176,0.022161982581019403,0.05890468955039978,0.1735753208398819,0.02034262241795659
221,0.02139544617384672,0.010176360700279474,0.12178043276071548,0.13708010613918303,0.019921987690031527,0.6878879785537719,0.0017576894257217645
222,0.07975204065442085,0.07044051885604859,0.06528625637292862,0.07927895709872246,0.12873121500015258,0.4556450605392456,0.12086592465639115
223,0.3588156789541245,0.022311238944530486,0.2896082431077957,0.009413991309702396,0.2941188633441925,0.0034479428781196476,0.022284038923680784
224,0.23209527730941773,0.10514566600322724,0.29986214339733125,0.20272044241428375,0.05547476708889008,0.0023290569079108536,0.10237267017364501
225,0.00014486996878986246,0.000432986140367575,5.4899073802516796e-05,0.0014393222867511214,0.0001372787191940006,0.9975316762924195,0.0002590071118902415
226,0.21191093921661378,0.0153386315330863,0.03665026910603046,0.0029125513508915903,0.04536768011748791,0.09392852783203125,0.5938913941383361
227,0.05238272175192833,0.5725732564926147,0.08184094280004502,0.12030255347490311,0.03735441714525223,0.042535208910703656,0.09301092028617859
228,0.22370697259902955,0.08715223297476768,0.25216464400291444,0.03886974789202213,0.2559876710176468,0.003747355472296476,0.13837140202522277
229,0.7230385184288025,0.0625709280371666,0.09035285338759422,0.04167515859007835,0.02469553193077445,0.025981566589325666,0.03168545123189688
230,0.019670411385595797,0.23366140723228454,0.043127906322479245,0.5635516941547394,0.02969577703624964,0.04605581294745207,0.0642369844019413
231,0.010569950100034475,0.041051816754043104,0.014800572348758579,0.007048415299504995,0.01590980961918831,0.8993649363517762,0.011254486348479985
232,0.021580765955150127,0.3821279227733612,0.033291495963931085,0.4823295116424561,0.02071322835981846,0.007881236961111426,0.05207582712173462
233,0.1493367612361908,0.007843454089015722,0.24306265115737916,0.0024131350219249725,0.5255444765090942,0.003186380001716316,0.06861313730478287
234,0.21652422845363617,0.0066067629493772985,0.0487456314265728,0.0015700986376032233,0.038119913265109065,0.18942501097917558,0.4990083396434784
235,0.2242579311132431,0.005220789648592472,0.17535470873117448,0.004165297490544617,0.2858620911836624,0.011103847529739141,0.29403533339500426
236,0.049028510600328444,0.4534168541431427,0.06583591997623443,0.27074806988239286,0.029452135786414146,0.04584607146680355,0.08567246198654174
237,0.10971448048949242,0.14599066078662873,0.1757686361670494,0.053657205402851106,0.1979130119085312,0.05513980314135551,0.2618162199854851
238,0.023808404058218,0.12665563225746154,0.0244506424292922,0.6384743690490723,0.008172106044366956,0.005106697371229529,0.17333219349384307
239,0.28042991161346437,0.011039398843422532,0.05163067728281021,0.001565881574060768,0.2267659954726696,0.022528924979269505,0.40603923201560976
240,0.07761763036251068,0.08736811242997647,0.13837556689977645,0.021520561166107656,0.22123563289642334,0.02452882528305054,0.42935367226600646
241,0.09535310715436936,0.01814374476671219,0.48218854069709777,0.010636826884001494,0.3832644045352936,0.005161290802061558,0.005252076452597976
242,0.0014565941557521,0.010886269621551037,0.0013437105371849611,0.9815723657608032,4.6849734280840495e-05,0.004621953575406223,7.225812660180964e-05
243,0.2459450989961624,0.04981819242238998,0.24004978835582733,0.006096289912238717,0.43252243995666506,0.0037853607907891275,0.021782810986042022
244,0.44355196356773374,0.13573657125234603,0.06819925382733345,0.00927401784574613,0.11541360765695571,0.021991760842502116,0.20583283007144929
245,0.0023700455436483025,0.005886433436535299,0.0043408518191427,0.12155599668622016,0.002990059880539775,0.8589443683624267,0.003912224899977446
246,0.0004889695264864713,0.0019576910301111637,0.0007803379266988486,0.013956202473491431,0.0005508842223207466,0.979080593585968,0.003185354289598763
247,0.032293117791414264,0.6090237140655518,0.10641085356473923,0.22292257249355316,0.008960989583283663,0.0006639501283643767,0.01972486572340131
248,0.16423594057559968,0.07197107076644897,0.3845801830291748,0.011163447704166173,0.31673831343650816,0.02699808105826378,0.024312963522970677
249,0.003760401508770883,0.7073366641998291,0.0016231513349339367,0.2774249315261841,0.0005577413481660187,0.002995838213246316,0.006301307724788785
250,0.006045324192382395,0.04363456889986992,0.0017874498851597309,0.9099743366241455,0.002159806084819138,0.014397060684859752,0.022001411439850925
251,0.006114965490996838,0.30491316616535186,0.02010418428108096,0.6309040427207947,0.0059132778085768225,0.009763736883178354,0.022286629304289818
252,0.06192923411726951,0.09123560860753059,0.0986551359295845,0.010015677288174629,0.2011450231075287,0.1539177380502224,0.3831015586853027
253,0.08416747450828552,0.06716856807470321,0.4079625427722931,0.10194001048803329,0.17293068766593933,0.11404624357819557,0.05178446471691132
254,0.0741509109735489,0.33062986731529237,0.012138266302645206,0.18389963060617448,0.012181598041206599,0.2850910574197769,0.10190865471959114
255,0.08763375580310821,0.061420946195721624,0.11289966851472855,0.005827587563544512,0.4093178689479828,0.10412684977054595,0.2187732934951782
256,0.23610925078392028,0.2772590458393097,0.19564467221498488,0.07714594975113868,0.08999663144350052,0.028469278197735547,0.09537514597177506
257,0.21790888011455536,0.06572825908660888,0.16998898088932038,0.001628501550294459,0.252779957652092,0.0050754697993397714,0.28688992857933043
258,0.10600345581769943,0.194648315012455,0.11746660694479942,0.08473415821790695,0.16972704529762267,0.2507083475589752,0.07671205177903176
259,0.16877035796642303,0.2386549711227417,0.20122222751379013,0.12785488069057466,0.11453080102801323,0.06551254168152809,0.08345420435070991
260,0.15861053466796876,0.0014736149227246643,0.04467766657471657,0.0002284983202116564,0.13834192454814911,0.0018260724958963693,0.6548416912555695
261,0.08942208886146545,0.0759892776608467,0.2391885295510292,0.015007975324988366,0.2114262416958809,0.28735446333885195,0.08161145746707917
262,0.1431533083319664,0.0729098916053772,0.1756309062242508,0.05081316865980625,0.2273995488882065,0.029126266576349737,0.30096690356731415
263,0.009616787545382977,0.35493185222148893,0.009228590410202742,0.20558102279901505,0.010116207646206021,0.2798107087612152,0.1307148113846779
264,0.21025410592556,0.014709771052002907,0.23314082622528076,0.01603017244488001,0.3565641134977341,0.08429530486464501,0.08500571101903916
265,0.005846409918740391,0.13879428654909134,0.021313798800110816,0.7782772183418274,0.010751715721562504,0.016993293538689613,0.02802325077354908
266,0.16056591421365737,0.002437695604749024,0.04239111617207527,0.004671268607489764,0.07010096162557602,0.0016007717815227807,0.718232262134552
267,0.059811797738075254,0.05368573218584061,0.04304894264787436,0.6269256114959717,0.0037019431125372647,0.2109689623117447,0.0018570150714367628
268,0.15611332803964614,0.05612557530403137,0.13320837616920472,0.44659804701805117,0.037170328199863434,0.08587833940982818,0.08490604758262635
269,0.03937010802328587,0.019218718633055687,0.2112811252474785,0.002925954572856426,0.6075310409069061,0.022972998768091203,0.09670002721250057
270,0.22878043055534364,0.0485715001821518,0.22644518315792084,0.024488384649157525,0.13699887990951537,0.023883423209190367,0.3108322203159332
271,0.12864806801080703,0.037389598041772845,0.4347371578216553,0.013052522018551827,0.3807979881763458,0.0007174174708779902,0.004657234996557236
272,0.23816033601760864,0.01190910404548049,0.170349383354187,0.00714499345049262,0.2931046336889267,0.03730995133519173,0.24202156960964202
273,0.015725540556013586,0.11731375604867936,0.01379543710500002,0.8200616359710693,0.005696198577061296,0.020092369709163903,0.007315045688301325
274,0.017269399622455238,0.15785501003265381,0.012629460077732801,0.803082287311554,0.0012411968084052206,0.005428796238265932,0.0024938286980614064
275,0.001989077439066023,0.33743969202041624,0.0013210558448918165,0.6500555396080017,0.00030537779966834935,0.002494347549509257,0.0063948928844183685
276,0.42152575850486756,0.08089056983590126,0.15078310519456864,0.011480771566857584,0.13586216419935226,0.010438045673072337,0.18901957869529723
277,0.0973474733531475,0.1968915656208992,0.0247996523976326,0.059283454343676566,0.03899323083460331,0.41176161766052244,0.17092301547527314
278,0.05292011797428131,0.01650373488664627,0.009812235832214355,0.00962793272919953,0.013621230609714985,0.7904955863952636,0.10701919049024582
279,0.01403288058936596,0.5631056547164917,0.023346283286809922,0.3873269855976105,0.0035464955493807794,0.0011212097655516119,0.007520475005730986
280,0.014961942471563816,0.23871781304478645,0.00851407926529646,0.13253289386630057,0.013351175840944052,0.5641299962997437,0.0277920950204134
281,0.1555107280611992,0.04372204951941967,0.3766276717185974,0.0291466124355793,0.36811363101005556,0.004891318688169122,0.021988013945519923
282,0.1588386669754982,0.0242839764803648,0.32890710830688474,0.0033020974602550267,0.37632564306259153,0.005720172636210918,0.10262233093380928
283,0.013948788680136204,0.3560760825872421,0.02489274200052023,0.07419815883040429,0.01246695313602686,0.43844043016433715,0.07997686341404915
284,0.36627898216247556,0.027484094724059105,0.25956839621067046,0.003032678156159818,0.25787758231163027,0.005836421111598611,0.07992184534668922
285,0.016075790021568538,0.09240865707397461,0.019291136879473925,0.8396251797676086,0.0034055808559060098,0.0020458998042158782,0.027147749066352846
286,0.14265361726284026,0.06293348819017411,0.38875389099121094,0.039532864838838576,0.3198491185903549,0.004475293681025505,0.041801704466342925
287,0.17058970928192138,0.02502159494906664,0.17886764109134673,0.0025597282452508806,0.390215128660202,0.02164708785712719,0.21109908521175386
288,0.063866401091218,0.415383118391037,0.11493844240903854,0.177387772500515,0.17719738334417343,0.022963863052427768,0.02826299797743559
289,0.21491661667823792,0.12712458223104478,0.14246702343225479,0.06045980080962181,0.19708904027938842,0.23048000931739807,0.027462946623563765
290,0.07807549238204955,0.005258250795304775,0.01885892581194639,0.0017760462360456586,0.03589811194688082,0.022709396108984946,0.8374237895011902
291,0.07549841776490211,0.10071585699915886,0.2271331936120987,0.050701310858130455,0.2701815813779831,0.15930658280849458,0.11646304279565811
292,0.05432396978139877,0.18719049394130707,0.13987029567360879,0.04421270079910755,0.26158225238323213,0.13082968145608903,0.18199062198400498
293,0.017167993262410162,0.28185118436813356,0.030186778493225576,0.17237846404314042,0.016160510759800673,0.46410192251205445,0.018153107725083828
294,0.1515437975525856,0.15903578251600264,0.2073740690946579,0.011667663045227528,0.1722370505332947,0.0015759797301143409,0.2965656340122223
295,0.1367142081260681,0.2503536194562912,0.1294772893190384,0.07036653831601143,0.1661781370639801,0.013041292503476142,0.23386889994144439
296,0.25080101639032365,0.020754177868366242,0.14623048454523085,0.004147319262847305,0.2569346219301224,0.1988717496395111,0.12226062715053558
297,0.49462326169013976,0.025986567512154578,0.22740054726600648,0.003844046103768051,0.11111961901187897,0.017189051397144793,0.11983688920736313
298,0.07074701637029648,0.031590869277715684,0.09646902382373809,0.025130613520741463,0.36682482361793517,0.022320289351046085,0.38691735565662383
299,0.18974348306655883,0.1658236563205719,0.16852177381515504,0.02163324523717165,0.20517763495445251,0.15709162205457688,0.09200859442353249
300,0.06438775286078453,0.4573522686958313,0.025968541949987413,0.1400098279118538,0.015219743270426989,0.2719915434718132,0.02507033720612526
301,0.01377767901867628,0.7859135627746582,0.030387130938470362,0.14410392940044403,0.008901548106223345,0.00677175223827362,0.010144379921257496
302,0.12587582767009736,0.18603282272815705,0.2759256958961487,0.022056987695395946,0.285818538069725,0.05764870345592499,0.04664149135351181
303,0.3733944594860077,0.03437392115592956,0.23411266803741454,0.0008531205356121063,0.302608847618103,0.0024094343883916737,0.05224753580987453
304,0.0005018758703954518,0.00035897826019208877,0.0003200377250323072,0.00031332645448856056,0.0008128609973937273,0.9833839178085327,0.014309022948145867
305,0.10247494503855706,0.061063315719366074,0.3896410405635834,0.02711029425263405,0.29665840566158297,0.05441428236663341,0.06863774731755257
306,0.013721371442079544,0.0789194006472826,0.07671556770801544,0.0609394833445549,0.04382212795317173,0.7172264218330383,0.00865561030805111
307,0.04379279017448425,0.1497458592057228,0.017607452161610127,0.7107171058654785,0.014301618980243801,0.023224558122456072,0.040610610228031876
308,0.05962514039129019,0.06958898277953267,0.36591538190841677,0.013970457203686237,0.28564509451389314,0.19425427988171579,0.011000705184414983
309,0.07729028016328812,0.011800994910299779,0.700403356552124,0.005924865137785673,0.19316138625144957,0.007795707415789365,0.0036234139231964948
310,0.010239623952656984,0.8160183906555176,0.025156797841191292,0.04234672263264656,0.02193988226354122,0.003923999308608472,0.08037459328770638
311,0.0038123992271721363,0.19866608083248138,0.007526485901325941,0.7804794192314148,0.001441086659906432,0.0019545438583008943,0.006119978614151478
312,0.48751678466796877,0.04881260693073273,0.07318532690405846,0.010548787761945278,0.1324938043951988,0.007458626851439476,0.23998401761054994
313,0.0003994858096120879,0.00027952741365879776,0.00035511504393070936,0.000993298226967454,0.0005573954666033387,0.9948853254318237,0.002529802545905113
314,0.16458227038383483,0.05274943262338638,0.5422096669673919,0.00951061025261879,0.19285050183534622,0.009412526711821556,0.02868493627756834
315,0.006812318204902112,0.203768689930439,0.008909532707184553,0.752865481376648,0.0015756334469188005,0.014793895464390517,0.011274470202624797
316,0.007059656223282218,0.015518599562346936,0.016164354048669338,0.6631537079811096,0.0062758251093328,0.28192610293626785,0.009901780262589454
317,0.11507704854011536,0.08533538579940796,0.14022280052304267,0.019400084391236305,0.105399189889431,0.18116022944450377,0.3534052848815918
318,0.1424947313964367,0.0021226066164672375,0.2989993691444397,0.00037290384352672845,0.5469518423080444,0.00023623337619937956,0.00882232659496367
319,0.057035355269908904,0.10376090630888939,0.11251323968172074,0.15477579981088638,0.09241046905517578,0.42000567615032197,0.059498552978038785
320,0.14317188113927842,0.21938669979572295,0.21016127467155457,0.11675584390759468,0.20433602184057237,0.006589228892698884,0.09959904700517655
321,0.0766443021595478,0.0315902266651392,0.17328450530767442,0.010668901354074478,0.1722549617290497,0.5179191529750824,0.01763793583959341
322,0.07402721270918847,0.12579980343580247,0.41720288395881655,0.03863576762378216,0.31802270114421843,0.007491407636553049,0.01882026270031929
323,0.22633541524410247,0.020394814759492876,0.28873890936374663,0.012237716652452945,0.32485621273517606,0.01628672480583191,0.11115017309784889
324,0.12297487705945968,0.04983521699905395,0.21991761326789855,0.025286021642386913,0.4883445203304291,0.01934428373351693,0.07429747879505158
325,0.14689814895391465,0.22649163603782654,0.3276263177394867,0.0505350612103939,0.19773936569690703,0.009224626049399377,0.0414848305284977
326,0.0994374267756939,0.2110264629125595,0.09663814008235931,0.07780826687812806,0.1789999008178711,0.2338113695383072,0.10227841585874557
327,0.07988397777080536,0.07897240221500397,0.24976607859134675,0.012744543142616749,0.49745768308639526,0.006633062800392509,0.07454226650297642
328,0.006281979288905859,0.230552276968956,0.01010210020467639,0.2513103187084198,0.0024350711493752895,0.4971240937709808,0.002194161352235824
329,0.0607066560536623,0.004316549631766975,0.005545764276757836,0.0020458041923120617,0.004279163759201765,0.8974822759628296,0.02562380861490965
330,0.16911429911851883,0.04344831928610802,0.14746218621730806,0.011430628877133132,0.1627390652894974,0.3664827078580856,0.09932277798652649
331,0.13632165938615798,0.006990767223760486,0.19493383914232254,0.027901772316545247,0.3963846504688263,0.17174623012542725,0.06572111696004868
332,0.0079904624260962,0.4209884524345398,0.00218339110724628,0.23217077553272247,0.0033465750981122254,0.0011043136299122124,0.33221601843833926
333,0.13709311485290526,0.029805204644799233,0.3810794949531555,0.00662887702928856,0.11636139452457428,0.009890736895613372,0.3191411793231964
334,0.013085545226931571,0.0979886569082737,0.006740229250863194,0.28554792404174806,0.00848561068996787,0.5540303498506546,0.034121674671769145
335,0.26893483102321625,0.004138339497148991,0.30347849130630494,0.00406953627243638,0.371848863363266,0.009145622607320547,0.038384316489100456
336,0.12305014505982399,0.07445998266339302,0.11494261920452117,0.06774420626461505,0.14508795738220215,0.16048283949494363,0.31423228681087495
337,0.10392945632338524,0.08195886462926864,0.18035660311579704,0.05749433152377605,0.03921900745481253,0.5330094993114471,0.004032272542826831
338,0.12624746337532997,0.10215109139680863,0.06115968301892281,0.05342208631336689,0.025456491485238077,0.5659632086753845,0.06559995263814926
339,0.09454607516527176,0.0920262210071087,0.13508065193891525,0.40208794474601744,0.09652436003088952,0.056011763960123064,0.12372300326824189
340,0.12783332020044327,0.02432958409190178,0.08337746560573578,0.027839958667755127,0.11970717459917068,0.04145389273762703,0.5754586040973664
341,0.10613615065813065,0.054528572410345075,0.4973857581615448,0.05594388321042061,0.13983283042907715,0.11400355473160743,0.03216925114393234
342,0.011126656457781792,0.5054076135158538,0.023859895765781403,0.42561914324760436,0.0065157564356923105,0.012297566700726747,0.015173357725143433
343,0.10301869511604309,0.2964429438114166,0.06200426258146763,0.5327775061130524,0.0018484315485693514,0.0018418758118059486,0.002066271472722292
344,0.2990221232175827,0.16229023933410644,0.25172534584999084,0.020241720695048572,0.19768618941307067,0.01143574994057417,0.05759863257408142
345,0.007925391104072333,0.09831844381988049,0.005958811845630407,0.1685590699315071,0.0033712809206917884,0.7139730334281922,0.0018939729081466794
346,0.024447542801499366,0.03503689467906952,0.10453909486532212,0.01699750367552042,0.09834844022989273,0.697799289226532,0.02283125966787338
347,0.1411815345287323,0.07034981995820999,0.17162494957447053,0.013585558719933033,0.37940693497657774,0.053409697860479353,0.17044152915477753
348,0.26667292416095734,0.0023652189411222935,0.29352987408638,0.00048368741990998385,0.4032017648220062,0.0010118486010469497,0.032734723016619685
349,0.44882277250289915,0.09057896733283996,0.1276406966149807,0.025926793366670607,0.13476572334766387,0.0061326749622821804,0.1661323517560959
350,0.13098509907722472,0.17338677495718002,0.3014456331729889,0.027960029244422913,0.3368740290403366,0.00808064742013812,0.021267767995595932
351,0.35986989736557007,0.00921199694275856,0.21855301558971404,0.003841846715658903,0.18238607943058013,0.00294056823477149,0.22319662272930146
352,0.1150949165225029,0.04422053759917617,0.09943620190024376,0.004803843540139496,0.5455597817897797,0.15441863909363746,0.036466100998222825
353,0.1758471190929413,0.004677984886802733,0.10586640685796737,0.009726871270686388,0.06717621609568596,0.4926361620426178,0.14406924694776535
354,0.17066034972667693,0.08916591703891755,0.1584586516022682,0.038169486448168755,0.18911156356334685,0.3284842729568481,0.025949745438992977
355,0.008944004820659757,0.33331567645072935,0.010134354420006274,0.6206732273101807,0.0027839414076879622,0.010206643072888256,0.013942164368927479
356,0.1697538435459137,0.013251937553286552,0.3536447942256927,0.0019517706474289297,0.21286915093660355,0.012792465556412936,0.23573601245880127
357,0.007546406239271164,0.025088788382709025,0.006681873183697462,0.17921213656663895,0.0047291017603129145,0.7671886444091797,0.009553027153015137
358,0.420806348323822,0.01156661631539464,0.045081809908151624,0.0012380067724734544,0.12713974639773368,0.0015753420535475015,0.39259214997291564
359,0.034328664839267733,0.19818748235702516,0.08028123825788498,0.6076672554016114,0.008751933602616191,0.007468916336074471,0.06331452652812004
360,0.3220596373081207,0.04496699199080467,0.2492607593536377,0.011920527555048466,0.26100911796092985,0.033419710025191306,0.07736324816942215
361,0.054089905321598054,0.04729610234498978,0.17086487859487534,0.3754023492336273,0.08527454137802123,0.03453503623604774,0.2325371891260147
362,0.16130418479442596,0.06105740964412689,0.49138038158416747,0.018348468467593193,0.2453958734869957,0.004982611443847418,0.0175310704857111
363,0.1681084305047989,0.021861281245946884,0.06788742542266846,0.005531375110149383,0.12305488735437393,0.0043913339730352165,0.6091652750968933
364,0.0013625208288431168,0.024281157553195952,0.0056049698032438755,0.047258297353982924,0.002797173149883747,0.913081693649292,0.005614185100421309
365,0.13731300681829453,0.17720651179552077,0.09466603696346283,0.33543987274169923,0.06688197329640388,0.059373583272099496,0.12911901473999024
366,0.05634863749146461,0.6903273463249207,0.06876005381345748,0.08136906921863556,0.024794084765017033,0.006412344053387642,0.07198848575353622
367,0.0017834620084613562,0.07057582661509514,0.005915546813048423,0.9119759321212768,0.0011270231858361512,0.002128436474595219,0.00649377591907978
368,0.008056028373539447,0.21462064683437349,0.06026073954999447,0.011126275081187487,0.06569334343075753,0.6157118916511536,0.024531081877648832
369,0.06664554998278618,0.25000546872615814,0.24994540810585023,0.27371197640895845,0.07716208323836327,0.024272306077182292,0.058257197588682176
370,0.0706081010401249,0.0032672957750037313,0.06809380576014519,0.008238641638308763,0.11857941448688507,0.4668862819671631,0.2643264472484589
371,0.5878898680210114,0.028609461337327956,0.08419553339481353,0.009085866063833237,0.0374792343005538,0.13027381002902985,0.12246623933315277
372,0.15670320987701417,0.43688327074050903,0.2900029242038727,0.04109024815261364,0.0401507206261158,0.006624818115960806,0.028544858284294605
373,0.26326089799404145,0.06704538837075233,0.3333252787590027,0.009442373178899288,0.3017147839069366,0.010374813713133335,0.014836502447724342
374,0.2415259599685669,0.04061878025531769,0.1147193506360054,0.0017452048603445291,0.1445857673883438,0.013524434622377157,0.4432804942131042
375,0.0768231801688671,0.031806711852550504,0.15236141085624694,0.01905725905671716,0.5210040509700775,0.048702579364180563,0.1502447947859764
376,0.16527495682239532,0.02440358027815819,0.23360371887683867,0.0053344992455095054,0.16608720719814302,0.37366271018981934,0.031633314490318296
377,0.12757203578948975,0.03979083821177483,0.12073063552379608,0.013953309319913388,0.20316410660743714,0.056266036629676816,0.4385230362415314
378,0.2983692765235901,0.12422561198472977,0.20728061497211456,0.02529176287353039,0.1566627189517021,0.05706769302487373,0.131102354824543
379,0.13658177703619004,0.09546343125402927,0.10727926939725876,0.09538616091012955,0.2070356547832489,0.15050192177295685,0.2077517956495285
380,0.1252289704978466,0.07929261960089207,0.09082589745521545,0.01869565574452281,0.20313797891139984,0.1898040935397148,0.29301474392414095
381,0.3143510729074478,0.011977678164839745,0.14592309296131134,0.005147693119943142,0.23747722804546356,0.00542972544208169,0.2796935081481934
382,0.2886454164981842,0.022769324108958246,0.27351816594600675,0.008175808936357498,0.22670484185218812,0.0006983852421399206,0.17948809266090393
383,0.20669038891792296,0.02396005466580391,0.23411969542503358,0.015943543054163456,0.47558154463768004,0.028196316212415695,0.01550847478210926
384,0.1622433051466942,0.10699821263551712,0.29389738440513613,0.01805167840793729,0.3173483520746231,0.09073116779327392,0.010729901026934385
385,0.1341393232345581,0.14378434121608735,0.12263523191213607,0.06014384180307388,0.10779369473457337,0.023389632254838942,0.4081139534711838
386,0.021772167831659316,0.1395323969423771,0.006713402806781232,0.2514116823673248,0.0019356054021045566,0.5662897646427154,0.012344967620447279
387,0.2567012578248978,0.12159973829984665,0.0577095378190279,0.4225127875804901,0.049789293110370635,0.0013341481913812458,0.0903532326221466
388,0.03481760630384088,0.04322112239897251,0.3760494261980057,0.013735224306583405,0.43479913771152495,0.007699814275838435,0.08967766053974628
389,0.035970013961195944,0.2257124364376068,0.022049891762435436,0.06504453420639038,0.016767075471580028,0.6135066866874694,0.020949373953044415
390,0.20159291625022888,0.10805635750293732,0.19888797998428345,0.00946474764496088,0.4323619306087494,0.01061508860439062,0.03902098685503006
391,0.10319657176733017,0.08031539618968964,0.3449376165866852,0.038689357414841655,0.37852189540863035,0.01742094662040472,0.03691819943487644
392,0.09592026323080063,0.2577089130878448,0.3561492919921875,0.03475965149700642,0.15796953141689302,0.020736560225486755,0.07675577253103257
393,0.018680352717638016,0.09340071082115173,0.01978397201746702,0.20920628905296326,0.02341741565614939,0.6017919063568116,0.03371935524046421
394,0.24226834774017333,0.0017783530056476593,0.25563732385635374,0.0009534527896903455,0.39076417684555054,0.0009098803449887783,0.10768844485282898
395,0.0002632279647514224,0.11513739302754403,6.894686230225488e-05,0.0122929859906435,7.256680946738925e-05,0.8717895388603211,0.0003753430210053921
396,0.06426902487874031,0.032570571079850195,0.0617773275822401,0.021193272806704043,0.02380663640797138,0.7410928010940552,0.055290352553129196
397,0.09388355612754821,0.02826075963675976,0.2085205614566803,0.02759309150278568,0.13601442873477937,0.0007571158712380566,0.5049704790115357
398,0.053002539277076724,0.05862803272902965,0.2492107406258583,0.011532231420278549,0.180786369740963,0.42948293685913086,0.017357136495411395
399,0.13865964263677596,0.0675810769200325,0.10202906578779221,0.004841729812324047,0.1843003198504448,0.037599023431539536,0.4649891138076782
400,0.00024277685733977705,0.0019930103328078983,0.00015314876945922152,0.011199735011905432,0.0001731234195176512,0.985416305065155,0.000821893964894116
401,0.006591742951422929,0.2699275821447372,0.0005386410921346396,0.3517782986164093,0.0005148523399839178,0.2552180618047714,0.11543079912662506
402,0.11207018494606018,0.030681273341178893,0.16748644560575485,0.11209567338228225,0.1615273281931877,0.03364328034222126,0.3824958324432373
403,0.007260727230459452,0.19505988359451293,0.021329252794384957,0.4789165914058685,0.006567898229695857,0.16514969989657402,0.1257159925997257
404,0.2090449094772339,0.002912178193219006,0.08306798338890076,0.0006282911752350628,0.1026295229792595,0.005396586982533336,0.5963205218315124
405,0.0012898442801088095,0.12674310356378554,0.00018087516073137522,0.8474291682243347,5.0147334877692626e-05,0.023408279987052083,0.0008985646651126445
406,0.005987552483566106,0.019726549834012987,0.016144262999296187,0.002113051374908537,0.020748364552855492,0.9202874064445495,0.014992783125489951
407,0.028286977857351302,0.060536913201212884,0.0716441161930561,0.003968394408002496,0.08553574010729789,0.7300180077552796,0.02000981643795967
408,0.1898159459233284,0.06598159335553647,0.11477013677358627,0.004871969483792782,0.24566415846347808,0.01865941546857357,0.36023676991462705
409,0.20259973406791687,0.12901912853121758,0.1348896235227585,0.010418046079576016,0.19001394361257554,0.02379598617553711,0.3092635542154312
410,0.008235083427280188,0.3909557223320007,0.010787651129066943,0.4304324448108673,0.002384264883585274,0.14407507777214051,0.013129721023142337
411,0.14222737550735473,0.05247702524065971,0.16178434193134308,0.0014889071113429963,0.4341712772846222,0.012698944099247456,0.19515213668346404
412,0.02092690523713827,0.0735974669456482,0.022731011360883714,0.4119689643383026,0.01706160493195057,0.37917635440826414,0.07453766241669654
413,0.057636485993862153,0.13714763820171355,0.09423221796751022,0.45206800699234007,0.04593195766210556,0.033915207162499426,0.17906847596168518
414,0.36419366002082826,0.2727496951818466,0.07898284271359443,0.058143895119428635,0.06603356152772903,0.03677490763366222,0.12312141805887222
415,0.3293256998062134,0.011940497532486915,0.09505844563245773,0.005296934582293034,0.18656770661473274,0.004480751976370811,0.3673299908638
416,0.02990223914384842,0.15891621261835098,0.016192468255758284,0.10421080440282822,0.013242712616920472,0.1281437546014786,0.5493918001651764
417,0.004729453707113862,0.05013576410710811,0.0022565274499356746,0.03383527677506208,0.003450789186172187,0.8967255592346192,0.008866643533110619
418,0.0060626215301454065,0.011913399584591389,0.021949231810867786,0.008269318193197251,0.01206375053152442,0.9382158994674683,0.0015257609891705215
419,0.02619538754224777,0.3878674030303955,0.14654360860586166,0.38956373929977417,0.02506672479212284,0.01317816348746419,0.011584959551692009
420,0.06675766929984092,0.529994785785675,0.12317685782909393,0.16736964732408524,0.08017250299453735,0.004789484245702624,0.02773907668888569
421,0.15338063836097718,0.181427001953125,0.04809595942497254,0.10184030905365944,0.05771905072033405,0.3786109030246735,0.07892614975571632
422,0.006114347092807293,0.012732453923672438,0.002232887572608888,0.011862909141927957,0.0020680711953900755,0.9628861904144287,0.0021031495183706284
423,0.00034805937320925295,0.007762650353834033,0.000254360304097645,0.047356652468442915,0.00027080326981376857,0.9418541312217712,0.002153321052901447
424,0.014455488603562116,0.8502709150314331,0.025521368160843848,0.09199696704745293,0.005312711838632822,0.00898660160601139,0.0034559222403913736
425,0.011866615246981382,0.02721979059278965,0.006764735234901309,0.7792197465896606,0.0015463376475963742,0.15920581445097923,0.014176975470036268
426,0.07364814653992653,0.038513317331671716,0.39265331625938416,0.11525100767612458,0.2052052855491638,0.13942873626947402,0.035300175473093984
427,0.3219580739736557,0.34649783074855806,0.028401851281523706,0.08333170264959336,0.059451423957943915,0.07156356498599052,0.0887955978512764
428,0.3428539901971817,0.03874000385403633,0.29308957159519194,0.011436345055699348,0.27340384423732755,0.0038024399429559706,0.036673811823129655
429,0.15519578158855438,0.0654580608010292,0.2508762329816818,0.05588197484612465,0.4110221862792969,0.006435953918844462,0.05512983426451683
430,0.030048173293471335,0.507533711194992,0.08579781278967857,0.07664600685238838,0.05204617083072662,0.2043490707874298,0.04357908423990011
431,0.05893881842494011,0.2575756013393402,0.03893182799220085,0.5451396942138672,0.013045851886272431,0.02518097050487995,0.06118724308907986
432,0.014141008257865906,0.12163516655564308,0.011919343285262585,0.8438201308250427,0.0007511528849136085,0.005425194022245705,0.002307997178286314
433,0.009146870113909245,0.29245207011699675,0.01361575098708272,0.677350890636444,0.00185002232901752,0.0027353623881936073,0.0028490466764196755
434,0.16230858266353607,0.018211538065224887,0.13697102218866347,0.009661141317337751,0.1814853549003601,0.13244922012090682,0.35891311168670653
435,0.0236643236130476,0.008908232487738133,0.1050833947956562,0.0019190202001482248,0.2825712084770203,0.27469934821128844,0.30315446853637695
436,0.11287415772676468,0.07902743965387345,0.12829883992671967,0.03247827030718327,0.17063744366168976,0.2473436176776886,0.22934022545814514
437,0.03280780054628849,0.14862638264894484,0.07218000516295434,0.4542260468006134,0.05707165002822876,0.08055622652173042,0.1545318752527237
438,0.005929226242005825,0.6358247399330139,0.00417223593685776,0.12407635152339935,0.0063457132782787085,0.1930641010403633,0.030587628856301306
439,0.10102957040071488,0.17868233621120452,0.10846487134695053,0.08836522176861764,0.1387038752436638,0.14667610228061675,0.2380780190229416
440,0.02307432293891907,0.11648256033658981,0.10052229911088943,0.13239418417215348,0.07438047975301743,0.47077622413635256,0.08236991837620736
441,0.28410772383213045,0.034520549699664116,0.12222773730754852,0.01439058929681778,0.19900428354740143,0.01822651904076338,0.32752261161804197
442,0.006360327452421188,0.27712174504995346,0.0041407478041946885,0.4909473419189453,0.0027965700486674906,0.15371278971433638,0.06492047980427743
443,0.00488955246983096,0.04219787307083607,0.0026016829535365103,0.586415809392929,0.0002766500529105542,0.3628449708223343,0.0007734473736491054
444,0.0142635490745306,0.3573950111865997,0.008425327762961388,0.5628498315811157,0.0010064764821436257,0.05444169230759144,0.0016181325307115912
445,0.12286933809518814,0.05031474083662033,0.05771855041384697,0.014593413099646568,0.12878407835960387,0.3348068296909332,0.2909130841493607
446,0.01772899702191353,0.0067723026033490894,0.04058513902127743,0.008114245533943177,0.09561682380735874,0.8074630498886108,0.02371942698955536
447,0.051469971984624864,0.19304321557283402,0.09042764157056808,0.4646340012550354,0.07371869161725045,0.06580793745815754,0.0608985673636198
448,0.13116699755191802,0.22472696006298065,0.4109122037887573,0.023223669081926347,0.14000538140535354,0.005345349363051355,0.06461944282054902
449,0.024471388570964335,0.3050589203834534,0.046665458381175993,0.4205057382583618,0.02930697537958622,0.1488184705376625,0.025173071399331094
450,0.10431361123919487,0.12346547096967697,0.33423832058906555,0.011604718677699567,0.36807710528373716,0.04840969666838646,0.009891093708574772
451,0.09383020475506783,0.20045291185379027,0.07237602472305298,0.20379313677549363,0.14564931392669678,0.009178364183753729,0.27472001016139985
452,0.0759154886007309,0.28393134772777556,0.41512309312820433,0.06614371836185455,0.13873431831598282,0.004884248599410057,0.015267785266041755
453,0.22302733957767487,0.00855608396232128,0.18321252167224883,0.001025436376221478,0.46472089886665346,0.009402635972946882,0.11005509942770005
454,0.04731464348733425,0.22929716110229492,0.16245540380477905,0.014853320084512234,0.10870479345321656,0.3822303146123886,0.05514438673853874
455,0.15944747030735015,0.004339772649109364,0.2441687613725662,0.002381361206062138,0.5549361169338226,0.012617912888526917,0.022108580730855466
456,0.0070556556340306996,0.09208789989352226,0.010631594294682144,0.8828201055526733,0.0010687140485970304,0.0056887599639594555,0.0006473093060776591
457,0.011837766272947192,0.08161138035356999,0.04621977973729372,0.007135859271511435,0.0428576473146677,0.8032948851585389,0.007042679749429226
458,0.11390672326087951,0.047437924146652224,0.35677886605262754,0.3081333160400391,0.09057593569159508,0.015259690769016742,0.06790754534304141
459,0.005073404964059591,0.00918199960142374,0.0004031643795315176,0.12476699203252792,0.00036529991630231964,0.8601117253303527,9.740628956933506e-05
460,0.13726668581366538,0.07235000282526016,0.3736090183258057,0.019325203821063043,0.37671440541744233,0.011550990771502257,0.009183685854077339
461,0.2189432367682457,0.08284354209899902,0.08261898830533028,0.19214644357562066,0.10401611402630806,0.09492023810744285,0.22451141774654387
462,0.018124105967581274,0.35577769875526427,0.09060428515076638,0.2520498275756836,0.02969264015555382,0.24546711146831512,0.008284307178109884
463,0.19567790180444716,0.00783897815272212,0.1891177386045456,0.0023731342633254828,0.3932873547077179,0.011243982333689928,0.20046091079711914
464,0.0343454122543335,0.27521163821220396,0.008026700979098678,0.18441303968429565,0.011191364610567689,0.004088324564509094,0.4827234983444214
465,0.19454224705696105,0.00633772686123848,0.28478876054286956,0.004786719195544719,0.4409513115882874,0.008541307877749205,0.06005195528268814
466,0.0009572482842486352,0.037978649884462354,0.0005018884752644226,0.02726706974208355,0.0010333950398489834,0.9307087421417236,0.001552996109239757
467,0.023573350766673683,0.08389905318617821,0.15868296138942242,0.7148462057113647,0.011607118882238865,0.005689941719174385,0.0017013528384268283
468,0.0913984939455986,0.025301160663366316,0.017762474808841945,0.8632065296173096,0.00027695737371686847,0.001778999893576838,0.0002753923909040168
469,0.09246065691113473,0.09609415009617805,0.1009792998433113,0.5693017899990082,0.024771391600370406,0.020074794720858335,0.09631794691085815
470,0.018047998286783697,0.015539976488798856,0.008944239467382431,0.009320640563964843,0.020593021530658007,0.9113437056541442,0.01621043849736452
471,0.1145146980881691,0.18614758998155595,0.12224249243736267,0.285592819750309,0.07968427613377571,0.1841685265302658,0.02764964532107115
472,0.6379202485084534,0.05410068929195404,0.11904711425304412,0.05644907094538212,0.03344614282250404,0.00067623071372509,0.09836050122976303
473,0.04835691936314106,0.08858173936605454,0.2602301836013794,0.051182524487376216,0.2341678887605667,0.11989999860525132,0.19758076965808868
474,0.1713237226009369,0.09149250537157058,0.1942057192325592,0.04833360351622105,0.16771600544452667,0.03788664974272251,0.28904180228710175
475,0.043580224737524986,0.4199193239212036,0.0941150113940239,0.08661660104990006,0.111305133998394,0.006355711119249463,0.23810797929763794
476,0.005065505858510733,0.1094838634133339,0.0043754759710282086,0.7022177577018738,0.002314506936818361,0.16039531528949738,0.016147553734481335
477,0.0033234986010938885,0.0007735945284366608,0.0003376766093424521,0.00022855036877444945,0.0016033135005272924,0.9735062956809998,0.020227098232135178
478,0.009145549312233926,0.7505845665931702,0.011135551333427429,0.1323373034596443,0.00953214829787612,0.026208531111478806,0.06105637587606907
479,0.0001694250022410415,0.0002539551816880703,2.661076814547414e-05,0.000925685788388364,9.953685753316676e-06,0.9986114263534546,2.9257441610752722e-06
480,0.015265518240630627,0.3527078479528427,0.07475391626358033,0.4718611538410187,0.040976773202419284,0.019941097870469094,0.024493692722171546
481,0.04450960271060467,0.027285189554095268,0.027173427492380144,0.0198438361287117,0.03613783698529005,0.7491846442222595,0.09586543962359428
482,0.23371383547782898,0.4406107425689697,0.06986648440361024,0.11943400651216507,0.0434841800481081,0.0224413201212883,0.07044947668910026
483,0.11086164265871049,0.33161468207836153,0.1284494161605835,0.10504565834999084,0.08763249181210994,0.16943181604146956,0.0669643022119999
484,0.015603251941502094,0.23591852188110352,0.022284482419490815,0.613699758052826,0.008887348975986243,0.00032916150375967846,0.10327748581767082
485,0.1516260951757431,0.047741768136620524,0.3712534189224243,0.04010674804449081,0.21526235342025757,0.019707934558391572,0.15430169999599458
486,0.2558753967285156,0.021924819238483904,0.24379449784755708,0.0024753166595473885,0.2620150625705719,0.0069085672497749325,0.2070063531398773
487,0.11156327798962593,0.1068299576640129,0.19815874397754668,0.054380616545677184,0.1822133928537369,0.3032844841480255,0.043569490686059
488,0.0019738289527595045,0.016979724634438753,0.001227903924882412,0.9708105802536011,0.00020497575387707913,0.004704165481962263,0.00409886734560132
489,0.23542386889457703,0.006913966871798039,0.15252546072006226,0.00129657166544348,0.3933875381946564,0.012990413792431354,0.19746214747428895
490,0.03825840875506401,0.2915113627910614,0.1147946834564209,0.32252720892429354,0.06728926524519921,0.12480369210243225,0.040815359354019164
491,0.2064121648669243,0.3500139474868774,0.10423637554049492,0.05999619960784912,0.0884175680577755,0.0251212690025568,0.16580245941877364
492,0.011080923583358526,0.00644862144254148,0.016697249561548232,0.005097255110740662,0.014307571481913329,0.9433793425559998,0.002988995728082955
493,0.22144037783145903,0.01189016792923212,0.35680140256881715,0.005963491555303335,0.35768450498580934,0.008532107155770064,0.037687971442937854
494,0.21634715795516968,0.054388779774308206,0.024192725867033006,0.021279819123446942,0.039542604610323905,0.197249174118042,0.446999728679657
495,0.034830978512763976,0.3565162181854248,0.03554119914770126,0.2737449914216995,0.04776382334530353,0.07470838874578475,0.1768944412469864
496,0.012789870612323284,0.14902081191539765,0.022395106311887503,0.5847999393939972,0.005774347390979528,0.1847745530307293,0.04044537618756294
497,0.1224339559674263,0.10151527374982834,0.1502020388841629,0.015244415635243059,0.17895877957344056,0.05498813018202782,0.3766574263572693
498,0.029217388480901718,0.0023452817928045987,0.021782080829143523,0.0001980203844141215,0.022709079645574094,0.001870459457859397,0.9218776822090149
499,0.0062820491380989555,0.6305386424064636,0.004476656019687652,0.2287806749343872,0.00339246173389256,0.016788959316909314,0.10974055826663971
500,0.3715455949306488,0.040163379535079,0.15517388731241227,0.03039669953286648,0.33330538868904114,0.002765005407854915,0.06665000766515732
501,0.009261790616437792,0.28108551204204557,0.010330961551517248,0.4927610278129578,0.0014652401267085224,0.20412807613611222,0.0009674037981312722
502,0.024931527115404604,0.5440449416637421,0.057608062773942946,0.25782271325588224,0.016253907792270185,0.00988262756727636,0.08945628106594086
503,0.04903431981801987,0.1420155644416809,0.07846282720565796,0.09115902557969094,0.11270662397146225,0.2528036624193192,0.2738179832696915
504,0.218345807492733,0.06861146166920662,0.2269625782966614,0.12760329991579056,0.09410466402769088,0.17335614413022996,0.09101601988077164
505,0.1192840538918972,0.00036110653891228137,0.011558368243277073,2.4814090829750056e-05,0.041779327765107156,0.0003037165879504755,0.8266886234283447
506,0.24118497967720032,0.18530706465244293,0.18315089643001556,0.038005437701940536,0.11421899199485779,0.16020520329475402,0.07792740389704704
507,0.1574288010597229,0.28095669746398927,0.2528997153043747,0.07193252854049206,0.0941501647233963,0.00270727310271468,0.13992482721805571
508,0.08551698476076126,0.023076113127171994,0.3096340835094452,0.007209879718720913,0.5160863757133484,0.013415726367384195,0.045060872100293636
509,0.004130284022539854,0.3822054028511047,0.0038713496178388596,0.592123544216156,0.0016753597185015679,0.01075024837628007,0.005243795667774975
510,0.2071732223033905,0.15728096961975097,0.17622580826282502,0.04815228842198849,0.271135088801384,0.0013599279162008315,0.13867270797491074
511,0.1871103584766388,0.019161198288202286,0.1952330321073532,0.003763401787728071,0.4606097400188446,0.002050987002439797,0.13207130283117294
512,0.02914860248565674,0.1514776900410652,0.02159161479212344,0.381140810251236,0.016626663180068134,0.05519071184098721,0.34482391327619555
513,0.3574941784143448,0.021314252354204654,0.12855878472328186,0.010155533719807864,0.08979549668729306,0.34871762096881864,0.04396412037312984
514,0.17628509402275086,0.0022272887174040077,0.12862327843904495,0.00047180085675790906,0.5821949243545532,0.00416656481102109,0.10603105872869492
515,0.02238326594233513,0.2393132448196411,0.0403675589710474,0.3627225190401077,0.030290063098073007,0.20571656227111818,0.09920675978064537
516,0.09198354035615922,0.001811459055170417,0.2887461304664612,0.0007019654789473861,0.610451877117157,0.00047050099819898603,0.005834512040019035
517,0.11143598258495331,0.16678061187267304,0.30857959389686584,0.21531671285629272,0.06983555555343628,0.0027498668408952654,0.12530165910720825
518,0.3604773759841919,0.03500945121049881,0.11104339361190796,0.008611455280333757,0.22320002615451812,0.005560429161414504,0.25609785318374634
519,0.7229909777641297,0.058308320119977,0.01494820900261402,0.030423753149807452,0.018175505846738816,0.013783465698361396,0.14136978536844252
520,0.1466359466314316,0.11712284535169601,0.36291911005973815,0.04259941056370735,0.21650099158287048,0.02687765918672085,0.08734403699636459
521,0.3592666029930115,0.20996887385845184,0.05861039571464062,0.030335474759340286,0.040079961717128756,0.042613253369927405,0.25912543535232546
522,0.011617776658385991,0.1277637466788292,0.031225397437810897,0.7122969627380371,0.011615935247391462,0.0031327447621151807,0.10234745591878891
523,0.22117835134267808,0.1576618328690529,0.10954044163227081,0.2516590356826782,0.10634889900684356,0.03829330578446388,0.11531813517212867
524,0.017386921867728233,0.0633078720420599,0.03619225285947323,0.017344916611909865,0.05158550813794136,0.8093974947929382,0.004785030335187912
525,0.1848226249217987,0.09855811297893524,0.2611346900463104,0.004622348118573427,0.39551533460617067,0.019597697630524637,0.0357491709291935
526,0.1411510393023491,0.05268042460083962,0.2655050128698349,0.015605417918413878,0.25641982108354566,0.020731754414737225,0.2479065865278244
527,0.26571233570575714,0.07887555435299873,0.15973542779684066,0.039296024665236476,0.15910509526729583,0.17909833192825317,0.11817724108695984
528,0.3439228594303131,0.17558867037296294,0.06549523994326592,0.2085222542285919,0.02177647314965725,0.1010826736688614,0.08361184522509575
529,0.09868299216032028,0.18386054486036302,0.21329050362110138,0.1565450355410576,0.16158317029476166,0.13109107166528702,0.05494670383632183
530,0.2528167635202408,0.04974784888327122,0.273819226026535,0.07930904105305672,0.27310155630111693,0.029760505259037017,0.041445066779851915
531,0.08873755037784577,0.4645823061466217,0.13143216222524642,0.23752935528755187,0.022714532166719436,0.026426149997860193,0.028577970713376998
532,0.013890784024260939,0.33445538878440856,0.01007788539864123,0.6361202716827392,0.00038874715246492995,0.0039935396634973586,0.001073390245437622
533,0.36502054929733274,0.23559366017580033,0.10220862701535224,0.03868099562823772,0.03283151369541883,0.024045159853994847,0.2016195073723793
534,0.039311806485056874,0.345279598236084,0.052089997380971906,0.16650515496730806,0.04661670103669167,0.26875359416007993,0.08144316077232361
535,0.21969977170228958,0.02987431176006794,0.43425593376159666,0.006275390554219484,0.29608477354049684,0.0008443975355476141,0.012965434603393078
536,0.24605269134044647,0.012402473110705614,0.2235659658908844,0.0013556643214542418,0.23924829363822936,0.009823496360331774,0.2675514221191406
537,0.24702914655208588,0.02222589086741209,0.2749526858329773,0.02454621735960245,0.2953538686037064,0.012151986360549927,0.12374020963907242
538,0.22102949917316436,0.07250613495707511,0.05214369781315327,0.016902188211679457,0.10441671907901764,0.10538083985447884,0.4276209145784378
539,0.15277501493692397,0.024930845573544504,0.1534106031060219,0.01473482334986329,0.25106750428676605,0.20221896469593048,0.20086223185062407
540,0.10726047307252884,0.03875803388655186,0.24914375841617584,0.022117557749152184,0.3948349833488464,0.09298445358872413,0.09490071162581444
541,0.04763490967452526,0.049757025018334386,0.4250573098659515,0.04609392322599888,0.3598927617073059,0.05684842430055141,0.014715646207332612
542,0.05615314692258835,0.012329629436135293,0.023280996084213256,0.00597172612324357,0.033106837049126626,0.06815566495060921,0.8010019898414612
543,0.055549442768096924,0.43220152258872985,0.20381835401058196,0.03613310381770134,0.1489233046770096,0.005152425356209278,0.11822185814380645
544,0.33526626229286194,0.02028671633452177,0.31992054283618926,0.009975718520581722,0.29456999599933625,0.0020293563604354857,0.017951400391757487
545,0.2753207728266716,0.05240777619183064,0.1472591295838356,0.014726418815553189,0.2575355261564255,0.008112604916095733,0.24463775455951692
546,0.18646152913570405,0.060731669515371324,0.28589375913143156,0.06023243330419063,0.27238702178001406,0.008240214455872774,0.12605336159467698
547,0.11386829167604447,0.04089800305664539,0.4151670813560486,0.020378953777253628,0.34917882084846497,0.014491294417530299,0.04601755850017071
548,0.050233267992734906,0.02503955215215683,0.003956441953778267,0.003378771326970309,0.012533323559910058,0.8879396796226502,0.016918945498764514
549,0.18372288346290588,0.07122320905327797,0.17802373170852662,0.0059370390139520165,0.23082304894924163,0.289184944331646,0.0410851813852787
550,0.06856301389634609,0.16532295495271682,0.27628234922885897,0.11447523385286332,0.18871342837810517,0.07610779851675034,0.11053523868322372
551,0.17123225927352906,0.40689192414283754,0.11760713160037994,0.1479356735944748,0.12950709462165833,0.013150910846889019,0.01367502911016345
552,0.1680083990097046,0.08794895559549332,0.35277519226074217,0.0433350570499897,0.16874211728572847,0.09021292924880982,0.0889773614704609
553,0.005879278760403395,0.5387534856796264,0.010448205657303334,0.4254737854003906,0.0021878964267671107,0.012941740732640029,0.004315592767670751
554,0.0021616642654407768,0.22712788805365564,0.002623191336169839,0.761033296585083,0.00028511744021670894,0.0013069042150164023,0.005461939005181193
555,0.24349907636642457,0.02065756544470787,0.03343032859265804,0.010175583697855473,0.0824408270418644,0.04558777324855327,0.5642088532447815
556,0.2225756525993347,0.012636428978294135,0.07012524753808975,0.00324773711618036,0.12639340311288833,0.11307876259088516,0.45194276571273806
557,0.04215274713933468,0.016280728951096536,0.060157863050699235,0.01979401456192136,0.04107838682830334,0.7970401763916015,0.023496113903820514
558,0.38706138730049133,0.009636073000729084,0.13286908715963364,0.003924609860405326,0.22523093223571777,0.007019900763407349,0.23425801694393159
559,0.05202333852648735,0.0894381508231163,0.04052540548145771,0.0926328644156456,0.05521592795848847,0.32481028139591217,0.345354026556015
560,0.26310297250747683,0.018391594849526884,0.23886255025863648,0.001298501156270504,0.3716019630432129,0.01452463837340474,0.09221777096390724
561,0.016784287802875043,0.6343873739242554,0.042008405178785325,0.020313889347016813,0.06703882366418838,0.012980176787823438,0.2064870297908783
562,0.16627278923988342,0.026188937947154045,0.13834815099835396,0.008375957398675382,0.5352149426937103,0.05945357978343964,0.06614566221833229
563,0.0006494879940873943,0.04256195984780788,0.00011976571367995348,0.9263736963272095,2.675659375199757e-05,0.02983092227950692,0.0004374677431769669
564,0.5001785516738891,0.03135550022125244,0.034626498073339465,0.020785986632108688,0.02488155700266361,0.19880861341953276,0.18936330378055571
565,0.13301685601472854,0.19507330954074859,0.3749797582626343,0.01520046581281349,0.1679066687822342,0.018910727696493268,0.09491220489144325
566,0.04480014890432358,0.005838007479906082,0.21449505984783174,0.002602621214464307,0.34462377429008484,0.014236902073025703,0.3734034687280655
567,0.00011841843370348215,0.011466541094705462,4.782503697242646e-06,0.16145493574440478,9.47605652186212e-06,0.8250598430633544,0.0018860087846405804
568,0.17561087608337403,0.03174529001116753,0.17084433138370514,0.009758104663342237,0.235554301738739,0.27269843220710754,0.10378865599632263
569,0.21098027229309083,0.14421381950378417,0.21962035000324248,0.023960921540856363,0.1831204041838646,0.022682989574968816,0.19542123675346373
570,0.38094598352909087,0.015971652045845986,0.19485062956809998,0.02092953771352768,0.11447729021310807,0.09899281412363052,0.1738320991396904
571,0.065773706138134,0.005250027496367693,0.05824611857533455,0.001208754989784211,0.1492973670363426,0.009138051513582468,0.7110859513282776
572,0.06522163227200509,0.03558931015431881,0.08456197045743466,0.004794973507523536,0.08621368408203126,0.6906564116477967,0.03296203054487705
573,0.1250895842909813,0.30073320865631104,0.024501655623316763,0.08705109208822251,0.02173592345789075,0.228015748411417,0.21287280619144439
574,0.3030115008354187,0.027035946771502496,0.441058874130249,0.04606170505285263,0.16184809505939485,0.0060721741989254955,0.01491170646622777
575,0.0012338139407802374,0.21647312641143798,0.0012605698429979384,0.758454155921936,0.0003524268133332953,0.004654274124186486,0.017571635358035565
576,0.22475497126579286,0.05482743754982948,0.28292192816734313,0.08680973947048187,0.2539214104413986,0.027744713984429837,0.06901980340480804
577,0.021795539930462838,0.24913882911205293,0.01656775623559952,0.4013536661863327,0.013070779759436846,0.18760839402675628,0.11046502366662025
578,0.06736233606934547,0.14204456955194472,0.1711626946926117,0.17397221475839614,0.09144730567932129,0.0077070207335054874,0.3463038504123688
579,0.0030407125654164703,0.04708618484437466,0.0021225626231171192,0.930051577091217,0.00040417198470095174,0.016018941067159176,0.0012758516822941601
580,0.0001827591549954377,0.010623590112663806,0.000498613144736737,0.02100781733170152,8.671747182233957e-05,0.9675879359245301,1.2551237705338281e-05
581,0.10604125708341598,0.06919957920908928,0.17995989918708802,0.012249032501131296,0.29870046973228453,0.2751395761966705,0.05871017798781395
582,0.002852758765220642,0.46228125095367434,0.0035077383974567054,0.5194977343082428,0.0008737091091461479,0.005311049101874232,0.005675809970125556
583,0.68035409450531,0.1774197779595852,0.025909801945090294,0.004650852677877992,0.0690651599317789,0.03674087598919869,0.005859418399631977
584,0.05956632420420647,0.028309543058276175,0.17591007351875304,0.0008645724039524794,0.37632614076137544,0.02654794305562973,0.3324753850698471
585,0.20804702043533324,0.018131114915013312,0.1357862025499344,0.0033369699027389287,0.31487647593021395,0.061622931808233264,0.25819929242134093
586,0.022899695113301276,0.06935022622346879,0.019872543402016163,0.01739975456148386,0.038300248235464095,0.7338602542877197,0.09831725507974624
587,0.009655760880559684,0.6420515060424805,0.009270001528784632,0.17460392117500306,0.011902135889977216,0.015435610339045525,0.13708099275827407
588,0.07030783519148827,0.031491489708423616,0.13878939002752305,0.0021980586810968817,0.3302689164876938,0.018884130381047727,0.4080601930618286
589,0.007773369643837213,0.8167937755584717,0.03093354180455208,0.1374423861503601,0.004039600375108421,0.0010206026956439019,0.001996764715295285
590,0.3020718961954117,0.037562882900238036,0.20859144032001495,0.031099654175341128,0.2989224553108215,0.018230999261140822,0.10352068543434143
591,0.1635904535651207,0.0015855914331041276,0.024064863659441472,0.004090708377771079,0.05060476362705231,0.08624448403716087,0.6698191463947296
592,0.1577617645263672,0.14908253401517868,0.03156861513853073,0.009402351174503564,0.07812053635716439,0.11180965080857277,0.4622545599937439
593,0.08384695202112198,0.2265681132674217,0.15131600052118302,0.235108482837677,0.21343851387500762,0.028593761660158635,0.06112816482782364
594,0.18668068051338196,0.1671496585011482,0.12466821521520614,0.009828863153234123,0.20381026864051818,0.008146953722462057,0.29971541166305543
595,0.0011220647022128106,0.08020190633833409,0.0018913655541837216,0.8964354872703553,0.0004285913964849897,0.0036104699363932015,0.016310135275125502
596,0.8564963698387146,0.026546707004308702,0.04625564776360989,0.029175130650401115,0.01280103661119938,0.008402844704687596,0.020322293415665625
597,0.15222253948450087,0.048158922046422956,0.21889356076717376,0.003087420342490077,0.5525488793849945,0.0023138954769819976,0.02277473509311676
598,0.08103646486997604,0.22507134974002838,0.17999965250492095,0.17298907041549683,0.216665381193161,0.05765327773988247,0.06658479236066342
599,0.37859889268875124,0.0012156490236520767,0.15463631600141525,0.0004632090392988175,0.36215656995773315,0.001433780789375305,0.10149554759263993
600,0.27639087438583376,0.010538751445710658,0.11250748932361603,0.0059558039996773,0.1994222581386566,0.019834306091070175,0.3753505408763885
601,0.1489860899746418,0.0013642673729918897,0.08594541884958744,0.004524372355081141,0.1737573355436325,0.19447948932647705,0.3909430384635925
602,0.30480671525001524,0.028919258527457713,0.12183189988136292,0.007274347543716431,0.18393108248710632,0.005540487682446837,0.34769620299339293
603,0.07597283460199833,0.24235749542713164,0.04136282503604889,0.28004078567028046,0.1008070595562458,0.12353961542248726,0.13591938689351082
604,0.00021898112318012862,0.0006719886499922722,0.00017937185039045288,0.0002510379665181972,0.00043424161849543453,0.9979474663734436,0.00029691944655496627
605,0.054290744662284854,0.17726481705904007,0.03307110257446766,0.07747920230031013,0.061132805049419404,0.011073441989719868,0.5856878817081451
606,0.10323286354541779,0.0029381162486970423,0.10053143352270126,0.0034931929782032966,0.2593230128288269,0.05083111003041267,0.47965024709701537
607,0.1757637694478035,0.0736458458006382,0.2959297835826874,0.06118608899414539,0.31490116119384765,0.030670468881726264,0.04790287353098392
608,0.010715595819056034,0.009652155078947544,0.03316678535193205,0.016261555440723895,0.015127777867019177,0.9051155209541321,0.009960589511319996
609,0.1593254789710045,0.02375326193869114,0.14730626791715623,0.015154877118766308,0.2328862428665161,0.012817617319524289,0.4087562680244446
610,0.07550926879048347,0.2598128437995911,0.04343055784702301,0.11656873300671577,0.09140591472387313,0.04574436582624912,0.3675283282995224
611,0.03743269592523575,0.27488833069801333,0.122209732234478,0.42754818201065065,0.10212972238659859,0.02386570367962122,0.01192563334479928
612,0.11319202333688735,0.15744092017412187,0.08685275986790657,0.15036550015211106,0.11323270797729493,0.0626450028270483,0.3162710815668106
613,0.1710464909672737,0.04658209457993508,0.10674034655094147,0.004234795400407165,0.15790462046861647,0.13732921630144118,0.37616242170333863
614,0.1673522412776947,0.19815996289253235,0.014649964682757855,0.010313737206161022,0.02344701662659645,0.45048733353614806,0.13558974713087082
615,0.005310754338279366,0.7125830769538879,0.012426253221929074,0.2363768219947815,0.004050724674016237,0.00352627772372216,0.02572609782218933
616,0.25577582865953447,0.025455506145954133,0.023781688138842582,0.00108637543162331,0.06852592416107654,0.002421233989298344,0.6229534387588501
617,0.07632082477211952,0.23575765490531922,0.08175134435296058,0.05928034037351608,0.07124226093292237,0.18699250221252442,0.2886550843715668
618,0.20066490173339843,0.07435051798820495,0.194157937169075,0.057927212491631505,0.21122057139873504,0.014788000006228685,0.24689085483551027
619,0.16101842373609543,0.004245242197066545,0.06518630161881447,0.0004969076893758029,0.25198347568511964,0.03447984866797924,0.4825898170471191
620,0.017186830937862396,0.1430208247154951,0.005103583494201302,0.8259038090705871,0.00041560446989024057,0.006677282764576376,0.0016920388559810817
621,0.017383473925292492,0.05127399414777756,0.02012900896370411,0.0073618942871689795,0.012943919375538826,0.884339714050293,0.006568031478673219
622,0.12747367471456528,0.034528088942170146,0.3244019091129303,0.0091653598472476,0.26119976341724394,0.00395196748431772,0.23927927315235137
623,0.3457353115081787,0.03364419564604759,0.20544283837080002,0.015170555002987385,0.31307968497276306,0.007054977305233479,0.07987244352698326
624,0.1462462514638901,0.04888971224427223,0.529014253616333,0.02754730712622404,0.15292401760816574,0.07084477804601193,0.024533630535006522
625,0.12984732389450074,0.046204689890146255,0.2820391982793808,0.0018944019568152726,0.30923692882061005,0.00660864394158125,0.22416883409023286
626,0.08240305259823799,0.0443214375525713,0.2306378737092018,0.010886583384126425,0.3268458127975464,0.16079015135765076,0.14411507695913314
627,0.03597333338111639,0.15564667731523513,0.07918087914586067,0.25590862035751344,0.06396065205335617,0.39023037552833556,0.019099431578069925
628,0.06363675519824027,0.0358917485922575,0.03073151521384716,0.014767397381365299,0.08365717679262161,0.7419693946838379,0.02934601381421089
629,0.3481025040149689,0.015197371505200863,0.18326187431812285,0.00502614788711071,0.22046431303024291,0.012195960525423289,0.21575184166431427
630,0.010907699540257453,0.3003300428390503,0.021352163702249526,0.6588732123374939,0.002104695001617074,0.0026222069282084703,0.0038099367404356597
631,0.8338084101676941,0.012531115999445319,0.0225388053804636,0.037240391597151756,0.005658206343650818,0.042521385848522185,0.04570169635117054
632,0.41756485104560853,0.025113359093666077,0.25042836666107177,0.0033512395340949295,0.21138299703598024,0.001993353245779872,0.09016583561897278
633,0.004514794610440731,0.7588986873626709,0.004071272676810622,0.22364330291748047,0.0008876729756593704,0.0026873988390434533,0.005296839366201312
634,0.02760283835232258,0.4034716606140137,0.11608366519212723,0.3425739496946335,0.02909046933054924,0.011537386197596788,0.06964005902409554
635,0.0005174399993848056,0.013338498119264842,0.0007593019399791956,0.01585071748122573,0.0007681174552999437,0.9675568222999573,0.001209094061050564
636,0.09481084272265435,0.050768882408738135,0.12625316455960273,0.05008622780442238,0.1096926599740982,0.06188618578016758,0.5065019965171814
637,0.22681021690368652,0.007115646312013268,0.08323772847652436,0.0003837551092146896,0.13320632129907609,0.003558142762631178,0.5456881940364837
638,0.014992569945752621,0.5070905685424805,0.011337997857481241,0.15294408053159714,0.017477453500032426,0.004682939895428717,0.2914743945002556
639,0.029086581245064736,0.2968645036220551,0.0754802905023098,0.22314763963222503,0.034548156335949896,0.33554741442203523,0.00532541424036026
640,0.05847343057394028,0.11232035607099533,0.08461198657751083,0.09877710044384003,0.12659755423665048,0.32127562165260315,0.19794394373893737
641,0.026917705684900282,0.5577515125274658,0.02573983408510685,0.10412404090166091,0.026084936037659646,0.002804779272992164,0.25657720267772677
642,0.005915287509560585,0.14242758452892304,0.017125811800360678,0.8024422645568847,0.004823409346863627,0.004543979046866297,0.022721683233976366
643,0.18850062191486358,0.09080049097537994,0.18097384572029113,0.01797235757112503,0.3375157952308655,0.02994321696460247,0.15429366677999495
644,4.797654582944233e-05,0.000515719602117315,7.799612139933743e-05,0.005763604352250695,8.699884419911541e-05,0.9932213187217712,0.0002863666450139135
645,0.043986694514751436,0.07763420790433884,0.47883723974227904,0.02255550427362323,0.24580081105232238,0.10357301533222199,0.027612505480647087
646,0.19989466965198516,0.10795238986611366,0.3931521952152252,0.05974704995751381,0.18740376979112625,0.003935170476324856,0.0479147607460618
647,0.2845012694597244,0.005935757141560316,0.11327340304851533,0.001031134056393057,0.15846497416496277,0.06430754214525222,0.37248591184616087
648,0.03848934955894947,0.6149232625961304,0.06847339347004891,0.0465035155415535,0.10316821783781052,0.004057569662109017,0.12438471019268035
649,0.027820274233818054,0.3216860622167587,0.02436974449083209,0.24280965924263,0.02224187832325697,0.02194819403812289,0.3391241729259491
650,0.18779310584068298,0.023957043141126632,0.26041291654109955,0.008652037847787142,0.38127767443656924,0.039630549401044844,0.09827663451433181
651,0.1764762744307518,0.006844906415790319,0.21382375061511993,0.005266701290383935,0.4596793413162231,0.017856908030807972,0.12005209475755692
652,0.5033146798610687,0.059978066384792326,0.025705797597765923,0.02466604355722666,0.030754811130464077,0.015022677648812533,0.340557923913002
653,0.21394078731536864,0.14413881599903106,0.19664262235164642,0.07909287102520465,0.12353858202695847,0.006167710898444057,0.23647859692573547
654,0.0024466314585879444,0.003571666165953502,0.0020004108984721823,0.005542967491783202,0.0027049103286117316,0.9795310139656067,0.004202396073378622
655,0.22968619614839553,0.03819047827273607,0.15175004303455353,0.022381890937685965,0.34880886077880857,0.0275706697255373,0.18161187469959258
656,0.010506116133183242,0.02885763831436634,0.013586395280435681,0.913556718826294,0.0034771737409755588,0.01383972391486168,0.016176218818873166
657,0.1423214018344879,0.024683268368244173,0.04839466959238052,0.032469383999705316,0.042709602415561675,0.08257257416844369,0.6268491148948669
658,0.009410081431269646,0.11623416095972061,0.002719050971791148,0.7446361899375915,0.0015876017743721605,0.01421498330309987,0.11119788885116577
659,0.03670600913465023,0.04958811439573765,0.16844853311777114,0.016515964921563864,0.42269577383995055,0.08821041956543922,0.2178352192044258
660,0.2010736271739006,0.14082021564245223,0.4120537281036377,0.012016680277884006,0.17454800456762315,0.01208718605339527,0.047400546818971635
661,0.9021961569786072,0.029570992663502695,0.004916190315270796,0.00026122550189029426,0.011456512741278856,0.01109230131842196,0.04050665590912104
662,0.2556829243898392,0.00628880774602294,0.15646612495183945,0.0022849321365356447,0.3551654636859894,0.016437078081071376,0.20767467021942138
663,0.013127043936401605,0.09350560456514359,0.10795753449201584,0.5410130381584167,0.03064505159854889,0.20663653314113617,0.007115192525088787
664,0.017372551187872887,0.07322053089737893,0.027891541086137294,0.02907821163535118,0.013469989411532879,0.8192028522491455,0.01976430434733629
665,0.010773729998618364,0.0564790815114975,0.011527102161198854,0.8661177039146424,0.0036263786838389932,0.019662625249475242,0.03181337639689445
666,0.07494019567966462,0.17023151963949204,0.26902795433998106,0.036799758300185205,0.3317897081375122,0.03892877902835608,0.07828209847211838
667,0.0598900243639946,0.15504989475011827,0.07148565277457238,0.0327827351167798,0.10959022343158722,0.038043130189180374,0.5331583619117737
668,0.042089321091771124,0.044768604636192325,0.3766408145427704,0.0219633087515831,0.3620769023895264,0.025024167820811273,0.12743686139583588
669,0.25482592582702634,0.02130126245319843,0.2762517184019089,0.012973511498421431,0.34839887022972105,0.008225669339299201,0.07802303545176983
670,0.0008660834631882608,0.760213577747345,0.001848904660437256,0.19349872469902038,0.0013221540139056742,0.016382968053221703,0.025867588445544244
671,0.011285423301160336,0.37990579307079314,0.004950336273759603,0.16148555427789688,0.007461234554648399,0.41386992037296294,0.021041776426136492
672,0.12713178098201752,0.01034024842083454,0.18225170969963073,0.0011576229939237238,0.4661103367805481,0.013767981249839068,0.1992403358221054
673,0.06969898790121079,0.08251027911901473,0.09994926303625107,0.4652241230010986,0.02720258552581072,0.21542569398880004,0.039989085495471956
674,0.007931916031520814,0.04288766644895077,0.0034816970815882086,0.9428558945655823,0.00015225809438561554,0.002106057823402807,0.0005845086387125775
675,0.14543342143297194,0.06439754664897919,0.24760060310363768,0.08625793755054474,0.1263044521212578,0.07499358430504799,0.255012446641922
676,0.25030228197574617,0.03043968863785267,0.3819550335407257,0.09573282673954964,0.1548683762550354,0.013316482491791248,0.0733853079378605
677,0.12642432004213333,0.015577073208987713,0.09016100317239761,0.0021976617630571128,0.2292614459991455,0.03194687999784947,0.5044316232204438
678,0.13470163196325302,0.13531240373849868,0.17141494750976563,0.28432694673538206,0.06249354034662247,0.16599721610546112,0.045753301680088045
679,0.21716490834951402,0.02981671653687954,0.1485438734292984,0.008154790662229062,0.26563597917556764,0.08934660479426385,0.2413371443748474
680,0.13434183970093727,0.006116328341886401,0.04557672366499901,0.006732735270634294,0.01855536513030529,0.6560571968555451,0.13261979520320893
681,0.01811425471678376,0.36837329566478727,0.00974005563184619,0.5573672711849212,0.002723363135010004,0.02561184447258711,0.018069891072809697
682,0.20844992697238923,0.05895326584577561,0.3426948457956314,0.026838136464357377,0.19562095999717713,0.0012655508238822223,0.16617733091115952
683,0.43054354190826416,0.006606948096305132,0.16595223546028137,0.0016442530788481236,0.29805033206939696,0.0012227057246491312,0.09597998708486558
684,0.31393482387065885,0.008199540618807077,0.20643601417541504,0.005576319620013237,0.3023848384618759,0.006295801512897015,0.15717264115810395
685,0.3050143599510193,0.01570228822529316,0.2662294268608093,0.0029153466573916377,0.3717929482460022,0.003398907510563731,0.03494670037180185
686,0.11019672900438308,0.0781100295484066,0.2601999223232269,0.0041607898660004135,0.5200789749622345,0.014598346687853337,0.012655257061123849
687,0.24770650565624236,0.008041835390031338,0.2961281567811966,0.0020318376598879697,0.3985775411128998,0.012337933573871852,0.03517622519284487
688,0.4393894851207733,0.007982040848582983,0.15608448386192322,0.0022770443698391317,0.2877865254878998,0.006556926295161247,0.09992346167564392
689,0.06643682755529881,0.10271207466721535,0.022958509996533392,0.34171227514743807,0.001617455983068794,0.46235225200653074,0.0022106105054263024
690,0.0004184259247267619,0.06953547336161137,0.0010088771872688086,0.9182150483131408,0.00021486229816218837,0.0029798180796205996,0.007627557870000601
691,0.1998246878385544,0.00493433247320354,0.20253918170928956,0.0030336980242282154,0.4164584755897522,0.01280632996931672,0.16040326207876204
692,0.11370837166905404,0.026122616603970528,0.18843179643154145,0.003637685254216194,0.1354459583759308,0.006714069144800305,0.5259394943714142
693,7.841806086616998e-06,4.066810870426707e-05,1.0225625874227263e-05,0.00022952071667532438,6.524498803628376e-06,0.9996929168701172,1.228277683367196e-05
694,0.38970924615859986,0.1775866597890854,0.08734669610857963,0.013363073929212987,0.09440852105617523,0.019697322882711886,0.2178884819149971
695,0.12958000898361205,0.002981774043291807,0.10889365375041962,0.004287860123440623,0.14992889910936355,0.013452358450740576,0.5908754825592041
696,0.036047636345028874,0.10434769541025161,0.07542947605252266,0.5674282670021057,0.05275032073259354,0.026817353256046773,0.13717924654483796
697,0.0032513958867639303,0.1298366017639637,0.003570162795949727,0.8553876399993896,0.0005169044918147847,0.00580578304361552,0.0016315029002726077
698,0.14508893191814423,0.0629973828792572,0.09755508676171303,0.16074742302298545,0.1641478180885315,0.053203406184911727,0.3162599176168442
699,0.05875668153166771,0.36752974390983584,0.0469257265329361,0.32349613308906555,0.04169446676969528,0.005802837572991848,0.1557944357395172
700,0.0018218226265162229,0.15095404237508775,0.0027679030783474444,0.7820119976997375,0.0016786365944426508,0.018540735263377427,0.04222486987709999
701,0.16421923637390137,0.026185177266597748,0.20255811512470245,0.007586140185594559,0.49418032765388487,0.0138184049166739,0.09145260155200959
702,0.016459568962454797,0.34474942088127136,0.019666114822030067,0.32000512480735777,0.007650227658450604,0.2716656282544136,0.01980388592928648
703,0.3602544069290161,0.018516367860138418,0.13317625522613524,0.005481633218005299,0.23000318109989165,0.009897426888346671,0.2426707088947296
704,0.08482417613267898,0.07461320459842682,0.19046857059001923,0.05603763982653618,0.47238788604736326,0.03933901078999043,0.08232950121164322
705,0.04612235054373741,0.33052494525909426,0.0395535696297884,0.4446527898311615,0.016244448907673358,0.0032733817817643283,0.11962854415178299
706,0.016111482121050357,0.09409738369286061,0.03243414703756571,0.01803228836506605,0.08421875238418579,0.6803440809249878,0.07476186640560627
707,0.04831622987985611,0.1489538386464119,0.08309467062354088,0.04242606945335865,0.2157887637615204,0.31373033225536345,0.147690087556839
708,0.028868426382541657,0.32945919036865234,0.05642135888338089,0.3492352724075317,0.04381601400673389,0.07040290646255017,0.12179679423570633
709,0.1380074456334114,0.133449424803257,0.11137257069349289,0.05200019776821137,0.06174271851778031,0.2568413823843002,0.24658623337745667
710,0.15381898880004882,0.09455366134643554,0.526242059469223,0.047572461515665056,0.10509194731712342,0.01198305720463395,0.06073782369494438
711,0.11474179029464722,0.06540383771061897,0.30912320911884306,0.034600526094436646,0.24304445087909698,0.009803926572203636,0.22328224927186965
712,0.005610692827031016,0.018880950659513472,0.014945605769753456,0.0005021197139285505,0.014579555578529834,0.9409605383872985,0.004520532651804387
713,0.12478072792291642,0.014122699946165084,0.18219294250011445,0.003768508695065975,0.47378984093666077,0.02080885265022516,0.18053644001483918
714,0.08954052329063415,0.03424959182739258,0.012809552997350693,0.004134322400204837,0.05819594711065292,0.10472474247217178,0.6963453412055969
715,0.3031386613845825,0.07669754177331925,0.0653265081346035,0.017003814317286016,0.20285081416368483,0.006684092432260513,0.328298544883728
716,0.0731709286570549,0.18182253241539,0.0650878693908453,0.08926251232624054,0.1443001553416252,0.014852242451161147,0.43150376677513125
717,0.2135824143886566,0.023895005509257317,0.10646597146987916,0.03143494538962841,0.1108848825097084,0.11027597039937972,0.40346079468727114
718,0.058364474400877955,0.3070416033267975,0.09559026435017585,0.1783253163099289,0.08855979442596436,0.1766756758093834,0.09544285535812377
719,0.014286413602530957,0.5270220279693604,0.02296524532139301,0.31080901324748994,0.012425583694130183,0.036630112677812576,0.0758616030216217
720,0.00518038822337985,0.0005630150670185685,0.0014765810337848961,0.003278227226110175,0.0013777257496258243,0.9876030683517456,0.0005210267350776121
721,0.025440387055277826,0.03349336590617895,0.16393246352672577,0.008077616989612579,0.4288774967193604,0.0832066759467125,0.2569719925522804
722,0.06657916307449341,0.11916554868221282,0.3852707207202911,0.029519901424646378,0.19161846339702607,0.001720694114919752,0.20612547546625137
723,0.022528944164514543,0.3182324394583702,0.022231177613139152,0.22413674592971802,0.014235706254839896,0.3611423134803772,0.0374926695600152
724,0.012548764515668154,0.22682965993881227,0.005906566232442856,0.7409294962882995,0.0008315003768075257,0.008310507331043483,0.004643552377820015
725,0.08746586292982102,0.2772807188332081,0.31875666230916977,0.018180362693965436,0.20075451135635375,0.09544898420572281,0.0021129053260665388
726,0.3409338414669037,0.02670162422582507,0.11903385668992997,0.004322102852165699,0.35411921739578245,0.001016100076958537,0.15387326776981353
727,0.10807138383388519,0.0635556273162365,0.26508946120738985,0.009779494721442461,0.36908301115036013,0.08532032668590546,0.0991007037460804
728,0.11290186457335949,0.042122349888086316,0.17036947682499887,0.004437826279900037,0.08424825519323349,0.006801405281294137,0.579118812084198
729,0.12390221357345581,0.19762906432151794,0.23607876896858215,0.02833956331014633,0.31780584156513214,0.09035432264208794,0.005890240892767906
730,0.0003088569203100633,0.0016842081269714982,0.0002864673326257616,0.021278187213465572,8.715871208551108e-05,0.9762218117713928,0.0001333217805949971
731,0.11480282172560692,0.11785555332899093,0.35413543581962587,0.20088413506746292,0.13377089649438859,0.0010802223929204046,0.07747097685933113
732,0.22418761253356934,0.07273446097970009,0.4385387659072876,0.03979443609714508,0.17870233952999115,0.004477300448343158,0.04156507141888142
733,0.14022524654865265,0.23853228986263275,0.14408143609762192,0.10143688432872296,0.29772659242153166,0.009123307466506959,0.06887424662709236
734,0.13370686545968055,0.1948883906006813,0.08094923049211503,0.4292833745479584,0.03649559244513512,0.002290579630061984,0.12238595485687256
735,0.0711784839630127,0.21456512212753295,0.2996494472026825,0.07436183169484138,0.29308471977710726,0.004327660147100687,0.042832717299461365
736,0.5846951186656952,0.14259819313883781,0.13314376175403594,0.023677368671633302,0.05815935805439949,0.0041180434520356355,0.05360814556479454
737,0.39316524267196656,0.01472552977502346,0.19374543130397798,0.01178094483911991,0.33337911367416384,0.0011304361163638533,0.052073283866047856
738,0.41352357268333434,0.007507919427007436,0.16029468476772307,0.0052929341327399015,0.14444839656352998,0.10696561336517334,0.16196689307689666
739,0.11975276172161102,0.2419987440109253,0.20250927060842513,0.13484298884868623,0.16341628581285478,0.09115090370178222,0.046329041570425035
740,0.23108952045440673,0.03248396292328835,0.08636512458324433,0.0181587141007185,0.040651625394821166,0.5212342619895936,0.0700167715549469
741,0.2751597225666046,0.03672416042536497,0.07790369838476181,0.014237195532768965,0.14687822312116622,0.0684400238096714,0.38065700232982635
742,0.2127172350883484,0.05476623401045799,0.15130455046892166,0.08770070672035217,0.19608802497386932,0.18694963455200195,0.11047359928488731
743,0.05219015078619123,0.05957496636547148,0.46285987794399264,0.01903665973804891,0.3408635526895523,0.008641152596101164,0.05683364067226648
744,0.1746520534157753,0.004764973325654865,0.10918883234262466,0.0016398010309785604,0.2782737463712692,0.04823117665946484,0.38324943780899046
745,0.04630935378372669,0.03589943908154965,0.027890009433031084,0.8181129932403565,0.006483677867799997,0.006236060475930572,0.05906846448779106
746,0.43511781096458435,0.04493020549416542,0.08717040866613388,0.018864728137850763,0.04699513241648674,0.1894216537475586,0.17750007212162017
747,0.062215904146432875,0.3749502196907997,0.10703135058283805,0.4513215273618698,0.0016561368480324744,0.0013999226735904812,0.0014249617233872414
748,0.05502584278583526,0.024856909923255444,0.08462864197790623,0.004898399137891829,0.6839201629161835,0.051117895916104314,0.0955521397292614
749,0.32326878905296325,0.006912209466099739,0.3348645448684692,0.003111490490846336,0.28970771133899687,0.00810550432652235,0.034029753506183626
750,0.006362985866144299,0.20722125768661498,0.006605292635504157,0.740457284450531,0.0018848751264158637,0.019569116458296777,0.017899209819734096
751,0.0024845842039212585,0.2848980396986008,0.002447731781285256,0.7006199359893799,0.0005184882262255997,0.0042108632391318675,0.0048203830607235435
752,0.0495076946914196,0.12440053224563599,0.4209332764148712,0.018249762058258057,0.29210776686668394,0.08473959490656853,0.010061335191130638
753,0.0034543387591838837,0.03839481435716152,0.003733050497248769,0.41160865426063536,0.0036488401237875223,0.5241223812103272,0.015037855133414268
754,0.2361616849899292,0.006914318073540926,0.213276606798172,0.003204986220225692,0.45912575125694277,0.007790476316586137,0.07352615967392921
755,0.2481488972902298,0.02849121354520321,0.09828873574733735,0.004685216816142201,0.1932551756501198,0.031091056019067764,0.3960396945476532
756,0.1616658866405487,0.0882151760160923,0.24496536254882811,0.02260280419141054,0.4323031783103943,0.004502107226289809,0.04574546068906784
757,0.23473000824451445,0.18734740018844603,0.11761180460453033,0.12951165139675141,0.05064492449164391,0.18761009275913237,0.09254414364695548
758,0.06618252247571946,0.023523228988051415,0.2525536447763443,0.006905479729175568,0.24303535223007203,0.382317453622818,0.025482320040464402
759,0.2891258418560028,0.006938428618013859,0.17359041273593903,0.0011182137881405652,0.2663942962884903,0.006051896419376135,0.25678086578845977
760,0.28722684681415556,0.11107600778341294,0.10163267701864243,0.12017393708229065,0.0896676242351532,0.0028312475187703967,0.2873916566371918
761,0.02319139987230301,0.06014879085123539,0.041706180572509764,0.054322759807109836,0.03183653317391873,0.7809874176979065,0.007806891761720181
762,0.09952181875705719,0.012337916065007448,0.3252439916133881,0.015696071833372117,0.4842090427875519,0.017004659585654735,0.045986495167016986
763,0.06943106204271317,0.018596078269183636,0.4182053029537201,0.07855644449591637,0.11697787344455719,0.29135428965091703,0.00687892846763134
764,0.03915399946272373,0.1903401419520378,0.025003002770245076,0.48856369853019715,0.014400315843522549,0.136665216088295,0.10587361454963684
765,0.4642170608043671,0.007887143734842538,0.19801627099514008,0.004598058760166168,0.11448840349912644,0.18862656950950624,0.02216651029884815
766,0.10102805197238922,0.01953179817646742,0.14607869386672973,0.005188083497341722,0.17804933488368987,0.006286248611286282,0.5438377737998963
767,0.05130447819828987,0.04942610673606396,0.29692333936691284,0.004048421559855342,0.2226504534482956,0.34600228667259214,0.029644928872585297
768,0.012886739242821932,0.01069800618570298,0.10645645186305046,0.0028621487668715417,0.7487040042877198,0.030606861226260662,0.08778581619262696
769,0.05318044498562813,0.5112089455127716,0.18724085688591002,0.10682309567928314,0.03392524309456348,0.02652711682021618,0.08109430596232414
770,0.19911392480134965,0.05118818655610084,0.22715802788734435,0.009224019758403302,0.16513019055128098,0.003143053932581097,0.3450426280498505
771,0.0525225579738617,0.2758823424577713,0.04793761670589447,0.1326846793293953,0.06271739415824414,0.023760637640953063,0.40449477434158326
772,0.2147899240255356,0.007231131754815578,0.5811193466186524,0.013136870320886373,0.16715134233236312,0.00785310911014676,0.008718262519687414
773,0.008121146354824305,0.48427270650863646,0.04209281019866466,0.4141624629497528,0.011238435376435518,0.00789234796538949,0.03222006596624851
774,0.0009387407335452735,0.03858624137938023,0.0009255477169062942,0.9570455551147461,0.00013642461926792747,0.00047416647139471025,0.0018933431711047888
775,0.24566102623939515,0.05341865792870522,0.3032862782478333,0.01744318138808012,0.2840373754501343,0.005236067459918559,0.09091738760471343
776,0.5410386949777604,0.007704986818134784,0.022574894316494464,0.011486890446394681,0.03419937556609511,0.14016633480787277,0.24282884001731872
777,0.3731258988380432,0.08395307138562202,0.14053186923265457,0.003405439469497651,0.31944831013679503,0.005209806514903903,0.07432568073272705
778,0.05652434304356575,0.24107735753059387,0.12863601595163346,0.28859463036060334,0.03778927959501743,0.09361877888441086,0.15375961512327194
779,0.022320435754954814,0.030682908743619917,0.017094168066978454,0.005551742669194937,0.02066006660461426,0.7996288061141967,0.10406183004379273
780,0.11595122963190078,0.0856259897351265,0.05216402448713779,0.010068729147315025,0.06820958852767944,0.164949494600296,0.503030925989151
781,0.020521602500230073,0.014331310987472534,0.005452813091687858,0.9568165421485901,0.00022329007188091055,0.002237747039180249,0.00041667539335321635
782,0.1415364146232605,0.042488960549235344,0.542898428440094,0.06461039930582047,0.1501246303319931,0.03208180144429207,0.026259385235607623
783,0.1372625336050987,0.1639818876981735,0.33869053423404694,0.023428037576377393,0.2143829196691513,0.009065006114542484,0.11318907737731934
784,0.024841205216944218,0.022706560045480727,0.04701928719878197,0.8375258922576905,0.006601823284290731,0.04842916317284107,0.012876049522310496
785,0.1324148703366518,0.008608588390052319,0.007821126468479633,0.012198506807908415,0.003555464278906584,0.8247409343719483,0.010660509625449777
786,0.03298330008983612,0.04801837801933288,0.04212852083146572,0.4818033993244171,0.014933215826749802,0.312882798910141,0.0672504261136055
787,0.26833699345588685,0.013438819255679847,0.1260038882493973,0.00497638238593936,0.13830408304929734,0.3226565569639206,0.12628330141305924
788,0.004291975521482527,0.03719788417220116,0.004609228554181754,0.9137478590011596,0.0018188835470937192,0.005995891289785504,0.03233829662203789
789,0.010404138173907996,0.32951914668083193,0.07031511589884758,0.5073922991752624,0.01391700617969036,0.007946589961647987,0.060505698621273044
790,0.041850050538778306,0.5642054498195648,0.025346041657030582,0.1859903573989868,0.017539170756936073,0.0159285472240299,0.149140402674675
791,0.15740397125482558,0.015723641961812973,0.2615036517381668,0.0076251220889389515,0.464834600687027,0.01193750649690628,0.08097154423594474
792,0.19731157124042512,0.015610257722437381,0.21807392835617065,0.0028792290948331358,0.35703844428062437,0.007908427016809582,0.20117815732955932
793,0.0744845412671566,0.30466307401657106,0.09766296744346618,0.21909739673137665,0.11446285098791123,0.13888635784387587,0.05074281990528107
794,0.12884899228811264,0.04210076779127121,0.30991517901420595,0.007835630886256694,0.4221331298351288,0.055137259885668755,0.034029053151607515
795,0.047657646238803864,0.22106388509273528,0.08773728087544441,0.16496870517730713,0.07287300601601601,0.14935252368450164,0.25634693801403047
796,0.009479837212711572,0.36493821144104005,0.01532126497477293,0.44805396199226377,0.01743658762425184,0.10193493813276291,0.042835214734077455
797,0.07302122041583062,0.20182266533374787,0.22926629483699798,0.21490172743797303,0.07189869731664658,0.0038786959135904907,0.2052107036113739
798,0.15067808777093888,0.3370064914226532,0.04948282577097416,0.34749325811862947,0.03390804063528776,0.010890270210802555,0.0705410424619913
799,0.16243401765823365,0.17321556210517883,0.22245514988899232,0.11025967672467232,0.17247078120708464,0.012289981078356504,0.1468748539686203
800,0.00298972426680848,0.008069467917084693,0.0036071288865059613,0.4810702443122864,0.0006162698671687394,0.5034104108810424,0.00023673025571042673
801,0.1359959587454796,0.13425021916627883,0.3071083903312683,0.029987950157374144,0.3175809562206268,0.033576502650976184,0.04150003809481859
802,0.16011155843734742,0.09341333284974099,0.028382402658462525,0.12208428680896759,0.05361819416284561,0.03123682029545307,0.5111534416675567
803,0.02969061881303787,0.25955581963062285,0.057302741706371306,0.3930615186691284,0.036970043927431105,0.05268886610865593,0.1707304060459137
804,0.08377835154533386,0.007750447373837233,0.15435201227664946,0.0025046363938599826,0.21315349489450455,0.005293316999450326,0.5331677347421646
805,0.0861777275800705,0.027121103182435036,0.10164255574345589,0.010981843061745166,0.22380672693252562,0.5033228814601898,0.04694718085229397
806,0.3363219201564789,0.022777597606182098,0.12419588565826416,0.002738688513636589,0.26146206855773924,0.013643854856491089,0.23885997533798217
807,0.15180193334817887,0.028404558636248113,0.4414477288722992,0.009081923123449086,0.3402534246444702,0.0026175431441515682,0.026392900571227073
808,0.09626165628433228,0.003290902590379119,0.02042241543531418,0.0010923158493824302,0.04795171096920967,0.012954951636493206,0.818026065826416
809,0.2849588215351105,0.1461544543504715,0.15104724317789078,0.050507738208398226,0.2764060586690903,0.07961428910493851,0.011311399843543768
810,0.004721626127138734,0.11618315055966377,0.007543967175297439,0.7934598326683044,0.0053049660287797454,0.034568688832223415,0.038217750005424024
811,0.17130532413721083,0.008496549353003502,0.09560942947864533,0.0011679299874231218,0.1708132654428482,0.005842631543055176,0.5467648804187775
812,0.04402030259370804,0.07683757022023201,0.15387728363275527,0.013652958255261183,0.17532287240028382,0.5325511276721955,0.0037378332577645778
813,0.2018887758255005,0.047628496587276456,0.18871908485889435,0.029479224048554898,0.27906074821949006,0.005844260193407535,0.24737942218780518
814,0.08030156567692756,0.033522031269967556,0.1181898683309555,0.028537387028336525,0.12845977991819382,0.5060509622097016,0.10493842661380767
815,0.08122899606823922,0.05138909071683884,0.5099998772144317,0.030594054237008096,0.25445781648159027,0.0691672459244728,0.0031629331992007793
816,0.016507642343640327,0.10279856473207474,0.018889620061963798,0.04000002034008503,0.007255368493497371,0.7955586671829223,0.018990087043493985
817,0.0648029550909996,0.2952439785003662,0.07499456033110619,0.08129405826330185,0.04980999901890755,0.4033737897872925,0.030480680614709856
818,0.09105533063411712,0.0872884027659893,0.1703547418117523,0.21599583923816681,0.07762370854616166,0.2835483640432358,0.07413360849022865
819,0.1894945114850998,0.04763290584087372,0.0758820042014122,0.029378360882401467,0.14458562284708024,0.07534831166267394,0.43767825961112977
820,0.035817943140864374,0.3513752996921539,0.21572072803974152,0.12986661791801452,0.06121291220188141,0.12487842440605164,0.08112808465957641
821,0.01785994041711092,0.1912592977285385,0.01146872779354453,0.6138652265071869,0.003006611135788262,0.1452765665948391,0.01726361336186528
822,0.656849080324173,0.12422865629196167,0.014801139011979103,0.08689923062920571,0.008420944400131702,0.06570175513625146,0.04309917986392975
823,0.3594305455684662,0.07109438776969909,0.13441255688667297,0.10675978288054466,0.09396281987428665,0.03475080765783787,0.1995890974998474
824,0.1903755098581314,0.12295866534113883,0.5256808221340179,0.049551254510879515,0.06758354976773262,0.0012765593884978444,0.04257364794611931
825,0.26735019981861113,0.014886858314275742,0.23877902328968048,0.003860482666641474,0.4155386328697205,0.016527927108109,0.04305689223110676
826,0.01672139102593064,0.1596304878592491,0.05093045085668564,0.657175874710083,0.019920260086655615,0.03922662064433098,0.056394919753074646
827,0.021434186957776546,0.12139517143368721,0.026131842657923697,0.03781496798619628,0.07208635658025742,0.6920107960700989,0.02912672534584999
828,0.19309045970439911,0.14648677706718444,0.09803465604782105,0.47715094685554504,0.026271213404834272,0.0026795442448928953,0.056286413595080374
829,0.1471118986606598,0.005727047380059957,0.05862719938158989,0.0003534222138114274,0.14578995406627654,0.01559497443959117,0.626795482635498
830,0.14810526371002197,0.06665945500135421,0.42864419221878053,0.01189634706825018,0.24802144169807433,0.034570452943444255,0.06210284903645515
831,0.5602668762207031,0.044172545149922374,0.06078234985470772,0.00555444173514843,0.09065247252583504,0.012201479822397231,0.22636980712413787
832,0.011919883545488119,0.47177761793136597,0.03303887583315372,0.3731695473194122,0.014526002295315265,0.045899315550923345,0.0496687650680542
833,0.15644378513097762,0.09168633744120598,0.0951976478099823,0.44266626238822937,0.08922817558050156,0.11308377683162689,0.011694047786295413
834,0.009092591889202594,0.13021544516086578,0.02326824851334095,0.08249066397547722,0.005400344729423523,0.7480318307876587,0.0015008778194896878
835,0.08490594401955605,0.012314020842313766,0.33275170624256134,0.0028900153236463668,0.24196987897157668,0.009332493506371975,0.31583593487739564
836,0.005975107010453939,0.03216058798134327,0.006138778990134597,0.03222338296473026,0.0072469300590455536,0.9126053929328919,0.003649812564253807
837,0.1349972367286682,0.3934062927961349,0.1384367860853672,0.17235774397850037,0.05297792442142964,0.0071035039378330115,0.10072051212191582
838,0.0014717459242092445,0.028384394384920596,0.0019511927384883165,0.9657714605331421,0.00014692789991386235,0.0014198346238117666,0.0008544805576093494
839,0.1547972619533539,0.004734819056466222,0.08453279137611389,0.003243185160681605,0.13239489793777465,0.02203383557498455,0.5982631921768189
840,0.0020992205711081622,0.019555598404258488,0.007817811053246259,0.017849667649716138,0.006386834429576993,0.9452822208404541,0.0010086665919516236
841,0.0004257459659129381,0.09903426319360734,0.0011108542326837777,0.8885707855224609,0.0002532264785259031,0.009088977705687284,0.0015161243034526705
842,0.4734245836734772,0.03352937512099743,0.044198027998209,0.024527981877326965,0.017729961732402443,0.09063269123435021,0.31595739126205447
843,0.022672091238200666,0.047310372814536095,0.06330469325184822,0.017770890705287458,0.052904875949025154,0.7691523790359497,0.02688468210399151
844,0.04979849681258201,0.0821688674390316,0.039189303666353224,0.05927620530128479,0.03713324069976807,0.652720034122467,0.07971386797726154
845,0.1562946155667305,0.006419395236298442,0.13133470639586448,0.0036729900166392326,0.22677166610956193,0.0039318574126809835,0.47157477736473086
846,0.06412293314933777,0.07187461331486703,0.12564773559570314,0.005113368853926659,0.27867856025695803,0.0684271777048707,0.3861356258392334
847,0.2014392524957657,0.14558250308036805,0.1855686277151108,0.004303857055492699,0.4055423676967621,0.004313856177031994,0.053249568492174146
848,0.29927171766757965,0.006827773340046406,0.08487930819392205,0.008644698560237885,0.05136808082461357,0.22198358476161956,0.32702481746673584
849,6.483313300122972e-05,0.0005138903710758313,0.0001416750434145797,0.00012744157575070859,0.00020683753391494974,0.9988549947738647,9.030952060129493e-05
850,0.003831770073156804,0.43494740426540374,0.0018994121579453348,0.5585928797721863,0.00010491434368304908,0.0001615948032849701,0.00046206103288568554
851,0.05360806435346603,0.16581751108169557,0.049087796732783316,0.017740261182188986,0.15896909236907958,0.05277870148420334,0.5019985854625701
852,0.0650606207549572,0.135388645529747,0.48293817043304443,0.04926967844367027,0.1287844032049179,0.04659587424248457,0.09196259677410126
853,0.0003049120336072519,0.025317812990397214,0.00013421706098597496,0.025559523701667787,8.240243114414625e-05,0.9484505891799927,0.00015053546812850981
854,0.31755218505859373,0.06464428752660752,0.10913053601980209,0.038939693570137025,0.06730449497699738,0.10836031511425973,0.2940684914588928
855,0.3373727023601532,0.08075998723506927,0.16549623906612396,0.034436973929405215,0.13382041454315186,0.13754672408103943,0.11056695580482483
856,0.05166454538702965,0.014931498002260924,0.1475195124745369,0.0036425039637833835,0.4018093556165695,0.04785025380551815,0.3325822979211807
857,0.2475983679294586,0.014232826512306928,0.15963793843984603,0.12654805034399033,0.13389257490634918,0.008061287645250558,0.3100289642810822
858,0.44018022418022157,0.00767707759514451,0.19201540052890778,0.003925862186588347,0.29833885133266447,0.000709278549766168,0.05715333744883537
859,0.14546972662210464,0.06818990632891656,0.039478898793458936,0.027693999744951726,0.03142667468637228,0.5349975228309631,0.15274328589439393
860,0.0007838482706574723,0.06310641691088677,0.0010876405372982844,0.8812273144721985,0.00035234478855272755,0.03943887371569872,0.014003512356430292
861,0.27882658541202543,0.020123270340263844,0.029488036409020424,0.011575828026980161,0.04741576910018921,0.21945692524313926,0.39311356842517853
862,0.008825147058814764,0.0247048307210207,0.0014710321789607405,0.9414852499961853,0.00010261458101012977,0.023250112077221274,0.00016106774855870754
863,0.02034242879599333,0.43578881919384005,0.058496372401714326,0.3644727051258087,0.006311140675097704,0.1027737520635128,0.011814774945378304
864,0.06859217658638954,0.2963811635971069,0.235731902718544,0.23724365234375,0.07263844609260559,0.005889037251472473,0.08352359980344773
865,0.23310586512088777,0.10790164694190026,0.1753278374671936,0.11202247813344002,0.32625190615653993,0.0024697115644812585,0.04292057976126671
866,0.02916712937876582,0.17600090503692628,0.0068738559726625684,0.687974750995636,0.0039396149571985,0.06407901346683502,0.03196468483656645
867,0.012134319543838501,0.7110917806625366,0.07072377651929855,0.1217230200767517,0.027323051542043685,0.0010815570421982557,0.055922549962997434
868,0.10075068697333336,0.02439854929689318,0.25560452938079836,0.007727044122293592,0.5005960881710052,0.0682317242026329,0.04269137233495712
869,0.06908022686839103,0.37966224551200867,0.2645376592874527,0.06722906678915024,0.1434369221329689,0.05167903788387775,0.024374859780073165
870,0.033073445316404104,0.07157685086131096,0.010927211446687578,0.8701751828193665,0.0007061556971166283,0.011611092323437332,0.0019300285959616304
871,0.25186510682106017,0.10370316356420517,0.24213245511054993,0.04213788919150829,0.1662401556968689,0.13517546504735947,0.0587457463145256
872,0.0981217585504055,0.4928699493408203,0.1301673397421837,0.015526615828275681,0.2215772122144699,0.010993745643645525,0.030743400752544402
873,0.06533848699182272,0.0013069830456515774,0.041947371512651446,0.005390898929908872,0.04284734074026346,0.7001867413520813,0.1429821729660034
874,0.227616086602211,0.08670917600393295,0.1316118821501732,0.015863712690770627,0.35314607322216035,0.05264361463487148,0.13240949511528016
875,0.13199018687009811,0.35048441886901854,0.131846983730793,0.08762437403202057,0.08119191378355026,0.045385343953967094,0.17147680073976518
876,0.1824905440211296,0.07741800099611282,0.13298343420028685,0.005115747428499162,0.34887597560882566,0.002986926632001996,0.2501293867826462
877,0.3415337324142456,0.005442573549225926,0.30911446213722227,0.0007348492625169456,0.3257945865392685,0.0007276321528479456,0.01665213704109192
878,0.050776497647166255,0.08978717625141144,0.19697898179292678,0.6030468881130219,0.030009530670940875,0.017822716478258373,0.011578203924000264
879,0.2903277724981308,0.01970709189772606,0.04919004682451487,0.004445790010504424,0.07562132924795151,0.4535891145467758,0.1071188673377037
880,0.3489814579486847,0.06887118592858314,0.0720733068883419,0.00452927437145263,0.20647951662540437,0.057487668469548225,0.2415775790810585
881,0.18116114437580108,0.18462167978286742,0.2437194377183914,0.0544889397919178,0.11969211623072624,0.002419006824493408,0.21389766335487365
882,0.20260630548000336,0.059208980202674864,0.25698299407958985,0.11394874788820744,0.25305482745170593,0.009476699866354465,0.1047214187681675
883,0.01864643134176731,0.25518215596675875,0.09797748774290085,0.15991372913122176,0.04701320827007294,0.40600754618644713,0.01525948103517294
884,0.07411753870546818,0.09700795188546181,0.026604549307376147,0.7821324110031128,0.0007908799743745476,0.0186873221071437,0.0006593499565497041
885,0.10144258812069892,0.31749148964881896,0.20534090399742128,0.05815141052007675,0.22242999970912933,0.038485467061400415,0.05665814056992531
886,0.12003383189439773,0.035885858535766604,0.30555043518543246,0.006904304446652532,0.1774878829717636,0.004203960730228573,0.34993368685245513
887,0.18392622619867324,0.015214808098971844,0.09639029502868653,0.004691296117380261,0.10655337125062943,0.1233540117740631,0.4698699593544006
888,0.239442378282547,0.12016745805740356,0.03725936189293862,0.00261975284665823,0.12164150178432465,0.049304422363638876,0.42956511974334716
889,0.3524850070476532,0.12291785180568696,0.08423806950449944,0.23516956865787506,0.06802852228283882,0.009922543074935675,0.1272384412586689
890,0.005198999424465001,0.042241720110177995,0.0018715016602072864,0.9322514653205871,0.0002721997065236792,0.01725171715952456,0.0009123942640144378
891,0.018036800809204577,0.06628342419862747,0.008142534270882606,0.03626350872218609,0.012066126614809037,0.8497084498405456,0.009499137289822102
892,0.10700588300824165,0.041710710525512694,0.13353969007730485,0.005386126739904284,0.1421414479613304,0.5035719454288483,0.06664419621229171
893,0.5944262564182281,0.02740945853292942,0.07868173718452454,0.01243412783369422,0.11593580916523934,0.04473841013386846,0.1263742171227932
894,0.30542131960392,0.0018398838816210627,0.1907516151666641,0.0005352641688659787,0.44067920446395875,0.003738337941467762,0.05703436285257339
895,0.09761512503027917,0.11146063357591629,0.06441287659108638,0.5808396220207215,0.0282976396381855,0.0032496998202987014,0.11412443295121193
896,0.8322434186935425,0.0033082952722907066,0.00871688975021243,0.003045500459847972,0.011061166878789663,0.009727209131233394,0.13189751654863358
897,0.024705370143055915,0.332638743519783,0.007020347774960101,0.5377399921417236,0.004397865058854223,0.05082193575799465,0.042675741761922834
898,0.026115868240594864,0.17866163104772567,0.17752184122800826,0.5402463257312775,0.040523936226964,0.01973283812403679,0.017197526060044765
899,0.20114599764347077,0.07068967223167419,0.22402231991291047,0.021844429522752763,0.2770762950181961,0.033297766000032425,0.171923491358757
900,0.3179389774799347,0.04991633854806423,0.07263752669095994,0.006754893099423498,0.17075862884521484,0.01981650236994028,0.3621771544218063
901,0.001665452029556036,0.04913128018379211,0.002458657929673791,0.06205701939761639,0.0009652007254771888,0.8819835901260376,0.0017388113541528583
902,0.2584094196557999,0.055906723439693454,0.07408402413129807,0.0031655826140195133,0.17422489076852798,0.060998822748661044,0.3732105791568756
903,0.00251684887916781,0.40551261603832245,0.00043843267631018536,0.5762716174125672,8.759390548220835e-05,0.014906310220248997,0.00026657300477381793
904,0.045046844705939296,0.0272494837641716,0.21170767843723298,0.005518880556337535,0.6012230098247529,0.02401984725147486,0.08523424826562405
905,0.19858749508857726,0.02230849042534828,0.1107223629951477,0.0065160120837390425,0.3289890319108963,0.014250742457807063,0.31862584352493284
906,0.05958607569336891,0.15116865187883377,0.05345408767461777,0.07710132785141469,0.08234871961176396,0.48322089314460753,0.09312026798725129
907,0.035945669189095496,0.018191541358828545,0.15446505211293698,0.006911783781833947,0.7164445877075195,0.035088447481393815,0.03295291569083929
908,0.2481732815504074,0.05528001934289932,0.28753080368041994,0.08918305188417434,0.28053337037563325,0.0007282561564352363,0.03857121430337429
909,0.14812932908535004,0.009981125779449939,0.16925423145294188,0.0012881279457360507,0.22002758979797363,0.02970847859978676,0.4216111123561859
910,0.03495328314602375,0.4091093957424164,0.0601134292781353,0.10335803180932998,0.06016244739294052,0.11145157068967819,0.22085181772708892
911,0.15195630639791488,0.0689775176346302,0.3028479367494583,0.02452825102955103,0.3186988204717636,0.006642499705776572,0.12634867131710054
912,0.027060163021087647,0.09093063324689865,0.008381848130375147,0.09207215830683708,0.005818739393725991,0.7482279181480408,0.027508530393242837
913,0.045466238260269166,0.18937939405441284,0.024056150391697884,0.3454629898071289,0.015791583433747293,0.04236984457820654,0.3374738246202469
914,0.08771050423383712,0.4140373468399048,0.17867558002471923,0.060412070155143736,0.10375418961048126,0.0032541747903451325,0.15215615183115005
915,0.11024384051561356,0.15080587193369865,0.10430330634117127,0.07129545137286186,0.14846631586551667,0.09222074374556541,0.3226644456386566
916,0.08868972137570381,0.8319026827812195,0.04169835969805717,0.03407667651772499,0.0024318835115991534,0.0006565101211890578,0.0005442031571874395
917,0.005201821867376566,0.20574664771556855,0.004060264280997217,0.7019137740135193,0.001139461901038885,0.0763255113735795,0.005612502247095108
918,0.27946203052997587,0.024544206261634827,0.06998722180724144,0.00457104230299592,0.14325931966304778,0.02480183690786362,0.4533743441104889
919,0.25872211158275604,0.20161100029945372,0.07680153995752334,0.20109888017177582,0.0411622904241085,0.08869530111551285,0.13190889954566956
920,0.0029592530569061636,0.03220872487872839,0.00038501256858580746,0.5285537481307984,0.0002659867437614594,0.426417438685894,0.00920983562245965
921,0.11239493861794472,0.017645501531660557,0.40715254545211793,0.0055573427118360995,0.45110697150230405,0.0006675848038867116,0.005475099151954055
922,0.0004866212300839834,0.032054280303418635,0.00019354938885953742,0.9642904281616211,4.047110824103584e-05,0.001711683615576476,0.0012229255284182728
923,0.11298101991415024,0.04919067285954952,0.23214636892080306,0.002869539987295866,0.2422813355922699,0.0076739458367228505,0.3528570979833603
924,0.041943269595503804,0.6351417183876038,0.06758689731359482,0.019730194471776485,0.059353170543909074,0.00044003363291267306,0.1758047252893448
925,0.4714659571647644,0.012174886371940374,0.08153154850006103,0.0038110038731247187,0.08395386785268784,0.025609940849244596,0.3214528262615204
926,0.07707052677869797,0.024142185971140862,0.020253785140812396,0.0024168692878447475,0.024266660772264005,0.1652643069624901,0.6865856647491455
927,0.005089272698387504,0.6968281388282775,0.007042165752500296,0.26377172470092775,0.0020713704638183118,0.0018832731409929692,0.02331408951431513
928,0.11851236373186111,0.12313486412167549,0.34457830190658567,0.051541417837142944,0.3489957690238953,0.00044508698338177057,0.012792234681546688
929,0.09323164969682693,0.047280439361929896,0.14196625649929046,0.025971519574522973,0.32174810469150544,0.20322952270507813,0.16657251119613647
930,0.10162758976221084,0.0015616759541444481,0.06045459881424904,0.0011154957581311464,0.24755649864673615,0.21077072769403457,0.376913383603096
931,0.08631121665239334,0.2471666917204857,0.007954209158197046,0.21688810884952545,0.011903478484600782,0.2774200141429901,0.1523562878370285
932,0.2390452355146408,0.04320781454443932,0.202059543132782,0.08541090898215771,0.20160748660564423,0.01538841649889946,0.2132806032896042
933,0.06092180013656616,0.03928058762103319,0.03210340365767479,0.011163102369755507,0.09359126761555672,0.7512603282928467,0.011679498385637999
934,0.02412183992564678,0.037947019934654234,0.04631861075758934,0.01665075123310089,0.04721158035099506,0.8081613063812256,0.019588873349130155
935,0.0006241551178391092,0.0006185277423355728,0.00030005771841388194,0.0005343138531316072,0.000487300509121269,0.9966462612152099,0.0007894221344031394
936,0.00706355192232877,0.05432961415499449,0.006911340169608593,0.9277760982513428,0.0002516139138606377,0.0015516878687776626,0.0021160362870432437
937,0.020674869418144226,0.47426913380622865,0.042812001332640647,0.4312556743621826,0.004300661571323872,0.006901809421833605,0.019785871682688593
938,0.19614815711975098,0.17919182479381562,0.4276325464248657,0.042663637548685074,0.1308549389243126,0.0009444121096748859,0.022564453817903996
939,0.05127955563366413,0.07860271260142326,0.05619860328733921,0.05814882293343544,0.06516735926270485,0.4529044210910797,0.23769850432872772
940,0.0904562383890152,0.12175966799259186,0.06705603450536728,0.49225388169288636,0.05327081046998501,0.04263451099395752,0.1325688660144806
941,0.13580282777547836,0.0357453066855669,0.6262001276016236,0.026776060461997986,0.13093179762363433,0.020449042692780493,0.024094861559569837
942,0.1855804815888405,0.10356390252709388,0.05175543464720249,0.11575303673744201,0.11119352206587792,0.03919708766043186,0.39295654296875
943,0.12354677617549896,0.06851130127906799,0.12161508351564407,0.04815497063100338,0.21709497570991515,0.06777502670884132,0.3533018410205841
944,0.14123762398958206,0.1307508245110512,0.23996948301792145,0.01814579516649246,0.26341424584388734,0.06355443820357323,0.14292760491371154
945,0.1293666698038578,0.008968007098883391,0.301504510641098,0.0007327560742851347,0.5393656849861145,0.009904780797660351,0.010157582815736532
946,0.3446656972169876,0.16482931524515151,0.12910208702087403,0.00878670453093946,0.11956053078174592,0.10591964647173882,0.12713606357574464
947,0.09166011735796928,0.5069319367408752,0.1481233596801758,0.022804216668009757,0.08698562011122704,0.0027441755286417902,0.1407505601644516
948,0.17955842316150666,0.0588957816362381,0.06791149824857712,0.0018213859060779215,0.2293883740901947,0.01951607149094343,0.44290844202041624
949,0.0006949491798877716,0.0013627381063997745,0.0006147437437903136,0.002656541275791824,0.00028734214865835386,0.9939605712890625,0.0004230645310599357
950,0.042268012464046475,0.6455901086330413,0.02357151936739683,0.28304598182439805,0.0010295260581187904,0.0038373869494535027,0.0006574290222488343
951,0.09708520472049713,0.06940219327807426,0.2882660835981369,0.10039232447743415,0.36244208812713624,0.030538670346140863,0.051873425021767616
952,0.06600195653736592,0.08834779113531113,0.04149800129234791,0.051794910058379176,0.04599070325493813,0.524514901638031,0.18185175359249114
953,0.035979879833757875,0.1973860263824463,0.16730374246835708,0.035331501811742785,0.11432490348815919,0.43334455490112306,0.016329390928149223
954,0.0387581080198288,0.006269165757112205,0.012342737056314945,0.0056693264283239845,0.009442541934549808,0.8683473944664002,0.05917071774601936
955,0.16195494085550308,0.01976164001971483,0.10906193554401397,0.0022818782599642873,0.10753632634878159,0.007278475165367127,0.5921247780323029
956,0.0167057276237756,0.07441814057528973,0.0003448789990216028,0.9018848776817322,7.727601696387865e-05,0.005235694535076618,0.0013334063696675003
957,0.14457252025604247,0.001405278209131211,0.2387862265110016,0.00043218228383921085,0.5780190467834473,0.0058730508666485545,0.030911677144467832
958,0.10382894575595855,0.06493611335754394,0.4807756781578064,0.006555158272385597,0.3112614840269089,0.007209792360663414,0.025432835891842843
959,0.0038227017503231764,0.09788310751318932,0.005005474807694555,0.7697494029998779,0.002272096718661487,0.0794601134955883,0.04180709458887577
960,0.059877782315015796,0.29934379160404206,0.10696549415588379,0.3661101281642914,0.10447352454066276,0.037700243107974526,0.025529035739600657
961,0.15173785239458085,0.009878426976501941,0.028001195937395095,0.003015365544706583,0.050101191736757755,0.003834102000109851,0.7534318685531616
962,0.07746997624635696,0.454713499546051,0.023662158846855165,0.2785463288426399,0.02259642630815506,0.06395254507660866,0.07905903905630111
963,0.042592478916049004,0.04634496010839939,0.04805879965424538,0.029246861115098,0.022491703554987908,0.7784093022346497,0.032855904474854467
964,0.20296352356672287,0.014772405661642552,0.24980239868164061,0.001888342946767807,0.41241511702537537,0.0014303054427728056,0.11672794371843338
965,0.34640938341617583,0.00591966425999999,0.09740020036697387,0.001850125438068062,0.25281243622303007,0.05680598057806492,0.2388022005558014
966,0.3563285946846008,0.13048474490642548,0.17545047551393508,0.08814353346824647,0.11035927832126617,0.06887365877628326,0.07035968899726867
967,0.15329888314008713,0.04010137021541595,0.3995025157928467,0.004400225123390555,0.22188202142715455,0.009762037033215164,0.1710529536008835
968,0.11297656148672104,0.16549096554517745,0.3590761661529541,0.09652581810951233,0.08597342297434807,0.15245157703757287,0.027505449205636977
969,0.5048932909965516,0.03685796596109867,0.08837323263287544,0.004797937988769263,0.09050926417112351,0.03278149981051683,0.24178676903247834
970,0.15595683604478836,0.013934975676238536,0.3071335405111313,0.006817321572452783,0.3530060797929764,0.07227168455719948,0.09087959229946137
971,0.03393086385913193,0.057224426046013833,0.0023593586578499527,0.8929040789604187,0.000291945585195208,0.012971739354543387,0.0003176076003001072
972,0.22028259038925171,0.011526952031999826,0.3025354743003845,0.008002219721674919,0.3999946117401123,0.008145087771117688,0.04951304122805596
973,0.5216752886772156,0.01276181424036622,0.20711783170700074,0.008092524949461222,0.18597773164510728,0.004674844862893224,0.05969998985528946
974,0.029298685304820538,0.6406025052070617,0.12518214285373688,0.07709885612130166,0.10584078952670098,0.010109166800975799,0.011867865268141032
975,0.03318748585879803,0.5007766127586365,0.01528899408876896,0.3588591441512108,0.009190857410430908,0.013135968521237374,0.06956089921295643
976,0.058258991315960885,0.1319436699151993,0.025785920768976213,0.5866663098335266,0.011502675898373126,0.023301176726818085,0.1625412732362747
977,0.27825539112091063,0.003920616814866662,0.0865752138197422,0.0011147293960675597,0.09848145470023155,0.0060009432956576346,0.525651615858078
978,0.001474929560208693,0.15270890295505524,0.0012380101019516588,0.8402124047279358,0.00020336644956842065,0.00252594385528937,0.0016364380484446884
979,0.07671825885772705,0.021841153502464294,0.0060350923798978325,0.03423578105866909,0.0031453488743864,0.8163283824920654,0.04169595669955015
980,0.21198662221431733,0.006245722994208336,0.023398192971944808,0.0002485959048499353,0.06654515415430069,0.0037147497525438665,0.6878609418869018
981,0.1863018125295639,0.0034003648906946182,0.054163222387433055,0.0025403175968676805,0.05801396109163761,0.3411809802055359,0.3543993443250656
982,0.13273836076259612,0.026625194773077964,0.45232662558555603,0.005136145115830004,0.1671786829829216,0.0034138674847781656,0.212581130862236
983,0.06445481404662132,0.011742248013615609,0.14460808783769608,0.0027107485220767558,0.2262478470802307,0.007202256983146071,0.5430339932441711
984,0.004761646874248982,0.2385804146528244,0.004506915481761098,0.7334793925285339,0.0006788007682189346,0.00033471636052126994,0.017658119834959508
985,0.032176253572106364,0.018149088229984046,0.22002240419387817,0.01286025894805789,0.08760934397578239,0.6125814080238342,0.016601199470460414
986,0.1958562344312668,0.11605282872915268,0.18444227874279023,0.17689622044563294,0.1811816155910492,0.014477614313364029,0.13109319806098937
987,0.2331831783056259,0.019697372615337373,0.24652375876903534,0.007512455992400646,0.2127266690135002,0.17508794218301774,0.1052686408162117
988,0.14865840077400208,0.09507700800895691,0.43212343454360963,0.056294845044612886,0.16513400673866271,0.0655969612300396,0.037115369364619254
989,0.045015805214643476,0.3386594712734222,0.14659758359193803,0.1775614231824875,0.10206246227025986,0.1726184606552124,0.017484823055565358
990,0.3161707043647766,0.061017269641160964,0.16505900025367737,0.017503618821501733,0.3201449602842331,0.0011733328574337065,0.11893108934164047
991,0.13318666219711303,0.23963697254657745,0.10380507558584214,0.12967242300510406,0.11272604912519454,0.24192890971899034,0.03904391713440418
992,0.40362405180931094,0.0736915659159422,0.12589980214834212,0.012467213161289691,0.156653992831707,0.03648908957839012,0.19117429852485657
993,0.06409463994204997,0.28973298370838163,0.11616824865341187,0.38028891682624816,0.1030366376042366,0.032595287263393405,0.014083305094391107
994,0.36401344537734986,0.014681483618915081,0.19093835949897767,0.007252821326255798,0.33207308650016787,0.021799536794424056,0.06924127340316773
995,0.09814994335174561,0.023549924604594707,0.3673798143863678,0.002198464656248689,0.4859447002410889,0.005263479240238666,0.017513726372271776
996,0.3484677761793137,0.061397239565849304,0.0884088397026062,0.0033674862468615176,0.15126489996910095,0.2256647378206253,0.12142900824546814
997,0.01909463256597519,0.46178486943244934,0.040689575299620626,0.38053315281867983,0.013635748717933893,0.07537684962153435,0.00888522043824196
998,0.12341658622026444,0.052575768530368806,0.28051107823848725,0.01663516405969858,0.4126727104187012,0.013816932123154402,0.1003717876970768
999,0.24542432725429536,0.04306463152170181,0.11687125414609909,0.0021222212351858618,0.3152037084102631,0.03022620864212513,0.24708766490221024
1000,0.2579617500305176,0.018991837464272975,0.07376034557819366,0.005748436413705349,0.1554476723074913,0.0019739794777706267,0.4861159801483154
