id,target_0,target_1,target_2,target_3,target_4,target_5,target_6
0,0.0740191691099876,0.04775418246772502,0.299637902737346,0.012273777362019013,0.2775406046940669,0.08829725956788326,0.20047710406097222
1,0.014604748414675739,0.03462506746307798,0.00518782798078021,0.003906139320227874,0.0131055907532309,0.9051095785080419,0.0234610475599654
2,0.02468311784590417,0.030379845676572242,0.024653171341719647,0.011154904413021645,0.0372030394454752,0.8508335622805688,0.021092358996738225
3,0.44585732321863425,0.13867433635465334,0.0361657502499748,0.033771148866449566,0.10613790057026484,0.01907425024225909,0.22031929049776408
4,0.00952816304132105,0.24516040813487416,0.010151534947584688,0.6832243784169622,0.0018795602709194593,0.016102997436315172,0.033952957752023345
5,0.03262579847897918,0.46728311257841915,0.28586222779107534,0.05893273899292914,0.12069325547625095,0.007518945079983115,0.027083921602363246
6,0.08858176539437017,0.2234003960489921,0.006654274596950008,0.6581770360057385,0.00410547790346152,0.0038449708765555036,0.015236079173932092
7,0.004488932659141478,0.010787939419661004,0.006990815754975601,0.012905304385842581,0.008306760097998855,0.9531708227171622,0.0033494249652181434
8,0.1038879178320091,0.1726258031190386,0.20206569594860582,0.05640674859521013,0.38084419682648873,0.047814979065745895,0.036354658612901755
9,0.015304248886274843,0.5616551901841675,0.3116586785435436,0.03017442579572903,0.0457220866487454,0.01851659642214711,0.016968773519392435
10,0.2918138456938083,0.024771732377334526,0.3229708922574622,0.026306411685960845,0.2760498350390528,0.016092068058642602,0.04199521488773879
11,0.3500770111276482,0.026517685626427336,0.14074537474493684,0.008010041751257116,0.24809971438092676,0.018517121793145245,0.2080330505756585
12,0.17310479787439614,0.060438495893707374,0.17134895464585756,0.013807408911292373,0.26314044052615165,0.15033227413393035,0.1678276280146644
13,0.18247202210578092,0.07103793048516871,0.573687688944729,0.07284489601897683,0.0714703186351281,0.0063752805886472825,0.022111863221569102
14,0.3435541521471816,0.02309899307820683,0.2346226446147834,0.013043770271143625,0.18867192753128934,0.06076995968513015,0.13623855267226498
15,0.02895336543905908,0.4735951564702084,0.07547145788364507,0.37554181021951777,0.022964561714644515,0.003905758577713857,0.019567889695211328
16,0.010967432768166288,0.18536085203158936,0.02991408509739182,0.38353929590451913,0.011652663986866424,0.33807217562547104,0.04049349458599576
17,0.25210574976739575,0.044823962462431415,0.23851724740455035,0.020299882102956638,0.17645476175811395,0.11632495719713845,0.15147343930741344
18,0.02195781737142455,0.17883506802561142,0.1296458034520626,0.027769207415529747,0.07876741331537886,0.5366024796971828,0.026422210722810074
19,0.07410395378457976,0.13672828040269966,0.18019267620788848,0.33057283863889514,0.016238068887626196,0.24686395945696918,0.01530022262134166
20,0.03423201684543484,0.1056425397928587,0.12544921757703048,0.6309461158111592,0.08319647848767502,0.0063896476209928275,0.014143983864848966
21,0.3596233783174357,0.010700354459288458,0.1943076869138828,0.005870386030004815,0.402456658432771,0.0031605410294237245,0.023880994817193565
22,0.03428298199372792,0.03762594871417071,0.07754894663078987,0.5076690342765112,0.014589192056230658,0.3100677214726526,0.018216174855917033
23,0.20288813523082563,0.00556755959181511,0.09895407794084268,0.0014797317248877548,0.5754681414388834,0.004160829224875572,0.11148152484786998
24,0.004835910572294622,0.5143413132401476,0.010798782067103985,0.4637511899103039,0.0012265854128194309,0.003573821744337515,0.0014723970529928797
25,0.45237464343237743,0.06446845327759759,0.19875004381002134,0.05036988928549475,0.03508050667507549,0.13877400193003275,0.060182461589400556
26,0.1736765771769155,0.12181408501856666,0.02107082692140689,0.07311307072798257,0.04183198102429897,0.4960465438062583,0.0724469153245712
27,0.033180637470902254,0.014203981752269619,0.010857591115172741,0.010661767365087097,0.010682767982482045,0.909770552895138,0.010642701418948377
28,0.200772340719453,0.06910610593778142,0.1323780688852983,0.044298803192638306,0.46840891803426665,0.017162587044849846,0.06787317618571255
29,0.0932276325910121,0.03939749233116707,0.19030338587229978,0.031726132168106824,0.18579233709983645,0.25826315026595686,0.20128986967162085
30,0.03690885960130436,0.31571114175302356,0.13498796074219538,0.3865808266577937,0.03663204910051404,0.006957231613359459,0.08222193053180948
31,0.16231166762474283,0.061191025705559586,0.19667579721220635,0.02992445037612148,0.1454629051008541,0.2265751312943764,0.1778590226861393
32,0.07162030792265699,0.04929840923966795,0.42180711878393967,0.04052379500476835,0.2219429498498535,0.06449238384260984,0.13031503535650368
33,0.30903198827479245,0.128581961767718,0.22619432917996438,0.04511589767960617,0.24214663963221827,0.012391134833201761,0.036538048632499015
34,0.12566446591892827,0.09765623360490945,0.17687075338891997,0.3785870000553162,0.08882496268377262,0.05738370375650668,0.07501288059164683
35,0.08933903255024601,0.013951522598543242,0.24141950387113906,0.018341822215120387,0.48759814957904063,0.00513987859681385,0.14421009058909678
36,0.16593760068890562,0.044443923611174226,0.30374119610353967,0.0172193681723409,0.24205246378295905,0.13987782593148948,0.08672762170959118
37,0.0360326942531261,0.5801575874666229,0.2596610972942185,0.03630407047685962,0.02419256980503351,0.02456453614524851,0.03908744455889086
38,0.12667056753475342,0.02390303364400275,0.47081721750325956,0.01262436757166848,0.32763598104247954,0.0033800483334876794,0.03496878437034852
39,0.12248613965469807,0.012828212577840076,0.5166385993985152,0.007759937670325299,0.2215762286247537,0.0054943337088859375,0.11321654836498178
40,0.1441794353117779,0.02116228442922731,0.3187024153545116,0.08564330867847911,0.31332037360367687,0.08586211669254896,0.031130065929778267
41,0.1027441522347931,0.051689921153720515,0.09198372220003828,0.01892514985283867,0.18233605470837638,0.13989402526699046,0.41242697458324257
42,0.017459156185769018,0.6277838605869457,0.014395935565515787,0.2499958579126654,0.003205614494109006,0.005984105934677419,0.08117546932031768
43,0.16275885105586252,0.04393199495128544,0.28740319235823253,0.03351438363432654,0.31990302661807146,0.07001698387916476,0.08247156750305665
44,0.11332644208150795,0.044888075204679696,0.5416171971815597,0.22693931614683055,0.035811076224302456,0.02085794241846541,0.016559950742654293
45,0.29324675306658665,0.01120530906771607,0.2946591192807622,0.011470685666408003,0.17294236897660836,0.14202035177523195,0.07445541216668648
46,0.00879956013929323,0.06305660332109497,0.010632059389095713,0.034247337737124524,0.01568526586937923,0.8305086941348003,0.03707047940921208
47,0.010160045962024154,0.04286960342718274,0.0029653131988317304,0.9366637898484012,0.0012665334119159358,0.004240770120215225,0.0018339440314292157
48,0.00281438401814313,0.06047055606761197,0.0040152184616692125,0.9240720887619917,0.0006097431933073442,0.0031358501179746057,0.004882159379302083
49,0.0031649547292054493,0.0060559290900889275,0.00840554835203076,0.003046924928518413,0.004448454697866245,0.9702564370831074,0.004621751119182854
50,0.28121775239786045,0.013465151890182494,0.17303069536215865,0.010259342886710675,0.23743464915244358,0.23461337414505976,0.049979034165584364
51,0.3360415542995853,0.008551729575460148,0.24966999913149268,0.014890922461295275,0.30456034283303296,0.034063943800312226,0.0522215078988214
52,0.47453191672489514,0.04374958013098323,0.03709399526808249,0.020743890390320912,0.06453183183540621,0.23349773565967769,0.1258510499906343
53,0.08017223452231416,0.06830837462971626,0.13395496808962049,0.01770752769153251,0.0797563031879249,0.013492099998835633,0.606608491880056
54,0.1789140300224567,0.023287097101087128,0.2766269157305312,0.015539530155232385,0.12305633838320718,0.026860917549579446,0.3557151710579058
55,0.08223069349109266,0.024586471168076773,0.19744181220020277,0.06960146755848877,0.07262976462613557,0.09279832708695579,0.4607114638690478
56,0.13063189366388672,0.1717256809614153,0.3350104397348936,0.021787093912513163,0.2897078918056759,0.028112686629702573,0.023024313291912728
57,0.14961084139997208,0.017414483592482388,0.06906098275919297,0.003278874087952039,0.07847932148195116,0.026103442493455507,0.6560520541849939
58,0.09035879814912284,0.028071589524708052,0.34085200852992364,0.05903780260189287,0.38208682424610974,0.007054533710789884,0.09253844323745292
59,0.30223869196416986,0.06554515589138518,0.1016753975044474,0.03172669051054436,0.2501511807635417,0.0086019794110892,0.2400609039548223
60,0.05918846571546275,0.05084784963222976,0.2521931858749528,0.07544382903240064,0.19048920199787273,0.05832529389936235,0.3135121738477189
61,0.21247260793086856,0.08084709021310874,0.1681750836314973,0.008710493264931458,0.1507149476616052,0.2769203237888885,0.10215945350910043
62,0.0564750815748853,0.18421054554478467,0.34542146297369086,0.18030530387867452,0.05891001791753405,0.07487438535514135,0.09980320275528945
63,0.2128315325525855,0.012966331128754793,0.23016411138381015,0.019144294943692176,0.15622245000412807,0.024844567911961955,0.34382671207506743
64,0.10856078713366632,0.006791151810378621,0.09367646759752912,0.00455362619007217,0.08453054155694781,0.03291785027151487,0.6689695754398911
65,0.13825035337410999,0.006643721697810519,0.25496272837180106,0.0015334694293337046,0.5879377472854618,0.006100545813433394,0.004571434028049624
66,0.14126442523315047,0.017969011020159253,0.2726151405365928,0.007553670550634534,0.22356887263403746,0.020343241951033247,0.3166856380743922
67,0.12907994299940015,0.04263109291349918,0.07641654365668925,0.22880557403351764,0.08645252700659171,0.25111832958954783,0.18549598980075427
68,0.17643587691353763,0.01252479828508602,0.034068991184668614,0.008186009960597257,0.08526800392778235,0.04130998954819237,0.6422063301801357
69,0.01151074552310883,0.8818993872945305,0.03590903925575574,0.02891667515487527,0.0050662081281615395,0.011687508398592695,0.025010436244974982
70,0.14871968018003015,0.05333605365363165,0.24197077847744156,0.05723911600883962,0.16304385079480493,0.017771055587946418,0.3179194652973056
71,0.13534024927951255,0.11777533741999266,0.27520549053516336,0.05675064793192096,0.20468069116822094,0.034983746260890715,0.17526383740429888
72,0.005441993346729269,0.7127106128061527,0.02062290807844167,0.23540219205820975,0.00232859944529676,0.017737868986323607,0.0057558252788462985
73,0.09834791996285107,0.02684142115396685,0.2759509244289503,0.022437138590264014,0.13695579864671942,0.3624548891273852,0.07701190808986305
74,0.00631973724253228,0.606295869710878,0.008081749574677855,0.3158052189722018,0.00413823782498706,0.015575493545824085,0.043783693128898904
75,0.15135031976985303,0.06464152041305878,0.1626769775898249,0.009138358529792964,0.24563114376086664,0.10384374303494213,0.2627179369016616
76,0.1048942994341945,0.1181241449034549,0.17861240792461136,0.014106207477788107,0.2876384256930243,0.047889754253644855,0.2487347603132819
77,0.08861675334365401,0.02975290257607612,0.24493371501101086,0.014712183323751711,0.18741299874477105,0.10155424218474304,0.33301720481599323
78,0.20687286122083856,0.008465177283618647,0.05001313624210156,0.003248522750632258,0.4936353077137598,0.003953728703477107,0.233811266085572
79,0.005488524823570608,0.13568446708596793,0.0094191072479086,0.8380427434640692,0.0009145759329239752,0.003553672998351716,0.00689690844720796
80,0.13966073079712338,0.034175107742325565,0.1599152477619691,0.015956374370034495,0.2168735710577796,0.18831321500100334,0.24510575326976447
81,0.12280571939762812,0.05146851201923966,0.1248231023648226,0.04987237081222242,0.5593443498472987,0.014094235992346507,0.07759170956644186
82,0.2152056608551463,0.008166189610587243,0.08964125160123036,0.003420166134742053,0.4936979731904188,0.0355136847263976,0.15435507388147757
83,0.04297144282051679,0.4408196079556786,0.09187043344235098,0.35055973053061457,0.005503992410642707,0.06012563788320541,0.008149154956990957
84,0.24369644980902433,0.016448480233747613,0.5269503560167849,0.005231821576643116,0.1580553964793012,0.006897107695979355,0.04272038818851961
85,0.31702508354158193,0.06758392967072206,0.22158827672287643,0.2099748660747293,0.07167560495071591,0.014218195992675037,0.09793404304669934
86,0.016771086370802865,0.08661398038067246,0.016238152300960935,0.8515413561919969,0.004397843605988345,0.02106881694213811,0.0033687642074403936
87,0.12851968576747339,0.05931907075597128,0.04363036367222305,0.2671826144737689,0.014222679759858378,0.4409499863307834,0.04617559923992143
88,0.13328087877629466,0.022300464644766985,0.046662819734487444,0.00762772903083459,0.2820947375335483,0.16374529512691194,0.3442880751531561
89,0.03450072357379455,0.03298173899896204,0.15593648103195928,0.007441601025527596,0.07513130767885963,0.6451047647869038,0.048903382903992994
90,0.35320911751913325,0.009813071037991913,0.1125816806706594,0.0056706590509193345,0.19346156644768198,0.017932490480557232,0.30733141479305703
91,0.3621097782663882,0.0059986985908882864,0.3285606254584197,0.00204374560841381,0.12225605967426834,0.01581938168555561,0.16321171071606624
92,0.05352035134649908,0.3981688493669395,0.10085094086699757,0.0518828731158229,0.14958915374266632,0.047249421291484656,0.1987384102695899
93,0.24364657860435196,0.22582865251702194,0.04049207895493416,0.05034386731524363,0.03699319815063938,0.3212260825572937,0.08146954190051535
94,0.015611101141821614,0.4876006911228142,0.025152396951117158,0.46423473075497396,0.002179131887897271,0.0018078595759546353,0.0034140885654211413
95,0.06903609633141142,0.2815813232533797,0.11153451215719301,0.021025516636604694,0.14476634550739806,0.23693396861767702,0.13512223749633615
96,0.0019124553167166832,0.025569543737455906,0.001431760327503281,0.9673069335256629,0.000359501138238485,0.002712530604737046,0.0007072753496858961
97,0.2574707389115463,0.06288501338699731,0.3003471941742705,0.20297421266305252,0.11350906562950147,0.027264379480934808,0.03554939575369698
98,0.4043731574136709,0.0626577452313401,0.09208948595423282,0.011693652747540705,0.07088052268324677,0.3034976329324799,0.054807803037488785
99,0.30242496211286674,0.010496402197551815,0.0808955618026887,0.11773030250691902,0.1037160120506357,0.06441853238342446,0.32031822694591366
100,0.12362760022336754,0.015420397434641953,0.12567453104750081,0.004846994026779934,0.144009649492064,0.007902828377409573,0.5785179993982362
101,0.35250799621825873,0.005385113265575226,0.16982903581740388,0.0032247112614199195,0.3398123346130236,0.04360818691566253,0.08563262190865625
102,0.2250572773128099,0.01536867836227987,0.1443452828707807,0.0018815469137534759,0.5584227558788821,0.0025482275194869354,0.05237623114200708
103,0.004860748433443932,0.00772762269186022,0.016992485453681455,0.002540259654319008,0.024272842109706753,0.9404151604650665,0.0031908811919223404
104,0.2454253852896884,0.09792761587485505,0.1549567551926287,0.05313890222574689,0.2059127410697344,0.03453829799052482,0.20810030235682184
105,0.04731570932572421,0.21669479662771646,0.07072770917104407,0.3410230443550014,0.11191643827768435,0.0881544748570891,0.12416782738574036
106,0.19746451046898186,0.01919783574249759,0.2056758991924872,0.007264561315754423,0.5347287703069875,0.005532767894776343,0.030135655078515167
107,0.086579590057706,0.08400893300618048,0.14155248015136135,0.11793295210657795,0.046000786292143124,0.0931405459909922,0.4307847123950388
108,0.00993463286884512,0.18118109659918194,0.05133664013660792,0.631800474048864,0.06711618164466189,0.04648953161663346,0.012141443085205773
109,0.16493764943679104,0.051641245486453075,0.2118241410762168,0.005246554485340376,0.28767419219467005,0.021207117562568295,0.2574690997579603
110,0.26257018392376874,0.029133598409918707,0.13262863064315492,0.03153705576931061,0.37646910239769266,0.12009068081620648,0.04757074803994785
111,0.08721057651980475,0.3008359241620986,0.13356435466462574,0.04588891642988928,0.15572290674429143,0.13488791929258406,0.14188940218670612
112,0.14057968037513305,0.03130817358126913,0.23180146093800802,0.00991782165346346,0.5075466523962464,0.04331732904610005,0.03552888200977997
113,0.1590613793667208,0.1254565858042846,0.117428231352679,0.35279261922658056,0.03957163418745018,0.049679916393575,0.15600963366870985
114,0.4820708507604949,0.01660682960506695,0.07216292921518698,0.04984903073688358,0.16511351014076697,0.039545969648560185,0.17465087989304043
115,0.038508239460162255,0.34207996931487017,0.08017557381005738,0.5134159576575348,0.0072324940874274836,0.012888113688474166,0.005699651981473658
116,0.02063872986179416,0.0386668480362934,0.06165802796267514,0.1834392391493049,0.04116626041081581,0.5742765691148375,0.08015432546427916
117,0.016605467354587174,0.37737940441082557,0.04718822751790464,0.4816272102179677,0.004087804327723105,0.06766047226287407,0.0054514139081177
118,0.1576438944718681,0.04026140880321049,0.02184268272000907,0.007365337558963853,0.027180526252489328,0.6742337959876127,0.07147235420584647
119,0.07238627798160713,0.0049426564699780046,0.21449408726983538,0.008013296374888599,0.13027531277021326,0.019504358248360266,0.5503840108851172
120,0.29649028121340393,0.007129111861691824,0.20050226705712665,0.007490532616813033,0.4437976626944505,0.016219407803528395,0.028370736752985792
121,0.04309424341325752,0.15577171854998328,0.12035810611049969,0.09167290317349969,0.3319017010408438,0.057457547776444726,0.19974377993547135
122,0.01546622104645038,0.1504899965573981,0.047728586397840764,0.26646555888648016,0.004740574586937744,0.5075310984189235,0.007577964105969308
123,0.07532483740490573,0.016507427211259907,0.11438790457337596,0.01795361814510943,0.2011878405401188,0.1742621682562405,0.40037620386898976
124,0.1552100523332386,0.11649712818866803,0.10710221437304389,0.024302283819375384,0.15254728198997963,0.07840566356229076,0.3659353757334037
125,0.09626088378730606,0.14707686614434712,0.0918495524107497,0.4659125942890497,0.02564574960715418,0.06405179605910097,0.10920255770229238
126,0.27265434584579334,0.024844523269159303,0.3307585262147396,0.03379390437300075,0.15770112148104448,0.06277834290194571,0.11746923591431681
127,0.2787216442041884,0.03004142009481049,0.3904008006409179,0.004274941708451267,0.2515074062598149,0.004213958181318963,0.04083982891049808
128,0.16600246508307698,0.019664411977718812,0.07002333164332938,0.03182411222743404,0.07098267298420383,0.6085768219643951,0.03292618411984177
129,0.202912841963643,0.054110814635874895,0.08725137929825517,0.026917086442616697,0.08077190969727839,0.2061497887598993,0.34188617920243247
130,0.0063218022895476615,0.908905710553845,0.010111247358790359,0.061424536782973174,0.002265626626019803,0.0036461432411928328,0.007324933147631396
131,0.1936778143750459,0.013268270260399567,0.304838916429584,0.017728913651088266,0.4435112899589413,0.005447593823505922,0.021527201501434955
132,0.006004963496664581,0.022604411249370317,0.0039668576221031605,0.9612156093306619,0.0007838709027790618,0.004326988578017806,0.0010972988204031816
133,0.15964015861888348,0.044764691006143706,0.2520483585563404,0.025258902939689725,0.3343371362543581,0.06316670488813765,0.12078404773644677
134,0.21621510801022936,0.0349307244571488,0.40458571463368914,0.011105545877487969,0.2808106994533085,0.015084144952707941,0.037268062615428484
135,0.010279949745371544,0.6443182101346966,0.007850479711315748,0.3161091711350766,0.0017754043061125966,0.016561645418838568,0.003105139548588357
136,0.09761891053147537,0.07363704079148523,0.2203022137017318,0.09859678058492098,0.3834333094408061,0.050130069361991124,0.0762816755875893
137,0.34862939588969316,0.03554483248695183,0.23661627520095305,0.007062668635615615,0.1257915209179126,0.013953970608646418,0.2324013362602273
138,0.22407573015577023,0.008628347362037747,0.0783070108445743,0.00286091043422521,0.5111466584585875,0.009208710750635824,0.1657726319941691
139,0.036135257231088735,0.2977036124189122,0.020330173255956756,0.13187528930941758,0.012957173698435782,0.3184402798915015,0.1825582141946874
140,0.05273687395782896,0.05219074084038065,0.22373036307867006,0.03402797038422584,0.18538646210455104,0.03281565134151158,0.41911193829283183
141,0.09087698419379235,0.30211958999335986,0.20022832617442746,0.04465347836069826,0.22543650707636204,0.07505520523851922,0.06162990896284083
142,0.07099957681653986,0.03928521631286941,0.1146996519030343,0.016730740703298875,0.6193882181299636,0.06848052132520924,0.0704160748090847
143,0.020778320298319084,0.37978384082105815,0.06340130830022234,0.5227972007635369,0.0028360243676497487,0.00442857619827673,0.005974729250936951
144,0.20002551886177972,0.014273836586592852,0.03972992546964286,0.009969933782331741,0.08368791707200464,0.10952106336456488,0.5427918048630833
145,0.0400722116533758,0.020915648742331976,0.03781991361183851,0.004986532317936237,0.03960271092032087,0.31732646537473447,0.5392765173794621
146,0.0028397512115128807,0.012314540855068761,0.005033110891918557,0.04960750311696333,0.002833371793050151,0.9256735132253923,0.0016982089060940235
147,0.00809261196689028,0.6996587450800875,0.00864360018000522,0.20591039627026944,0.001974270341767233,0.004637134970571624,0.07108324119040865
148,0.028025314168496823,0.2949283537617544,0.037993482685374474,0.4601625005677545,0.03802546165374045,0.06767037787290182,0.07319450928997757
149,0.24769036647444861,0.06416733845813345,0.20375109085047147,0.06326573786717872,0.2356756286831493,0.06805289421272431,0.11739694345389419
150,0.005997840993026415,0.7234670305049039,0.015052400672298485,0.21207909934946992,0.00316772100614929,0.029136838789705043,0.011099068684446765
151,0.1723131705529885,0.026936046304129286,0.41841189634413584,0.028493432648384612,0.15873650951093668,0.1278826990032951,0.06722624563612996
152,0.015474358163434152,0.10346080486393283,0.03599169549206371,0.025294889906214774,0.009776019123758682,0.8061684348121425,0.0038337976384532693
153,0.004477221434524257,0.5163202390980892,0.00484554564912212,0.45937939706231523,0.0010422024932693853,0.0090231364060643,0.004912257856615348
154,0.12478425428615099,0.17435389626028833,0.10458802803582826,0.36237415547580687,0.02487222641169516,0.06821485227126126,0.14081258725896917
155,0.1738894409894703,0.15322387649691513,0.2371398635458613,0.01193036128349788,0.11385697307710776,0.22146600366154726,0.08849348094560024
156,0.14743707589199948,0.0651957328651084,0.43595036775980195,0.016306565534318914,0.27795090935789674,0.02674205491916304,0.030417293671711587
157,0.3875486807647314,0.0563699355212389,0.16045547231211338,0.02001409557220667,0.24702721443920997,0.015621511769556052,0.11296308962094348
158,0.003428345941358154,0.10732440470791643,0.007015751044750611,0.8225100589436355,0.0014339925318143797,0.0218768534013594,0.03641059342916555
159,0.0021013243093259445,0.02553868415134597,0.008090288790842521,0.06279469337612109,0.001643771674712795,0.8969763943886737,0.002854843308978023
160,0.016212348262312822,0.26115884921478083,0.07993992151251941,0.028929088451616857,0.023752129224367112,0.25457323015846717,0.3354344331759359
161,0.09198905237860311,0.09043080072018422,0.4834967996203671,0.05832802073528104,0.12125126874442967,0.04294093873024467,0.11156311907089013
162,0.2068699747687324,0.030315630974971544,0.20354167518482041,0.023969944936490187,0.33882629769196754,0.09351966252153696,0.10295681392148114
163,0.009076030295032636,0.05884725098054514,0.011510721713505217,0.9022674134921933,0.0017867370752969137,0.005533075955523716,0.010978770487903178
164,0.07988902552824519,0.3060510076491314,0.10653554152670928,0.06410535335523881,0.16036021726796834,0.07832124052441942,0.2047376141482875
165,0.5537703314887324,0.004888266558601185,0.17613866897800942,0.0027258106028824397,0.17622347329314383,0.05027289589644781,0.035980553182182885
166,0.1089963462262496,0.08743916045700836,0.17100068100541632,0.30811568159042907,0.03723288420399446,0.17508199101965186,0.1121332554972503
167,0.6736032238326699,0.012845200660575533,0.06095293347604334,0.012606551780173557,0.11182836110550062,0.004932123628344741,0.12323160551669231
168,0.1222101134805188,0.005516470973881944,0.037813814487761215,0.002508951923148198,0.06119355261663436,0.02646196319278217,0.7442951333252733
169,0.2421943732768085,0.1114528273081609,0.21276567816982037,0.014332371738513731,0.14353139364787582,0.16067798172042147,0.11504537413839933
170,0.12017540506798027,0.01231484121713587,0.12074668328670941,0.003122850999706393,0.0678038169948997,0.008077410221912214,0.6677589922116561
171,0.24415477944637803,0.09885992809330868,0.4897486868867242,0.05075408427259543,0.0515221486271357,0.017631698930470004,0.04732867374338781
172,0.5235751775871522,0.008349315325924228,0.12063415647003528,0.0043775297334434655,0.18412734084467106,0.022906645709402425,0.13602983432937127
173,0.23307519411238686,0.19607591220281534,0.1614828706859688,0.02375566378979064,0.10519936043315277,0.02800247699018617,0.2524085217856995
174,0.23881211143759123,0.07215718347903943,0.09674949054752308,0.04258099001292846,0.10807832262344799,0.1399399527923847,0.3016819491070852
175,0.18502859255004941,0.00676144352934321,0.23494086928596383,0.005466430909832025,0.4270065784000623,0.021216320121406073,0.11957976520334321
176,0.02416591219886049,0.03066173069163134,0.7204815168889731,0.14136411807451787,0.0626808418041792,0.007860696679242296,0.01278518366259574
177,0.12699176643241017,0.09083244124685187,0.27211678839108705,0.032632238074023406,0.4214754238200451,0.011709611429574902,0.044241730606007515
178,0.005466752682335173,0.18208765705480698,0.012650069269356804,0.6883087851170624,0.006149156720286097,0.09673279908403941,0.008604780072113224
179,0.11049550871016217,0.06893458937866381,0.34860393470114115,0.05449043632806521,0.19371095061539978,0.013372334949454353,0.21039224531711342
180,0.025203545386440408,0.0861440928059957,0.037401579849079325,0.05879275538248033,0.011692003861458248,0.7565286777296422,0.02423734498490393
181,0.01666129707615774,0.14601562970643053,0.07441896318616295,0.47161881653250465,0.010681873400067026,0.04933759905152559,0.23126582104715165
182,0.10759277514831504,0.003925749268331856,0.03864145735858392,0.006964471978418534,0.11982910421818033,0.023268587716645153,0.6997778543115252
183,0.0417879388424679,0.08542594636167139,0.6796501539506482,0.06808245690356628,0.08641772796954582,0.01718925795603517,0.021446518016065206
184,0.16378068733591336,0.33564509165857864,0.020849483537048696,0.4227289345080615,0.005033071062974381,0.0455578703958962,0.006404861501527055
185,0.22462874803556118,0.008102535700086925,0.2326370953979132,0.0030540117655597308,0.3933601145886112,0.0036962495485765093,0.13452124496369133
186,0.10456025928008306,0.11786217009174137,0.1713537969536232,0.04498943582465748,0.0887588166837139,0.14048313038565502,0.331992390780526
187,0.01145152316801332,0.02898794996436992,0.15267838666038083,0.11499954118902893,0.0822847187292326,0.5650732649455676,0.04452461534340668
188,0.0378582191496875,0.30518988461892677,0.09517101624219398,0.5338506301492291,0.006160966073153907,0.007930352544224143,0.013838931222584689
189,0.046312591580652214,0.06075092308389425,0.06568642853843816,0.021236376223114934,0.21710242014221937,0.47813905153961733,0.11077220889206371
190,0.004010679248455651,0.07572849377028229,0.002149599589221499,0.8789891641255329,0.0009169009021360239,0.037074158710563326,0.0011310036538084867
191,0.007161041781609428,0.09342825250799403,0.01640099365863934,0.8208479005691334,0.001932735790015535,0.0167492540998465,0.04347982159276186
192,0.4978094092894054,0.032038313412944594,0.1880438994582896,0.0338380108521689,0.06156956977991305,0.1535882601282285,0.033112537079050035
193,0.02214398595703964,0.2968736818958925,0.09079532974354108,0.12241708400184705,0.027123538088577755,0.3402244844861904,0.10042189582691152
194,0.1408990995884725,0.08075366617238186,0.08914249720945613,0.00985996139231717,0.552391027012901,0.04887095431680285,0.07808279430766837
195,0.220812399794371,0.011136772199589617,0.30851124605322217,0.003369615469534306,0.4254123986509738,0.010932078779155547,0.019825489053153518
196,0.005824235767664121,0.040878919539871335,0.0035958650885439375,0.9312535838855486,0.0007409604616464418,0.008811149353509216,0.0088952859032164
197,0.10579332951148193,0.1976610152136886,0.2716050101683957,0.06124587193190564,0.3286634273018782,0.009084355447203422,0.02594699042544655
198,0.350635870497937,0.04093929570484256,0.21706111004866913,0.03219160605894818,0.33186883016267155,0.003461278011570602,0.02384200951536109
199,0.582797769460977,0.031906544878695764,0.07110752780762415,0.06494221494634407,0.051626540063212815,0.014217033399248478,0.18340236944389762
200,0.024998981703801097,0.3845566966302929,0.05264861494683553,0.5102378852188442,0.0028730274300545204,0.0076987931856063105,0.01698600088456551
201,0.24564453303782335,0.007496903056723734,0.1353931625829018,0.0021727604779556847,0.05402549468910494,0.018065014362630125,0.5372021317928604
202,0.09973390735157281,0.14637371691426845,0.35904753365490466,0.24944092041082583,0.03940938579295408,0.0379394402046838,0.06805509567079042
203,0.01363203972126504,0.05891193776505746,0.056428013404523095,0.38893601131378974,0.01109564137925506,0.3398343625903111,0.13116199382579843
204,0.047450572909904135,0.07493620531527756,0.44269691602030653,0.036175884147155925,0.04715841334884428,0.20553636112138235,0.1460456471371292
205,0.038772037312747885,0.6594878790051821,0.022737140366622794,0.19042097492473625,0.005257923322433755,0.010620172735426163,0.07270387233285085
206,0.014993533279626697,0.128900970141523,0.03189643973518584,0.7853462578007434,0.0026285922761785504,0.027153492561422868,0.009080714205319852
207,0.15208173479766368,0.1612417981429399,0.21628480409100098,0.01629304890829896,0.26852331021134634,0.08865127777968904,0.09692402606906114
208,0.38392445319232155,0.01992426219027728,0.25642650674124173,0.04020735556043438,0.08272848795801965,0.09711456722521401,0.11967436713249129
209,0.32873702164139834,0.010705239676519459,0.44066088345214594,0.0020077770564536045,0.17071564804306955,0.008370216610905114,0.03880321351950814
210,0.12171355059566144,0.07404199160088448,0.07833766959317914,0.6132227188729352,0.02122535811992199,0.06931892182436965,0.022139789393048042
211,0.18381055540095448,0.0848688256801152,0.1710021250782314,0.04845325655795987,0.23999172266798288,0.08867732962584812,0.18319618498890822
212,0.0613936558214358,0.011649602034027708,0.5600096232476275,0.16177328099145669,0.16426470271104174,0.01476345984149598,0.026145675352914413
213,0.07733854675464229,0.0075845106876893395,0.22479960838357038,0.0029794653616110993,0.072445721603803,0.003988130272776785,0.6108640169359072
214,0.09497748495220337,0.3981938366099425,0.08088779705408757,0.30492123283475636,0.04700887902456011,0.045424950975774044,0.028585818548675968
215,0.10683671281382608,0.07347283397614941,0.6456778374694694,0.06565159041624681,0.02149492624645264,0.06726782570324766,0.019598273374608118
216,0.12090622060170211,0.015799651027252084,0.24692856922609527,0.009453255718932824,0.444577542815654,0.04763129428555822,0.11470346632480552
217,0.009227831143740664,0.04551801044593657,0.004651053980615163,0.7942879583688879,0.0014191937189142708,0.13409379099042476,0.010802161351480889
218,0.0069844918109372555,0.014800923310501422,0.03339612969167044,0.07673035297978743,0.004728853747690398,0.8398819227299495,0.02347732572946363
219,0.035263109964867846,0.049076787048191406,0.03587198036057322,0.21455281356976727,0.005677723972784706,0.6544376448444114,0.005119940239404253
220,0.1890135427175104,0.12091940969590616,0.15927510820477647,0.030378790519259187,0.0831807022477625,0.3606761600164925,0.056556286598292746
221,0.006890216676530301,0.005172523647790263,0.10051106651279734,0.07356394883564925,0.0056853114771216766,0.8059819768418234,0.0021949560082876996
222,0.05844463799265418,0.10017861550052963,0.1314475526735215,0.12548172465429147,0.11929668483349387,0.27456448193655497,0.1905863024089544
223,0.4627368929064229,0.006691489019372785,0.2246837787211052,0.005578974088505643,0.273563044596845,0.0028259452855288344,0.023919875382219787
224,0.1482188308894724,0.10271653255954065,0.3188506137658759,0.31653574516002053,0.025661631560755637,0.017811249622998255,0.0702053964413365
225,0.000611858635652362,0.002174243920461131,0.0006676111869807118,0.0049201994465917715,0.0010000998765264564,0.9886882433200415,0.0019377436137460538
226,0.4659178341298777,0.029275916014901718,0.19554170277416835,0.009815947339523156,0.17396635734859547,0.036072547880089116,0.08940969451284446
227,0.03533368559377561,0.525580835548848,0.08305782983691817,0.1743220066222113,0.038112943256606885,0.02310213806201962,0.12049056107962032
228,0.14444533368975848,0.09511565794469246,0.3538918504277066,0.051640713402749845,0.20193854554730004,0.019766013027234287,0.13320188596055826
229,0.830783798049189,0.03567042595097633,0.04008185258181034,0.024446343627051243,0.0109594009901192,0.03899147566751311,0.019066703133340683
230,0.008124239082174176,0.23490113542438562,0.01767444868568242,0.6195242683170711,0.006286688357630205,0.08879463578172374,0.02469458435133268
231,0.055308936240835306,0.07534386070342919,0.07187878600920641,0.026151627121823864,0.059281026709955845,0.6412000531709902,0.07083571004375923
232,0.020351999537272698,0.3647873735963389,0.02141420429415065,0.4884637634422445,0.037148006901903736,0.02327692645942681,0.04455772576866273
233,0.1637827302051681,0.006096215020679932,0.3469947245561303,0.003239193764576409,0.4375898792047756,0.004688784418350072,0.03760847283031961
234,0.4196094156914293,0.04790321602171915,0.08529821128166218,0.018249096906412385,0.14377356195167149,0.1135169397926662,0.17164955835443918
235,0.14663385649464328,0.00831994879936258,0.14446614222214485,0.0037137957412298425,0.17787526144757745,0.01575240217078215,0.5032385931242599
236,0.03269107903382952,0.6014339736291922,0.07536362835428947,0.17127399805706456,0.012925949833282614,0.06523998675218892,0.041071384340152756
237,0.03210540681885189,0.03018513062034194,0.17393605144577765,0.07771680470121463,0.1847743233470695,0.03749218875695518,0.4637900943097891
238,0.009676733524800729,0.053339210915669046,0.027172990102386618,0.8126610910710385,0.013570545948685528,0.030140044562302144,0.05343938387511764
239,0.3280908851436081,0.07930223247126422,0.06087785421781575,0.01304895935453068,0.11206552554159399,0.04078416492333837,0.3658303783478488
240,0.11046194407393052,0.06710177218856961,0.3097406802003377,0.010751878091184539,0.25592635660519564,0.03855703310892029,0.2074603357318616
241,0.10881238632333172,0.013572250186159526,0.4413187589269514,0.009106625716654403,0.4164685916525958,0.005037111233547321,0.005684275960759755
242,0.005645395318121999,0.029876194861023102,0.0039170436740688505,0.9529500515338986,0.000903978362331864,0.005391237152395343,0.0013160990981602348
243,0.3141580312132615,0.032174907103261347,0.3353704381335008,0.023455999105567202,0.2247688967789459,0.013282174413949159,0.05678955325151398
244,0.3437431865584257,0.1776775179338095,0.04919428647376094,0.011465701187555724,0.16665034864132097,0.012319215728659887,0.23894974347646727
245,0.005547945191122558,0.006740636767382385,0.010361337880752356,0.03553572592033998,0.004148637979668657,0.9307192621580025,0.006946454102731665
246,0.008060883917347238,0.039699045344875165,0.012467045678818225,0.04146869191298529,0.0075225936588682665,0.8240956667987301,0.06668607268837577
247,0.0474766650379953,0.5204111988781357,0.04576691370079011,0.3430899803287547,0.004346816916226805,0.005012000766211195,0.033896424371886294
248,0.2509109395053841,0.06481461661123111,0.3129634044354372,0.016638941877181786,0.2855142096229036,0.02383234554130043,0.045325542406561774
249,0.003638896260352099,0.6543300958536479,0.00300557375501068,0.3017352332145376,0.0017959638251708466,0.011034217228797197,0.02446001986248359
250,0.027804087509551472,0.10016303962145318,0.02100121979046182,0.6052002579051201,0.01754028071254405,0.10917017642422984,0.11912093803663952
251,0.009039122897909648,0.170540426652869,0.024665858562641117,0.7740354320002105,0.0035698243024467253,0.008037663498448722,0.010111672085474102
252,0.1057526298158489,0.07010726132437158,0.09054140718157405,0.008885886703303661,0.2807025408308464,0.1437439297806678,0.3002663443633876
253,0.05210547920698167,0.05693386159236885,0.7009772225305483,0.037874664631037586,0.060723242423384415,0.07782320554725305,0.013562324068426057
254,0.03955187674010329,0.6043344795719678,0.018994819021466856,0.10572516496620592,0.020773906839692064,0.08180920986282304,0.12881054299774097
255,0.0460752386557937,0.051629480899001344,0.11003358090625086,0.016457535758770455,0.4800894906977054,0.1342152942528424,0.16149937882963586
256,0.19473285715555427,0.3167624804435936,0.12445177388695496,0.033644197226740696,0.11799794708569537,0.07341025521889902,0.13900048898256212
257,0.17030648279043203,0.05881003221727129,0.18409945230179664,0.01106946499524656,0.1991923264078357,0.01475382687887822,0.3617684144085396
258,0.08427865619023221,0.32542110768817684,0.13735778369465496,0.10534414591708409,0.12053761700073216,0.1510741684844561,0.07598652102466377
259,0.14528651419300517,0.13524032285876655,0.3463969753808949,0.10785647119971786,0.1730824201243754,0.04996125386335382,0.042176042379886224
260,0.14924934690041228,0.007616986992887556,0.05483643387001567,0.002675780383742964,0.18239940085817785,0.00977209287159854,0.5934499581231651
261,0.1382179025869426,0.036207512675516466,0.20985897764885017,0.01845714374825229,0.26103668304033256,0.25695002716430215,0.07927175313580376
262,0.13910685067268996,0.025738535043690933,0.17808126316705616,0.05296833019312035,0.12567390186287722,0.08344116357033443,0.3949899554902311
263,0.013995540416020802,0.2776542133963081,0.012799049474633018,0.3815002900914508,0.01691942544114219,0.17495960753150877,0.12217187364893624
264,0.24848568961294737,0.016237329396489582,0.3555028588431286,0.010777610864249124,0.16729366792726225,0.0926138067384071,0.10908903661751611
265,0.012301249529366138,0.27537674877421486,0.056478594514482415,0.5616509122573264,0.02507655351306329,0.039065183907573,0.03005075750397374
266,0.29374278700445067,0.016528272823070133,0.04796127868963882,0.006055025005082745,0.0864508886669051,0.026317732047117633,0.522944015763735
267,0.15255587602500292,0.048736332742104586,0.04107775685089,0.49149889896519844,0.004921275343712223,0.25794043164202635,0.0032694284310655253
268,0.10073689741422605,0.15048803350474166,0.18241039706946346,0.3538165873355712,0.03585304883032073,0.07395633736541077,0.10273869848026619
269,0.03639897097853372,0.015158913077272908,0.35384791887079575,0.0072757010743719555,0.49213404760919865,0.011001804771171872,0.08418264361865511
270,0.09861572159146591,0.0503642226540114,0.26713320053663253,0.024462535205010023,0.17956005754307544,0.13047519867184346,0.24938906379796136
271,0.2750352377759879,0.02608980818313627,0.30077121733371914,0.00797329234986365,0.3691512583170474,0.0031738121694639015,0.01780537387078183
272,0.20483375268790607,0.036781805628527675,0.1674313358791114,0.03835903433470957,0.1644058659192715,0.0434428346091246,0.3447453709413492
273,0.022081162729537696,0.07940698962507507,0.015586254335267564,0.7936668246369705,0.016595536305421328,0.055453089795365625,0.01721014257236226
274,0.003191574783702389,0.048704306726040515,0.001859709206125285,0.9406954324818035,0.00044128342482879296,0.00238419033449735,0.002723503043002037
275,0.003365084785754984,0.17084510545598006,0.006836376929999254,0.8046744037763816,0.0010787628569554099,0.005671626710286211,0.007528639484642568
276,0.24740081297671437,0.038570500500958005,0.18959801062806175,0.06212999636211747,0.3251840873241025,0.026530450121375206,0.11058614208667085
277,0.0876734895942556,0.09557047559526954,0.013767156467557575,0.04147750968386416,0.017934995671686833,0.6824083102214258,0.06116806276594048
278,0.09736560305481913,0.13548929133563758,0.0272632006610421,0.050470135177981365,0.037335255026421786,0.5734065322579591,0.07866998248613899
279,0.024140256404671222,0.7445280822257785,0.020239055852905,0.1988447833107054,0.0033320149761813253,0.0022814367721092957,0.006634370457649287
280,0.030553741666350283,0.25038744279557706,0.018011587749270724,0.12032143887865662,0.007710924058405187,0.5556528187427813,0.01736204610895891
281,0.2439971916311302,0.020617106669393037,0.2346685444124422,0.033849448874549694,0.44099892744745184,0.005626507680905672,0.020242273284127362
282,0.1507716086375356,0.02855485061045297,0.14468796847116633,0.013460661460718702,0.4125297383948768,0.006331623797033538,0.24366354862821596
283,0.06308055697673226,0.20963113741697956,0.05378303817128805,0.06056258856701463,0.03761804296986241,0.4727214089714265,0.1026032269266965
284,0.14807365494474603,0.020428088141229192,0.4299758562821907,0.007784528286828375,0.2750767499974336,0.04527476596077703,0.07338635638679511
285,0.009374168579115646,0.08320927006068933,0.00918896742194111,0.8825739043618931,0.0015630810363357474,0.004239419514752396,0.009851189025272938
286,0.1048067543477306,0.10039061659305251,0.346226602143089,0.02099188256721962,0.25688736540799806,0.02020757482421068,0.15048920411669947
287,0.07161608461070058,0.039503371271618966,0.0862275873668718,0.004596770472038654,0.7011022066643413,0.024739951044404764,0.07221402857002385
288,0.12208105325274893,0.22889905930294704,0.17481824954136133,0.25164120404259355,0.1703326466598871,0.01809405442407643,0.034133732776385574
289,0.1558453843982063,0.11190206572903844,0.32439093488112186,0.04839965881788776,0.14796885294506354,0.19578900939905922,0.01570409382962278
290,0.10839754310404882,0.007456682795463265,0.029957553835345003,0.0031752073973458574,0.06259176034842301,0.04681048613775522,0.7416107663816188
291,0.15433541292180594,0.09193443460244462,0.08755192736763995,0.0563517676660433,0.051850028370189774,0.3844772828803141,0.17349914619156226
292,0.09285572185545356,0.07517377547043014,0.26515871768837496,0.05984782368507694,0.11331636020291203,0.23530980192667028,0.158337799171082
293,0.0331509883321333,0.20894725764346,0.07160278658095001,0.44060138166055873,0.030164581203384687,0.18598190292328337,0.0295511016562299
294,0.08996158030573026,0.31432234357759764,0.1830859267858446,0.0632277118557558,0.1120902471083577,0.018413819513979808,0.21889837085273406
295,0.03971040612819926,0.4535339023504012,0.16027623343038275,0.06034890425513569,0.08301696734853833,0.03891195903351445,0.16420162745382821
296,0.3941992550583203,0.009347760200412582,0.17794633575440894,0.005133500397225529,0.11951630148420556,0.05563533628334353,0.2382215108220837
297,0.2844182116252335,0.0567764819875202,0.18236199988919477,0.0428603723077999,0.243429375206294,0.02390733391050913,0.16624622507344852
298,0.0813443418483144,0.0362282357720236,0.07714442320311082,0.042671004221190786,0.2835889281048896,0.031247844856984595,0.44777522199348624
299,0.16600675470714069,0.1279685241531231,0.1077027473642775,0.02131786996974517,0.3667490377267163,0.1469442295500189,0.06331083652897825
300,0.06150707246581924,0.2273913147163559,0.08764929887187783,0.42066685813811416,0.006843188875330847,0.19016034253113612,0.00578192440136585
301,0.021136133933019653,0.7743689451963208,0.030818708129002767,0.16225270145684131,0.002766006147625473,0.0026817345732555145,0.005975770563934235
302,0.09729335208328235,0.06314059945683664,0.1867184498885464,0.013214384383838554,0.553888287254554,0.0239786020655428,0.061766324867399254
303,0.4132715628246276,0.010526969826515754,0.19493216605130897,0.003339417551001148,0.3464284471806163,0.0030452642301124562,0.028456172335817872
304,0.008511811518481774,0.004501530368901934,0.00309249481355721,0.002799734375116788,0.009582970824225741,0.9071023116060626,0.06440914649365413
305,0.05641135881420199,0.043338910571887594,0.30798356383919334,0.01893323948424332,0.46781695312218685,0.0552063090253646,0.05030966514292252
306,0.009557461991301384,0.03154364831072897,0.03975075359173274,0.02601546870486176,0.01735291507493534,0.8570572697020005,0.01872248262443933
307,0.040883625615814226,0.22912974075761489,0.039020156151472696,0.5336478382154429,0.016791178039385506,0.08384919141042049,0.05667826980984924
308,0.1533292590696196,0.03950212268587244,0.3784802771811374,0.025208734457057496,0.26897547284282125,0.070990219859334,0.06351391390415782
309,0.08488005045789353,0.012408863030252721,0.6477096185586971,0.007432223939293781,0.23062952545898066,0.008497975850008124,0.008441742704874128
310,0.014210792953080571,0.7784377743293462,0.03681509643225968,0.1082163091161772,0.006652399864167811,0.005085205708255104,0.05058242159671348
311,0.0031184425778187927,0.08081858544514565,0.007989180978411408,0.9011360602300845,0.0014839146038246095,0.0017741927561341166,0.0036796234085808995
312,0.39181493072837575,0.05227333300811404,0.12015077126205567,0.03070036678076884,0.17490463750517699,0.026468898094667462,0.2036870626208413
313,0.003530405018138286,0.0009812343324257255,0.0024245173513472657,0.0023328355459927706,0.00183496717045364,0.975160786361052,0.013735254220590397
314,0.13668452493639527,0.06301501743770074,0.40202127872274135,0.051084926170476684,0.2265566173768028,0.025584857811039145,0.09505277754484381
315,0.005010080201408259,0.1456007637257535,0.005644755068990431,0.8177568009761397,0.0012319553867079635,0.0186706671335397,0.006084977507460368
316,0.01134377626177871,0.017597948128685027,0.04314414585485717,0.4099605693638759,0.016929190277246632,0.4870049899723572,0.014019380141199292
317,0.16725810526291224,0.08755014373810674,0.31096376105855855,0.016936063027237103,0.10274497730638302,0.11232919271837989,0.20221775688842242
318,0.06689267761124489,0.004422816090659372,0.48151076256792286,0.0017412637807296067,0.42577422574546697,0.0018149440712365795,0.017843310132739834
319,0.045492530938589626,0.11896731385219975,0.06458609523719357,0.06369370365685026,0.07252899746366198,0.5605372487971778,0.07419411005432697
320,0.17844449240331675,0.1100094301122631,0.32023372455828725,0.0851365572873447,0.14115633592955032,0.0283211259732901,0.13669833373594778
321,0.2585885993173548,0.06182982551858107,0.2505262031612195,0.019260101345278054,0.24881651821339124,0.12992688139911318,0.03105187104506224
322,0.1310785935555919,0.06302657644117302,0.5707631867458266,0.03342811228272206,0.1722072937682209,0.00716742923794349,0.022328807968521908
323,0.16955524093154833,0.005506615801417969,0.47014488291590395,0.00533022496533611,0.2684182503485956,0.008789733828515412,0.07225505120868253
324,0.17361164130602258,0.07628289830308586,0.134811416328936,0.04353095244558976,0.43127258191125495,0.03236610922429641,0.10812440048081447
325,0.14061688724553584,0.29616040358326196,0.29729436516787056,0.07392450282727243,0.09942664911951345,0.011303707429057718,0.08127348462748804
326,0.07672026389645772,0.19413221057045277,0.09475621992575296,0.06680953819539945,0.1729835355182457,0.11428625677836247,0.28031197511532896
327,0.16205250686621223,0.09557376905494816,0.13836471688713717,0.010255877751260975,0.48451011282165896,0.013351575130997028,0.09589144148778546
328,0.01073457321823029,0.343049429011127,0.027358260011191286,0.3891427370598698,0.004856490382060143,0.2193671072287375,0.005491403088783995
329,0.04102672099092225,0.014595377129999339,0.009185986191578054,0.0024683791136340446,0.006408208485558016,0.8892505413872724,0.03706478670103575
330,0.1679396215748691,0.03633242108472505,0.17579053613714202,0.014521223873369585,0.173946889078732,0.23179629041188393,0.1996730178392783
331,0.2764704535622056,0.01476520758110792,0.20232106507901543,0.0439962701741528,0.17240295870941347,0.21766200496622604,0.07238203992787892
332,0.012652594481825116,0.24671571163850473,0.023693476611476895,0.5302939520268165,0.007367985209251066,0.005420645204437074,0.1738556348276887
333,0.11094646619604388,0.027196976072041926,0.28703418293507027,0.0165451807449621,0.10175760469625422,0.019554168569731557,0.43696542078589606
334,0.02545655665387228,0.24906444871327582,0.010880077199439666,0.16290669688427376,0.0113737849703261,0.49669482350194744,0.043623612076864764
335,0.3045051927430329,0.00389417194713175,0.17679721463551232,0.003618935509284233,0.44798497879737254,0.03515585527614293,0.028043651091523278
336,0.10932373401923036,0.08075033661400725,0.13773274619365988,0.09909677743345416,0.14015379383406532,0.20173242493100574,0.23121018697457718
337,0.0587037522325024,0.17254285864024616,0.22881583658549381,0.2525869178350524,0.06068658138430538,0.20941940485709518,0.017244648465304806
338,0.30170036954919704,0.07183874703013118,0.10648672973445968,0.027873204101796306,0.03299446145512878,0.39547026030692434,0.06363622782236271
339,0.07967119508116058,0.21026713099753985,0.2833167969022392,0.22113968301929787,0.05957197921954001,0.059635080549492694,0.08639813423072967
340,0.14649880136655957,0.023783356316457577,0.11387987004756134,0.03000611238647323,0.08318976323727703,0.08944114516618883,0.5132009514794823
341,0.07588737297852358,0.02383068270510893,0.7065590569706242,0.03710053888596795,0.07914265584468244,0.05893554414382134,0.0185441484712717
342,0.020225871054991046,0.5976115040097438,0.03372833975034773,0.32594244840986814,0.00424684859853643,0.008310119252424666,0.009934868924088252
343,0.11310203981905559,0.2873090731954753,0.03696639100517818,0.5505785968360017,0.0024518433104396276,0.007148790730454718,0.002443265103394993
344,0.20349814929292998,0.05899227885063033,0.522440503426817,0.020194450358988248,0.12498003079202737,0.012774501552840874,0.057120085725766184
345,0.0496979521447956,0.11170410820681032,0.009366041994829469,0.3134634416506571,0.009277569409434288,0.4969712797915464,0.009519606801926728
346,0.0536129221369424,0.12703937049175124,0.12731756730189633,0.02490601295798456,0.28021953740848227,0.32359544269919377,0.0633091470037494
347,0.1846296117732533,0.027908311513214483,0.09563057220153005,0.008802808826309055,0.45359187537820006,0.019808034967716014,0.20962878533977702
348,0.19671547567227382,0.007248322126531326,0.36426844469547365,0.002023524159515007,0.33446908263778413,0.006581988068363886,0.08869316264005817
349,0.22471574099580355,0.12431433755894952,0.2334098505295859,0.015567550768040051,0.19075561825993673,0.018820964854198305,0.1924159370334861
350,0.19253988445192405,0.044087451411995805,0.24079351935857513,0.01353309647777419,0.48566890810783553,0.00707935171820726,0.01629778847368811
351,0.14928579068058415,0.004668697820759417,0.49161953810641484,0.0038676124051891295,0.18714740067811592,0.009544874656082543,0.15386608565285398
352,0.2571196405916573,0.12158011241501812,0.03637964043632774,0.010614699278442491,0.4317316016520922,0.08591592337512852,0.05665838225133358
353,0.23851280927907256,0.0310746514722869,0.14965056366068147,0.028009258017905124,0.37151908680183326,0.12205893379195698,0.059174696976263624
354,0.2662778170189449,0.1446240599473611,0.19974103812247523,0.07089837980706996,0.17772502495947104,0.11392108435869615,0.0268125957859817
355,0.031715921066833554,0.3003689503428756,0.025781462126828848,0.6124048401478355,0.0033252725985609636,0.00876011513158216,0.01764343858548348
356,0.12905917069181,0.009669928399024776,0.3487212623054764,0.008456536630066278,0.14978603678283536,0.0513594843546372,0.30294758083615
357,0.006212891055933488,0.009758389588077395,0.008830342370028882,0.10542660738721901,0.0045358410895127745,0.8597105114384491,0.005525417070779098
358,0.2756293706341968,0.05212196844923385,0.06860064853233075,0.015831935176341974,0.13107979129064085,0.05607321366389086,0.400663072253365
359,0.018071951901872538,0.11736637941646472,0.07717875975276253,0.57558179946289,0.005649316401262011,0.016165329621702536,0.1899864634430457
360,0.3699328974378612,0.04383813723806021,0.11661464919402183,0.019536118534760484,0.2870091767417232,0.06396362039072526,0.09910540046284776
361,0.03559268087258518,0.08259244868168424,0.5253517351095344,0.1819163968883089,0.06329965856249267,0.03396892825547991,0.07727815162991461
362,0.0833341274629089,0.08066857123814314,0.34499313103756796,0.029350337889462428,0.41949398107416097,0.015566864576003883,0.02659298672175265
363,0.34046927818962497,0.01272011603416956,0.09961673706739477,0.0102234952063877,0.1360291787212126,0.011342243236686327,0.3895989515445241
364,0.0019094956453860024,0.006112499759486282,0.009294627712861143,0.014870470653811616,0.004883752475863322,0.9609235305824954,0.0020056231700963816
365,0.2018314779447936,0.12004495760243866,0.15139167934759504,0.1268734495280613,0.05430390859097806,0.25504239198592105,0.09051213500021234
366,0.11742291094614936,0.6313281009642117,0.08050988029429405,0.05802558282601338,0.006921361415325338,0.008378091707335467,0.09741407184667081
367,0.006872690581655188,0.08565188066536773,0.014773485166113409,0.8675910541693947,0.0030261578713506507,0.008375852206531465,0.013708879339586802
368,0.03451098565035969,0.1034317483470963,0.06424257772445664,0.024930389866613206,0.09333036498521996,0.602635696439004,0.07691823698725012
369,0.060938496013885596,0.2939227507296307,0.20944133855756186,0.2745309883973859,0.04851143324623169,0.09497410862270057,0.01768088443260375
370,0.14183411272227694,0.045519785287847433,0.13533836361661475,0.029746501625622587,0.14356474502597036,0.2665279960935577,0.23746849562811012
371,0.46609788193474905,0.09300518221074598,0.07832977916013337,0.011934315389342592,0.024260028260002522,0.26814911369919575,0.05822369934583073
372,0.1399988993193169,0.5825145674126592,0.16009432034265333,0.07902506688739054,0.011834200493804473,0.015090061885333338,0.01144288365884221
373,0.43756461782484507,0.039574547602989056,0.40051086430288785,0.016269706202469193,0.06923087341859767,0.008924476443380453,0.027924914204830845
374,0.09518116262321928,0.013288118844075063,0.12948603085787244,0.002434192771337389,0.10140912205612618,0.007806533769784467,0.6503948390775851
375,0.16489795534558116,0.05860898154594769,0.20382649500437403,0.014287835009361784,0.20889298422047947,0.03712440332455046,0.3123613455497054
376,0.2126590041049657,0.01691760459541823,0.19623746973951697,0.027556223353016406,0.1262020003059716,0.3660466858213716,0.054381012079739485
377,0.1037435031363158,0.010296960663398316,0.1105696624589966,0.012800617235503003,0.47174271341875795,0.026211037669320512,0.2646355054177078
378,0.47403034370512104,0.10452831137791661,0.15269048009887853,0.023935995851991562,0.14668592705986067,0.02636381860494764,0.07176512330128378
379,0.26298816170013106,0.09114392419637365,0.08233485820327091,0.034247138612565335,0.1406442686147001,0.16247329859121992,0.2261683500817391
380,0.06529370409157112,0.07310312195486526,0.122563928260518,0.047049336844938075,0.12108142871272361,0.18593929823816036,0.3849691818972237
381,0.2820456127560026,0.005839122888883072,0.1679711768315252,0.0065073301085133445,0.2926014912948942,0.008135070660218265,0.2369001954599632
382,0.3080119031020208,0.01605672960196522,0.14590862681730912,0.00838148182770063,0.19311909158317814,0.006860306529468469,0.3216618605383576
383,0.21560112066186043,0.016111738199007835,0.17057285074552295,0.028646831802732385,0.5508012464370958,0.01221683789738455,0.006049374256396041
384,0.17625409372473388,0.05523775077391521,0.2139413315150676,0.04346545616776851,0.42771568447611924,0.032501350954593174,0.050884332387802475
385,0.17645010711278575,0.16999120687424013,0.08726664408526981,0.05830904772599435,0.12197441308619598,0.03997891246639413,0.3460296686491197
386,0.03669687028260873,0.20714218566404158,0.015572060616587545,0.29781658752389456,0.004440152775552424,0.3936566203483677,0.04467552278894761
387,0.20349123202202649,0.19250240401365906,0.06914318188841807,0.31816380989885756,0.11388263861229624,0.01290675340085191,0.08990998016389055
388,0.06227644924212562,0.06745222690257852,0.25101496796775746,0.026986569513138957,0.3390208543716461,0.07050758713097235,0.18274134487178098
389,0.04544000999839735,0.16531972313486396,0.12664171607289582,0.031903549760870314,0.015123386222721535,0.5906894637917673,0.024882151018483654
390,0.3485383704172236,0.06558052919929082,0.21959691871353515,0.011565313655380235,0.2990174526140844,0.006628586535026793,0.04907282886545904
391,0.2622200917774268,0.07510949159097784,0.20282163800728367,0.015118100334455613,0.41595771488897254,0.014463334701181314,0.014309628699702292
392,0.08758550577601035,0.31755850527697155,0.1750275346890199,0.06911216129579568,0.16649410729121875,0.070248415556769,0.11397377011421475
393,0.06229365441678867,0.33933263714278633,0.030239066236950336,0.22565334735242165,0.028321679477231874,0.22416819653306663,0.0899914188407547
394,0.30849774142268865,0.0129020470591979,0.2174024534461242,0.0032296705046514673,0.255937747996684,0.010314927580642088,0.1917154119900117
395,0.00766774395454378,0.11980572369422401,0.005296439110324729,0.0814181434415353,0.0019041008853273814,0.7795759275447757,0.004331921369269074
396,0.07146900423383257,0.047534241072368796,0.04407997404573992,0.03626588531479891,0.025029340401951233,0.7403583662944331,0.03526318863687548
397,0.0667260756793273,0.10086863724146765,0.20178168453518844,0.06062971307506137,0.12318026633832008,0.016290935341801253,0.43052268778883385
398,0.06707512288112612,0.03384017088512722,0.36531512579202835,0.012077681291769227,0.13401714926748526,0.3688934877473044,0.018781262135159377
399,0.12281312612234185,0.03469374604261136,0.2718532069406845,0.00380557446150383,0.27337863296712467,0.037930282222630715,0.2555254312431031
400,0.0012215578798384047,0.0034046052617993745,0.0035597353982995705,0.02563375056876925,0.0016685598728822866,0.9580331090647274,0.006478681953683667
401,0.014570254780669988,0.15106106863012725,0.018498878918128243,0.39882158700165554,0.009200521622148263,0.26201164156257517,0.1458360474846955
402,0.11114397815156624,0.036584609046377635,0.15144995725240637,0.06517410292244658,0.07785344270596234,0.0915568857579121,0.4662370241633287
403,0.010909594677922926,0.1556927103623051,0.05761482767837159,0.31241168444943135,0.011290648551117537,0.20514416712574085,0.24693636715511072
404,0.12587141482632883,0.003980538953077054,0.06259536662560551,0.0018487495713328834,0.09338307659587526,0.007614596143759135,0.7047062572840214
405,0.0027817165803549495,0.030056292509592377,0.001798791965442952,0.9453937204708146,0.0012175566518730456,0.016325825070339542,0.0024260967515823623
406,0.06524646350088734,0.11810076944621739,0.07315590005327696,0.016362434047750493,0.05052621264411799,0.6063663545539005,0.07024186575384929
407,0.05727879148499366,0.03582629528090946,0.1114228807641507,0.012541239730007996,0.2388170516171979,0.5245856917565271,0.019528049366213093
408,0.12694491362211904,0.02778954331173472,0.17950950307353064,0.009397277721511157,0.37991694211685983,0.04155517035231763,0.23488664980192697
409,0.2181648153607827,0.10227243856668136,0.2556278284212397,0.014259890638614704,0.1642205274974422,0.04153836597233763,0.20391613354290172
410,0.029472673685100537,0.4860717401720029,0.02682087974458307,0.3761156535052963,0.006338035469163526,0.05507999737278072,0.02010102005107302
411,0.08361951810702652,0.008387745868083798,0.11339994807100338,0.002860360316759864,0.6284594619145453,0.009150655225969128,0.15412231049661207
412,0.04111814877170081,0.07537695336373172,0.0872486482049103,0.4798126408568533,0.04040691737701711,0.17566484445934424,0.10037184696644258
413,0.07740796541306598,0.08187275758226198,0.05168672457182108,0.4751541817089574,0.0593531154491904,0.033760538294031806,0.22076471698067146
414,0.25096939746399033,0.15340424479845094,0.22394045251228412,0.05770785624495414,0.1378143373878917,0.02880404331078432,0.14735966828164437
415,0.16558254055783495,0.03704141511759483,0.20689756484624816,0.026968724251975804,0.2753010206783543,0.032429471973448996,0.2557792625745429
416,0.02118110754770204,0.2152293620700227,0.05308060305324242,0.21096434187733545,0.016514992281743208,0.21643805165360722,0.26659154151634706
417,0.018736929236994472,0.1782511280776032,0.011613332136368918,0.15171605106299635,0.022383055901795776,0.5810396217235091,0.036259881860732125
418,0.05430376577419733,0.02477448684320624,0.35640996570741335,0.030404641607325762,0.08708172777677355,0.43791511165834174,0.009110300632742025
419,0.016886567281462397,0.36400565630578186,0.10407661610259042,0.49609783377804845,0.007890141786003122,0.005131930077513386,0.005911254668600374
420,0.023222634132055702,0.7067455408712913,0.11268626915884876,0.048490005616447854,0.05175202940799429,0.015616642666827737,0.04148687814653465
421,0.2755322567108646,0.13042359490413472,0.14040897089945728,0.06663642099099994,0.07635677488471147,0.2670921386833912,0.043549842926440964
422,0.016296071353867923,0.12187539991975158,0.009931258959109538,0.0405990098512827,0.008811560254500743,0.795215875617013,0.007270824044474445
423,0.0022837116722286676,0.018048926831293034,0.0030882550536755877,0.08704289464641579,0.0013078424693159002,0.8792172968589966,0.009011072468074257
424,0.009749619428041706,0.6938769154969517,0.017369230455966268,0.2628712844463055,0.0023474828562376386,0.011174979568002105,0.002610487748495334
425,0.00991994157068456,0.04071185809811603,0.025849943663823736,0.5569448014542663,0.0037722073011319216,0.3481424684546146,0.014658779457362997
426,0.015351295087958027,0.02289864908498491,0.4504797626077665,0.08810051645158042,0.23383602236669987,0.16837006383670547,0.02096369056430475
427,0.20868170190624627,0.4171736504230039,0.040321866820393244,0.07745974657264117,0.029076170792099326,0.15419910379912183,0.0730877596864941
428,0.28586017724431423,0.024876162261849234,0.17624244021124055,0.010626626790440484,0.4888546758733178,0.00519222573705693,0.008347691881780884
429,0.13818212976785607,0.03689866091885522,0.1931935420814022,0.01185863960686058,0.5774620440845255,0.006452974553092979,0.03595200898740747
430,0.0679648298432135,0.36539237051609164,0.2574856584176229,0.18882857640570958,0.019588873404314686,0.054606957605080594,0.04613273380796706
431,0.03861262372583069,0.126540090228078,0.0382501470806889,0.7524695166975637,0.006621365619965091,0.019545412140764423,0.017960844507109167
432,0.023588018368025366,0.17343352209422752,0.07707845320859727,0.6990400650593458,0.00834594882436918,0.00890104928317064,0.009612943162264144
433,0.004459050531306803,0.3171474600773892,0.010197293929868652,0.6607265056720354,0.0013478646095182738,0.003451915013478021,0.002669910166403762
434,0.07603313631465845,0.011448661041824534,0.1570528051554338,0.01650022533738725,0.3041689663156195,0.1900588667191116,0.24473733911596485
435,0.08724968881664132,0.07022414212976176,0.11612563492734482,0.0280330284749247,0.18830136776318096,0.3176317254384486,0.19243441244969794
436,0.07193449211069676,0.09071680497513568,0.171025786743761,0.04848996974479354,0.07018954802364147,0.319280035297945,0.22836336310402663
437,0.03532947993787834,0.10627582402875166,0.06056793680599381,0.2744529899999781,0.020200089983082647,0.0945215798705354,0.4086520993737801
438,0.05488910628868979,0.48255352622257996,0.02404854182398739,0.24573164393256056,0.00864711292895544,0.13617543104741697,0.04795463775580985
439,0.0585645119691797,0.1330115861435715,0.10836806723866188,0.1290087274660885,0.12524430326205,0.1028225012552239,0.3429803026652245
440,0.03580929072655893,0.0494144895939978,0.04328091491702586,0.08115085167039224,0.10715006781885893,0.4997531175429373,0.183441267730229
441,0.17505677232578593,0.03944305175380391,0.1830009870965841,0.006110679692267197,0.4451871022314516,0.023658910673541592,0.1275424962265657
442,0.01200411179213322,0.30194568837164737,0.016409299646031966,0.5266694949058446,0.00900433365971098,0.1068593029727567,0.02710776865187521
443,0.011789294582490823,0.08583724377183491,0.017195172148566376,0.5593582470981404,0.002485491070430133,0.31794146065579026,0.005393090672747129
444,0.029019481523680245,0.1624991006578336,0.06229998122196609,0.7072202373290094,0.006863019668416468,0.027089922722438296,0.005008256876656005
445,0.144433831876678,0.03085341640274835,0.08037239505130489,0.02894434051286138,0.14338633354235858,0.42759051799576786,0.14441916461828097
446,0.12487374835771001,0.02548356856361467,0.3369690053576368,0.042969711805610475,0.13690913354409454,0.1900057641947334,0.1427890681766001
447,0.12875940232835084,0.11775086736199354,0.1142178438835491,0.3041315358156762,0.08085840284879367,0.15473530121942747,0.0995466465422091
448,0.09409303367161517,0.2612514608946117,0.4658927025969601,0.03315893945260357,0.11023708519607016,0.006487104910896433,0.02887967327724299
449,0.052606106997806414,0.17985077833825266,0.17738807288469682,0.16293618646306365,0.07796973084235594,0.2803972079646358,0.0688519165091888
450,0.07326511716495045,0.1397006515262175,0.09041917237205425,0.009764863909286537,0.5717798856783339,0.09432913159271165,0.020741177756445548
451,0.05565532532528472,0.41636134425871335,0.1634913865985605,0.15561836023321685,0.05265335769812222,0.020491636406076055,0.1357285894800264
452,0.1077558835538333,0.230004178309177,0.27441669322980194,0.039690632870972,0.3037299255282183,0.02137275467604856,0.023029931831949
453,0.32730386198223915,0.008334976524912583,0.13225109769548307,0.002037983590298228,0.42657222509233994,0.01208175573890773,0.09141809937581935
454,0.11947416601707028,0.1321115048212362,0.1641906012988419,0.04272054849890751,0.18804753238200794,0.18634033504858788,0.16711531193334841
455,0.06305850234791797,0.002062893348723412,0.11722284694794567,0.0036965734440424524,0.7953683934213862,0.011155411230172734,0.007435379259811554
456,0.009134810708236527,0.10943693908749451,0.007770840581829301,0.8589243747846463,0.001596214967212726,0.01158329848998077,0.0015535213805997524
457,0.026247599063757662,0.07797155437217997,0.06092493874919021,0.006913119183129111,0.05418611867598819,0.7527493836758985,0.021007286279856277
458,0.061207754497919306,0.05720933882963569,0.3446320091953945,0.38914934568130594,0.09556643910658513,0.011096478375887753,0.041138634313271666
459,0.028136180744670246,0.06723349144885367,0.006778805904482326,0.2961091856588845,0.001981339849960854,0.5972354607864567,0.0025255356066917487
460,0.20079993497999302,0.19513892442885084,0.24756308503599878,0.05743841349482926,0.24595247420066446,0.023624573752217985,0.029482594107445546
461,0.4814721112913742,0.08092370543076254,0.06067100385196063,0.04324044357990675,0.07118781453626759,0.12971235204018558,0.13279256926954267
462,0.033715736533386484,0.5827486886031203,0.08986999977547583,0.15073901918086907,0.017556911093918815,0.11328188235583043,0.012087762457398942
463,0.11922344573609862,0.020085261314417693,0.15524699434091452,0.013133007786942506,0.467207829386285,0.038355238788095,0.18674822264724658
464,0.014869929515631082,0.23452531517366618,0.01275024257499279,0.39321829227471045,0.025132688325967073,0.014238557894289664,0.3052649742407427
465,0.2992868739387907,0.011218189829769631,0.26299472132739327,0.005219807695510201,0.2961126632069789,0.01226839319567568,0.1128993508058817
466,0.004880935218093866,0.20145186170774304,0.0057797185378197944,0.054482146924419696,0.009077653141681108,0.7060601220922066,0.018267562378035805
467,0.01910469442465898,0.057520718331571706,0.0650218353840757,0.8338988705682576,0.004412713261676975,0.01680587668129205,0.0032352913484667758
468,0.13618817795973504,0.03766054279254603,0.019963373700337756,0.7871630326954058,0.007016073111262908,0.008698992953033259,0.0033098067876791526
469,0.05739240746328867,0.07191449309991195,0.03364835677155714,0.726690311824544,0.015423767727218738,0.046148048010195716,0.04878261510328372
470,0.11868240861430454,0.028482280372019712,0.05023831334293166,0.0497609787136054,0.034513117569957744,0.642031201512646,0.0762916998745348
471,0.07129204686678875,0.09779938230028783,0.06528838382800313,0.46854949816011976,0.07149300733132011,0.1370420021366378,0.0885356793768426
472,0.32650968701830724,0.07972073417317789,0.20310361001839605,0.09498971303023448,0.0582713654831191,0.020204708202000647,0.2172001820747647
473,0.06626734328239291,0.08299402339832553,0.2698411647238133,0.03447091210618955,0.2032581516827282,0.10980720634351286,0.23336119846303763
474,0.3256583840349288,0.049515108966264335,0.2008773461341678,0.029780843891576255,0.13585760714259976,0.022757451586251882,0.23555325824421103
475,0.04157131078488048,0.3425248295362336,0.09354968409726364,0.15229301843159762,0.10038987226808792,0.025776721217265822,0.243894563664671
476,0.006595856682211175,0.1587943385209133,0.017969144202573423,0.6784684295049402,0.0061241085042724975,0.08010360191995658,0.05194452066513274
477,0.09891837961874506,0.10891442143601017,0.18005791713603805,0.03231374818901295,0.139874431706956,0.18082855709067946,0.2590925448225582
478,0.011609679292917844,0.7921678778637657,0.029099751986237654,0.08521334081250684,0.0027089197253322224,0.01003956469988215,0.06916086561935735
479,0.0034175806416284643,0.009529478911130533,0.006114199167733009,0.02169573481318361,0.001267080632090088,0.9568466510475548,0.0011292747866795611
480,0.0841442972974868,0.2648168041419502,0.1474007336086034,0.35640889636324563,0.0660563460112964,0.04174248389129522,0.039430438686122414
481,0.049858864156741914,0.036650806676269215,0.04033108239097869,0.025115953349999037,0.02898262050162455,0.4660218081316479,0.3530388647927386
482,0.08796130285389732,0.3319087977932242,0.13270057137600225,0.17946292952469942,0.05157406682603693,0.048848510728163874,0.16754382089797618
483,0.20822468161986818,0.08430246293160674,0.16957529542031272,0.08313279157012748,0.0901653995023496,0.2213292535610038,0.1432701153947316
484,0.023811490767005224,0.2759254313528207,0.02522848998968379,0.5646105870016407,0.01572514831456698,0.0022850993327018856,0.0924137532415808
485,0.2030145443755267,0.031819345033006874,0.35040542332510877,0.11016892989634469,0.10812983896765015,0.03031688356935476,0.16614503483300805
486,0.1741214704131277,0.03116028264786428,0.174771634103799,0.01476934134997178,0.3006792156651765,0.02844641009843553,0.27605164572162516
487,0.05681977323021606,0.07182422379915972,0.1625429537769524,0.07922420623557314,0.16731318948986426,0.20983912652577927,0.2524365269424551
488,0.004586434680201518,0.01948890399100665,0.003887779490358889,0.9440720995600165,0.0009044006580081865,0.019714154614200306,0.0073462270062078765
489,0.2146322899053809,0.011265858933955781,0.18829133656448344,0.0028533390319388295,0.37185061902900346,0.016244889529699,0.19486166700553856
490,0.06459146386817866,0.15399679134529498,0.32380789791688686,0.26442536398416144,0.09956019805384765,0.0620507917198267,0.03156749311180372
491,0.21869097757193057,0.1063860945551601,0.18934479926159214,0.055302649922508995,0.14048319977220106,0.0622943492519629,0.22749792966464427
492,0.01224161514306723,0.007994863473657802,0.02602429612000973,0.008769409916197905,0.019037704662297684,0.9042886460516493,0.02164346463312024
493,0.1958430868009914,0.016210703352900594,0.5288689506428697,0.003562249725031286,0.21091838820178233,0.011245390443767427,0.033351230832657314
494,0.0836600294032205,0.05196367077558123,0.07209272264958266,0.016041833296786302,0.08980929134507283,0.20789283436911316,0.47853961816064333
495,0.1780517454507095,0.2730921794760715,0.06841138113424539,0.1931342058235467,0.04009651890060884,0.11903104960354485,0.12818291961127326
496,0.035940791843527053,0.17287385527007834,0.038627954284848845,0.3845967752959209,0.01054453454345825,0.30841579400465996,0.04900029475750668
497,0.2384439746747187,0.1386596322409992,0.1990105390358055,0.010805489794311628,0.11690094225575065,0.03066944807982366,0.26550997391859066
498,0.054671902379828725,0.002661345713396981,0.06504213997647273,0.0023856804253050657,0.06404012853553953,0.00504894878378217,0.8061498541856749
499,0.012066259844458367,0.35483838161774456,0.020649544667699773,0.22395746931334035,0.005181075874231558,0.02110989762674847,0.36219737105577704
500,0.2751233949968192,0.11968659328518885,0.12900236998712453,0.013575910374191926,0.40463621080772233,0.008669792392189332,0.04930572815676391
501,0.00756188654257485,0.11095148897553025,0.03192543557355682,0.5665476958858646,0.002988178760791421,0.2763579941887208,0.0036673200729613184
502,0.030923083058380204,0.6635105704035806,0.08768335390701479,0.16544948465622433,0.01145482323097354,0.008373374654232985,0.032605310089593484
503,0.07289223338072523,0.2510167588475662,0.04141957493854934,0.05499785325065543,0.05641077251424358,0.28506655737344366,0.23819624969481665
504,0.0485520784093101,0.07855717533951473,0.11610426290835085,0.4621278110164767,0.11098622501331867,0.13436704511885098,0.04930540219417792
505,0.25588052512108017,0.0025209287324709367,0.05851170275928116,0.0015477918539223748,0.1387134605150246,0.0072192482676102995,0.5356063427506105
506,0.1966670974758728,0.20869531710354933,0.17247627191505163,0.08757554646902908,0.1274277508261841,0.13750336429192256,0.06965465191839045
507,0.0867952533574299,0.41498955461826453,0.2182860472565884,0.08684729198114303,0.09441444067162763,0.05427938087658291,0.04438803123836353
508,0.10287376197488858,0.01566126036122221,0.40481807480149296,0.00870464000301769,0.359923121546288,0.029355822943480426,0.07866331836961007
509,0.005282579311895089,0.22568902025127957,0.012537632386967361,0.7393375812162394,0.001474512394338644,0.0053101982729262245,0.01036847616635373
510,0.17273889634928505,0.17516320188277965,0.4374970322348997,0.04451166103859526,0.10152960024606848,0.0048105611829826625,0.06374904706538917
511,0.3663595355964596,0.006596761207083992,0.2086079485674345,0.0065570287122705215,0.32980529105875583,0.006378426984924494,0.07569500787307108
512,0.044563116767526265,0.2765906164220683,0.05517318265377636,0.177138270780589,0.05586650324963059,0.24213041188325532,0.14853789824315422
513,0.35937095956613435,0.027261944201100917,0.1033170052450385,0.0349228265230785,0.08092467773110555,0.26606815927685384,0.12813442745668832
514,0.219355245979091,0.0025830462761469316,0.1060852828263711,0.0025023458686420346,0.49403846144314706,0.010381568603686376,0.16505404900291562
515,0.022619832229856064,0.11827631276361601,0.05796510740629037,0.2606910455021479,0.02343171593907793,0.46074757370481506,0.056268412454196615
516,0.0748450303998093,0.0020985036708085682,0.5779842566724325,0.001460683845016068,0.3372482610490551,0.0012035679323446446,0.005159696430533813
517,0.08162201567690461,0.2954812005285478,0.3398022948655947,0.1782137952694728,0.032128643085428454,0.006938160045577616,0.06581389052847399
518,0.5182101571486197,0.0364212491849405,0.06284635794421135,0.004141842266551812,0.28582269161886326,0.00868591871170336,0.08387178312510991
519,0.5729519514733984,0.07039651782144495,0.04434732536834878,0.06179829950648191,0.04913962498234831,0.084321859735975,0.11704442111200263
520,0.19290013940127895,0.03819736936179849,0.5059025274565102,0.03611283169938994,0.08263773960368578,0.02285899061138661,0.12139040186595004
521,0.22087253273116764,0.10508798969227581,0.08007414276279623,0.052969669035975754,0.031233138230193996,0.046200215000943685,0.463562312546647
522,0.012855950537198787,0.32302446622757236,0.032409942162851285,0.4935418791053384,0.07401487418242925,0.02224773962263655,0.04190514816197352
523,0.1095040503587327,0.1708153818799892,0.07810269809313922,0.17805159472392573,0.10545373660305332,0.16964946728574753,0.18842307105541226
524,0.04133661252447186,0.04928121175447506,0.1644388296948128,0.02260426885775227,0.11629251177412471,0.5690714994159551,0.036975065978407995
525,0.04747408847829963,0.06228756744149618,0.27471146528811796,0.01515662672245865,0.37191076365505576,0.1858121134671977,0.0426473749473739
526,0.21151731912438046,0.05091236776511415,0.194311446285965,0.016181852497342206,0.11056142706153645,0.1294792222556164,0.2870363650100454
527,0.44188407229732896,0.029042144723525648,0.12849325802512038,0.04994067450919641,0.12306858210061529,0.14190739301718244,0.085663875327031
528,0.35071862307454793,0.1823987850690278,0.057723482579415654,0.06546594862663746,0.02664731020051449,0.17537872508822228,0.14166712536163445
529,0.1228523881809838,0.21056725462624737,0.05911089546649879,0.1634040637653245,0.21886292130737167,0.0801033414028444,0.14509913525072943
530,0.12152210808686081,0.17693878726978282,0.0749918030248042,0.1325162355047538,0.4048230803783241,0.05059708345890119,0.03861090227657316
531,0.149649909941227,0.242666591994787,0.2343829268136815,0.3088136989971814,0.01238434860034541,0.017557205385512385,0.03454531826726542
532,0.01979387491123569,0.17086380021969583,0.0191018158411173,0.7484112861204789,0.003455547111701244,0.03439299531595694,0.003980680479814057
533,0.19216305051114357,0.22222289087189645,0.06251204884526458,0.1707278557017142,0.08555344848533863,0.0416745420785162,0.22514616350612643
534,0.031080339922370595,0.496736757137664,0.10548351728093232,0.12956799817418918,0.07065315287446033,0.11925996612285072,0.047218268487532994
535,0.3301784560053727,0.017500057575451044,0.14959545451089254,0.015738253985989215,0.46594982591131584,0.004650784603142038,0.016387167407836686
536,0.31774033600908563,0.009751278146408554,0.14901331111837596,0.00843422359891696,0.22006311350643776,0.022616332250630228,0.27238140537014494
537,0.3065581252110204,0.016034606567803037,0.27450167856312846,0.034509453684483,0.26548538407746186,0.013259549257447408,0.08965120263865577
538,0.13568828590702758,0.11560256681445912,0.05357300032721033,0.09698628559160603,0.12480191009682333,0.12761619461223306,0.3457317566506406
539,0.05116822365140216,0.02297410716463986,0.12923730553813398,0.011572258735967383,0.20105728276984008,0.48667764397571156,0.09731317816430489
540,0.22270488959859694,0.07128956343289027,0.14976073522174774,0.041446663396304775,0.1923527042231928,0.19108172571618062,0.13136371841108688
541,0.059737127199821015,0.025462418805975977,0.4793566390224253,0.022255176680484934,0.3547304573363195,0.0377340318704908,0.020724149084482356
542,0.14716064160999115,0.017592094989836167,0.06886299770887801,0.011094135175399785,0.07153509837075207,0.1259930700001747,0.5577619621449682
543,0.055543866665640734,0.5695881477713284,0.26029458786475257,0.055321599379981753,0.009982280385724315,0.002423920539847836,0.046845597392724425
544,0.3266499037218017,0.013559666000618652,0.3312580002891955,0.013964032940421041,0.2903121028359588,0.007328329089453654,0.01692796512255052
545,0.07124675001627123,0.17835339046954785,0.07051384749650612,0.01961985614487909,0.346721782742827,0.0673932545020543,0.24615111862791433
546,0.17559609264211254,0.0287436990269523,0.21373005584366372,0.011279541018499236,0.47852503631012283,0.006242323882357517,0.08588325127629183
547,0.20829584340416785,0.03569963095639075,0.3186950048181167,0.04470350049509362,0.3091096057619863,0.0058420869911440625,0.07765432757310074
548,0.04317779808610755,0.10725975126488664,0.02027222960345139,0.011898074763551128,0.0106780381990502,0.7865290018460214,0.02018510623693169
549,0.2057566356145408,0.043453411443196845,0.09283696654268482,0.009000324159167176,0.3825891836093172,0.18311694384238408,0.083246534788709
550,0.03638794837297504,0.06467603611265833,0.23318789171982948,0.14279012921558662,0.20926593912619296,0.05815824408395228,0.25553381136880526
551,0.15678884099266271,0.45096921517078126,0.1288951938492141,0.05206082369068341,0.13419995152232042,0.041899607563522206,0.03518636721081588
552,0.15075960003073366,0.1104221873677275,0.2304375671945566,0.05899282939005268,0.21456116185478755,0.12084898308416442,0.11397767107797756
553,0.017766178990723903,0.5408525140056298,0.02382985076229024,0.40420461652194156,0.002970890771934626,0.004920577484622568,0.005455371462857263
554,0.0038888198662873886,0.3425368825376682,0.011224985814045754,0.6283240643063382,0.0014608298666699056,0.0038122241800997722,0.008752193428890656
555,0.17388071863756602,0.09685621239817885,0.08861763954488308,0.007059495742527341,0.07197313900410775,0.17811368925548204,0.3834991054172549
556,0.15363540454133415,0.012686840083550643,0.060399820598813124,0.004630370570912961,0.1132354846477169,0.10927463201134863,0.5461374475463237
557,0.09053790926606811,0.03314551226709751,0.16934854169339209,0.04161423281592105,0.13192514540705438,0.3222862301877249,0.21114242836274197
558,0.582005999879802,0.006575663350659965,0.15799973204955275,0.0031903134244090263,0.12259814652141711,0.007428191776776858,0.12020195299738233
559,0.05411714447160309,0.092594656004723,0.16751374207497105,0.056960669439740076,0.11969126384323941,0.35038951450370154,0.15873300966202175
560,0.15272410747648435,0.013448247826441972,0.2754208483048652,0.005698655197783397,0.5004626238846949,0.01528037812520872,0.03696513918452142
561,0.016640298123499275,0.393784294445571,0.0910864219687294,0.046767065754974205,0.10666941023788923,0.0469150836047413,0.2981374258645957
562,0.21628850372665046,0.06550765746015276,0.10363829092956653,0.02391730314156402,0.3311704998168845,0.14465442874679524,0.1148233161783865
563,0.0016465548556993308,0.025926538323952836,0.0013445015190811426,0.9431012263020666,0.001012406805435289,0.025587206565496155,0.001381565628268501
564,0.288771431524213,0.030526907273646573,0.07606089625240176,0.03659802825291549,0.07654975793017836,0.11440343955074142,0.37708953921590344
565,0.20031909936766704,0.24286929688774575,0.18084332864277733,0.01576079372040204,0.16716224558280154,0.02645303743883734,0.1665921983597689
566,0.04525220535039338,0.014788691747063517,0.21553575784285006,0.010153816576732385,0.088195355130279,0.022871227396321598,0.60320294595636
567,0.004735273936843737,0.017093074727744934,0.0017807924452073092,0.24384174614122847,0.0015332573834428143,0.7262146369204503,0.004801218445082441
568,0.17383940411198479,0.022431677433714284,0.1793711416411033,0.02455253333366341,0.23707363697428774,0.270207214188971,0.09252439231627557
569,0.10507310223740163,0.09006574860611775,0.23920916092944913,0.03926728836315685,0.14547485263552326,0.10187445114700198,0.27903539608134936
570,0.5307087076366673,0.06340223276284852,0.0981463430058332,0.01998244177685126,0.10323677757160793,0.0843514722011441,0.10017202504504764
571,0.03514999630890519,0.0026886844611212894,0.020959345972829665,0.0009147452030909732,0.04105095099396192,0.011238460385827353,0.8879978166742637
572,0.2866470681003397,0.026734535137300314,0.12011524558571457,0.01000529572142079,0.06979188478129425,0.4465472104253692,0.0401587602485612
573,0.12232489634859561,0.2245534450349217,0.06298789269906489,0.04496147502025605,0.0910149805194353,0.33528029562193024,0.11887701475579616
574,0.2580018375019286,0.04702269083209649,0.32436550398167835,0.027822480084879066,0.2987322631809596,0.016797480235297424,0.02725774418316044
575,0.0028478712089989493,0.16243587022933892,0.005342849506310256,0.7978283283938744,0.0014621699389497395,0.003930724425864746,0.026152186296662976
576,0.24772313943982702,0.05218329503482101,0.2572384313376145,0.14324265351064697,0.18919927919943333,0.04637837593074939,0.06403482554690777
577,0.01483847457942768,0.26982493655954404,0.014420603506353652,0.5491441549179512,0.008795101548377933,0.10445474093788777,0.038521987950457796
578,0.06999156926126109,0.20098758305034575,0.3052791888503819,0.14630707430104556,0.07384618030180282,0.013585851990654613,0.19000255224450813
579,0.0020317599342762204,0.016968550866297796,0.0034263095068711264,0.9241982772687942,0.0008169681176818708,0.05064548959142756,0.0019126447146515031
580,0.0062298377045804845,0.019739268340600028,0.012984582064980384,0.14279721395349124,0.0020706236210950163,0.8149430647157668,0.001235409599485945
581,0.17716405628349544,0.02199619896660874,0.3239502563386768,0.010026703265755716,0.272824909699861,0.14838336147453202,0.04565451397107012
582,0.007610628034335585,0.404005190955796,0.010980863024763692,0.5628426566870797,0.0020592257097392145,0.007631286230291855,0.004870149357993956
583,0.5567791125380188,0.18969229649758482,0.07301420221213754,0.012781125110261637,0.09643780553129251,0.029749150335719704,0.04154630777498502
584,0.07985946840990867,0.025304965615540454,0.17362731310532584,0.0032426253609870457,0.6157382291672129,0.030106361638579184,0.07212103670244598
585,0.19149358533504907,0.02784153781403916,0.1664812558156821,0.03390557408794325,0.31718411105462374,0.09904920178081432,0.16404473411184842
586,0.040599302376588466,0.043230200893205555,0.13463381742825728,0.04128313605250041,0.06699016286859921,0.42690951801412463,0.24635386236672444
587,0.020342504682948948,0.42723477460978593,0.013061662051201912,0.26259384835755484,0.014388737352823236,0.06257335239117785,0.19980512055450725
588,0.10551811454576358,0.04008843273612257,0.1628174156083443,0.010148103568381727,0.4547058298684589,0.036500509398012804,0.19022159427491603
589,0.005458588495022983,0.8341766811306784,0.005905962386571569,0.15064470497726926,0.0008869308544325818,0.0015174343967001573,0.0014096977593250452
590,0.3321781309131722,0.05054533173304298,0.25280937995782826,0.033048061943858245,0.16250669437853643,0.0177504820388922,0.1511619190346698
591,0.18641890217660817,0.006457736647625527,0.04835869873339948,0.008786449822639231,0.10256208059726583,0.10768276232872562,0.5397333696937361
592,0.21026696299302172,0.11580403831237975,0.06994892092765403,0.014309667632375539,0.09204470507378479,0.12778375529245506,0.36984194976832907
593,0.09155583597815897,0.1950163185375764,0.09882797981349128,0.26818510351939895,0.12266372252170424,0.05859808946435952,0.1651529501653105
594,0.15098921413222374,0.15439179527474609,0.1905571490674606,0.04947165559623255,0.2565970011513156,0.032645776199511804,0.16534740857850955
595,0.001463434186154296,0.03286227161847644,0.007131654735836644,0.9230406345664935,0.000725739932595792,0.006651225625664133,0.028125039334779188
596,0.7276673251769687,0.03483519676756375,0.05526328887976192,0.10685929405346183,0.00922571180815575,0.03657874160826953,0.029570441705818403
597,0.31113794281754614,0.10965269959248074,0.20022021392018313,0.022859549759736322,0.3055207878426513,0.021688123979827566,0.02892068208757482
598,0.07644158101685809,0.10309953143422801,0.13832080507908198,0.20994947525411287,0.195029366552633,0.10874376521500746,0.1684154754480786
599,0.23617816733268449,0.0023630909744602373,0.18094006098406756,0.0017751007057343672,0.20384737896346533,0.005216347318711533,0.3696798537208765
600,0.2749035177484561,0.015948064153850163,0.10333919952183382,0.009661180739678013,0.09647245874995113,0.02330180385922354,0.47637377522700725
601,0.09509402339568346,0.027060249402336308,0.2734404873041856,0.03741001605863168,0.1397968658111358,0.1454091329976448,0.2817892250303824
602,0.27832562826684554,0.018050307245116783,0.08494518406678943,0.011577180290112187,0.20722942294803892,0.0075070419264002645,0.3923652352566969
603,0.08696908432688709,0.15505138878103536,0.0971605112689652,0.23139390324574463,0.06331242263822241,0.19652588674718668,0.16958680299195864
604,0.0012570481485567062,0.0008487698802864254,0.001869324635423363,0.0003522887127635287,0.0008592231457656704,0.9936148630026316,0.0011984824745726451
605,0.021943499058043735,0.2980322464948263,0.05115500102591186,0.18714672439471358,0.019787405794215663,0.01628075992019856,0.4056543633120903
606,0.08276363643800325,0.004247919647872808,0.03137656304039238,0.007218867886635726,0.5845163328320344,0.05615901389195839,0.23371766626310297
607,0.3971283642998635,0.0678700458746721,0.1562812678004038,0.03996417694190248,0.2833315574471907,0.02312392784821565,0.03230065978775171
608,0.008836996549783708,0.004684928636040674,0.024346173756476932,0.00893412363201245,0.007345101327903707,0.9406470087784343,0.005205667319348082
609,0.15800854278477533,0.058795150861874125,0.26876791463061517,0.022109378124085907,0.13755934611453463,0.05695261373283254,0.29780705375128225
610,0.09537138484638205,0.2405994917149353,0.1017839485274522,0.062425818954506544,0.16067724095399474,0.017937183933626755,0.3212049310691024
611,0.12146750514947842,0.12989080234971087,0.11090590719688713,0.41367458461897266,0.20001848394676158,0.011419148631080496,0.012623568107108836
612,0.16850958106896696,0.11687927005709849,0.13281098896944657,0.11530434738672157,0.12321733427075134,0.13262900027795319,0.21064947796906183
613,0.22526482178435267,0.02859366453084611,0.09665209212373271,0.008204067927792524,0.07680496064898498,0.12722977717001802,0.43725061581427305
614,0.1828611614126486,0.23906775578530814,0.03401838355976932,0.0099663454248356,0.034087580128249244,0.30881029035351953,0.19118848333566962
615,0.004626384343465031,0.8247665601620898,0.013152718396129063,0.14773269014801596,0.002464265194469299,0.0024871143419604655,0.004770267413870345
616,0.19391462037170817,0.10992398268301275,0.0669565209773226,0.012900805187243125,0.09454843990753238,0.06049553509397748,0.46126009577920346
617,0.11616829337426963,0.22863810547745123,0.1364539274902165,0.06827296842812502,0.06359405743711585,0.19132691853148615,0.19554572926133576
618,0.2771218918692555,0.04048139037797367,0.12214157083423695,0.033097476983034946,0.2693953123970936,0.011640816973173035,0.24612154056523233
619,0.2686869242776864,0.005724297337347591,0.05656722504050273,0.0035584265268877725,0.33429330619711867,0.03929573360503557,0.29187408701542117
620,0.013727084255999009,0.07078935094412202,0.013142532218517107,0.8797932874617914,0.0017958005911427005,0.017402950763071294,0.0033489937653563653
621,0.02696888410580021,0.03198259839647321,0.03131287743858458,0.04483284778195492,0.01456300407981978,0.8292762163515006,0.021063571845866776
622,0.21037996697400402,0.04397935091286861,0.2743918792749418,0.02472347912898448,0.23841770096352596,0.017856928051956964,0.19025069469371814
623,0.4934794924976577,0.015710773705123665,0.11300585858066264,0.017219638926371916,0.2826533214676876,0.026840474584216196,0.05109044023828039
624,0.06915907115709444,0.03727072006593416,0.6577819445735263,0.05616736630848602,0.07910515442077867,0.07459157650339929,0.025924166970781082
625,0.24188368371473168,0.023584995180998315,0.231952375889864,0.010207468538463108,0.21332819624698096,0.01598325883501137,0.2630600215939505
626,0.10218630211341283,0.07829413070529814,0.21520791460547103,0.01045259219147958,0.3302459131833234,0.15001857537625435,0.11359457182476056
627,0.06893137229994731,0.12994696129161462,0.07631922414368295,0.2599480957086727,0.1582252974718592,0.23772601088697834,0.06890303819724494
628,0.12603526897075992,0.1333206867319109,0.1497309550511533,0.03670467865525533,0.17332894363975085,0.33861835962874653,0.0422611073224232
629,0.39388852412535114,0.005916393534222197,0.21740700371754512,0.00313922321830188,0.2532790362811983,0.009319933320168264,0.11704988580321318
630,0.013685728587687105,0.21461213914914554,0.030024730540333493,0.7204157786395097,0.00266358574121214,0.012737718291137115,0.005860319050974808
631,0.9164736981918014,0.0076539794288379495,0.014664281933476726,0.012298468061749912,0.008457933068271861,0.02338121590668486,0.017070423409177565
632,0.1626482491661978,0.012888110194402357,0.4428971562377074,0.0035886295227873194,0.2700009817883703,0.005121096598408528,0.10285577649212638
633,0.00657330796769151,0.6592708099335096,0.01718580313368604,0.2931064426065743,0.001688275072109136,0.017233664876155994,0.004941696410273194
634,0.01786132905173207,0.575208883325451,0.10827873207879761,0.24902422229836113,0.011590239069189741,0.02069711657570407,0.017339477600764597
635,0.01021262218059196,0.08866205387607082,0.014714273435814716,0.08289302089000324,0.009398033684394347,0.7813018138366026,0.012818182096522314
636,0.12427148944973666,0.061235997073318706,0.14838209105380548,0.06289321779252584,0.07817092005972873,0.08292117755412469,0.4421251070167599
637,0.3339064010203408,0.005036942249648068,0.15670176749247186,0.00335342166243892,0.16739145703699423,0.012558548434854424,0.32105146210325153
638,0.021766894478608544,0.44754711731604346,0.022366070488953692,0.2663009553706643,0.008067039401555214,0.006518449770430929,0.22743347317374404
639,0.019812437418283743,0.11822149508796229,0.04826363606350409,0.18715650775962758,0.012496039591157582,0.6055790021612454,0.008470881918219476
640,0.07825364339086859,0.1286673806008738,0.20137468338033723,0.07913990844643486,0.11914460117680674,0.14132790396567538,0.2520918790390034
641,0.014825804414933374,0.6630027445752985,0.014030776123033344,0.15342069953278806,0.014790021195783298,0.020098933058282465,0.1198310210998808
642,0.007117675352836585,0.1143840472609428,0.013754892677790941,0.8519378861593304,0.0020576787207851797,0.004541311674804542,0.006206508153509667
643,0.10555585957343974,0.0718253076932024,0.25901016386329573,0.07191755718767243,0.25395091979466233,0.043595306048627616,0.1941448858390997
644,0.002636592895592072,0.016431426657834577,0.009578295895533566,0.017128866394706906,0.006678235425591744,0.9336061461352283,0.013940436595512865
645,0.12860990984533358,0.05095841250777578,0.3668483382684926,0.03244977624969738,0.296443465915286,0.04759057081894851,0.0770995263944662
646,0.16603851334619843,0.24438477799936076,0.2525760799954619,0.16038180786377915,0.08899212537713405,0.010035775671929733,0.07759091974613595
647,0.40449867702933356,0.0026618728464064085,0.09122383752546914,0.001811157399609411,0.18161902065940927,0.03859496359123429,0.27959047094853806
648,0.057188485199861284,0.7284043245319709,0.06217032171325684,0.050422752906843026,0.0149265461575228,0.008606053019962869,0.07828151647058224
649,0.05262525047550551,0.2151122487178799,0.07901576380245588,0.25051394964569834,0.045093238451419985,0.09495780575686606,0.26268174315017423
650,0.024300532153248334,0.02263230593823044,0.1952556713458028,0.00779586102508784,0.49156834737449673,0.20806725033266113,0.050380031830472655
651,0.11854455603868601,0.03488322032970553,0.2088175716389506,0.01431934712810792,0.39054501759290566,0.05444334899247596,0.1784469382791684
652,0.45405557000584856,0.10207234423073411,0.025851024301008725,0.008818530168531164,0.08142430811749396,0.05769871125885945,0.27007951191752416
653,0.19029007591215286,0.09968457671838434,0.1629653998801654,0.06446971203206667,0.18424145535598094,0.03263788312840171,0.2657108969728481
654,0.03414729545356259,0.04804688097769636,0.0258969604226524,0.03505113247175658,0.016373122052956872,0.7982820267512495,0.042202581870125724
655,0.3626740189008986,0.03762785164711654,0.1745003648902368,0.01761408851922761,0.1617281819279331,0.013715777620606509,0.2321397164939809
656,0.015438864628100539,0.10879633029012961,0.030879259419357565,0.6891872172477209,0.06519090559574146,0.034165646318996414,0.05634177649995353
657,0.21991040079668,0.024131650184982627,0.04390973292485143,0.04155062497128733,0.08369614336199468,0.3867014327484525,0.20010001501175148
658,0.006382456858462026,0.14168626258889877,0.008358722658037394,0.7912944112555103,0.003791904817984405,0.01075001172407006,0.03773623009703701
659,0.17109755758904197,0.028907252192638823,0.16027424479290367,0.021185506415801764,0.34347886440471126,0.13434760759123685,0.14070896701366545
660,0.09843888369239756,0.18973972079817497,0.37548013173096384,0.06115108843723818,0.11573666103589782,0.021514232116996004,0.13793928218833168
661,0.8884749970781888,0.023992203240826467,0.009150921291543412,0.002578415862731681,0.020973743445621692,0.03214798366061844,0.02268173542046956
662,0.1943605050527554,0.006092067778457205,0.06131042270921352,0.0028699641753150784,0.6032681552032965,0.00880822213890686,0.12329066294205553
663,0.029283963836235702,0.06596076057313019,0.10063654981678809,0.38032717797710025,0.01495767592548761,0.38052904132836224,0.02830483054289579
664,0.009445417334518542,0.03661155557749478,0.022682904683280068,0.01792102457367132,0.019075471556399222,0.866287685044791,0.02797594122984494
665,0.024333501021220838,0.030427093270827772,0.03618754467539374,0.6132509558287871,0.009455153872492024,0.27695891199012596,0.009386839341152508
666,0.17829037693229596,0.13183997705113398,0.27357881260601136,0.022007732702067594,0.2602665280882688,0.0488144966541173,0.08520207596610506
667,0.07784765318080185,0.12512736962860155,0.10267498097253874,0.08001382723737065,0.2607074055378958,0.0515590456852386,0.3020697177575529
668,0.10640302164204404,0.02568278143691109,0.38297486342010684,0.01712260605665534,0.24913383616402526,0.0421860478337806,0.17649684344647676
669,0.31818309744728407,0.017828166250334853,0.4085917161025272,0.008675639697969766,0.18035435142864326,0.010463066743718172,0.055903962329522584
670,0.005640242070718334,0.5547423652087473,0.004451637957671831,0.349923522703795,0.0037868262516716203,0.010044347547987675,0.0714110582594083
671,0.014777665563904235,0.2605331155041736,0.015048348016652396,0.17775436581354614,0.012458529561395924,0.46365746655627693,0.05577050898405089
672,0.0920432577651328,0.010303377281346022,0.18564669904053824,0.002676260372660235,0.5406498940922974,0.01326982422331364,0.15541068722471174
673,0.05786971955208527,0.12657050947466417,0.11637651679009822,0.5522414693705273,0.028640748399235614,0.065687527958675,0.052613508454714464
674,0.006773619234762152,0.06831495160009626,0.008383626291182519,0.8990409480171263,0.002058577897046174,0.010712646111040086,0.004715630848746617
675,0.1039394855518488,0.027608362371903887,0.3341852419548782,0.050751057475090566,0.20004039178733302,0.1297692905543391,0.1537061703046065
676,0.1083082270495528,0.04215303609677179,0.1405381653909556,0.26374359950402815,0.2939204189530936,0.0337046816983852,0.11763187130721289
677,0.24638699284751978,0.014480490020304222,0.173352626955951,0.005767730752016034,0.17561913424240133,0.048202378287391184,0.3361906468944165
678,0.0775100633397027,0.2293707632898581,0.2783161539366923,0.11250963682180165,0.0692915114358741,0.16993088445337445,0.06307098672269679
679,0.20805348597138873,0.04006115152352814,0.08021136698814077,0.011712450306049836,0.3094280609343597,0.07172255619632763,0.27881092808020513
680,0.2596863448971342,0.12024309570112111,0.15525335236389107,0.01166315736960465,0.13434109468724345,0.19914213456572466,0.11967082041528086
681,0.024016366234078493,0.36044211945323335,0.029897753021485365,0.39762766200025024,0.010188007248440491,0.11811894831770454,0.05970914372480729
682,0.2118180298936153,0.01452774895210235,0.08998946234217381,0.04526270130540564,0.25690104229469385,0.012321825954979156,0.3691791892570298
683,0.4867032086993012,0.00903294623237807,0.14206811545903386,0.002622006671567447,0.24225820441385668,0.003963123499479784,0.11335239502438285
684,0.3279914110607467,0.010071106305722959,0.2009438433296541,0.007092651117345046,0.22446875002794267,0.011626179397268416,0.21780605876132011
685,0.26081153558168,0.025412241059646755,0.14055750783890006,0.0010924280435171084,0.5582802243591695,0.0025751643654595966,0.011270898751627074
686,0.1536351517741104,0.07004858839321543,0.18418978076426826,0.007185107443488321,0.5526169021324642,0.011757145543224254,0.02056732394922912
687,0.18522121662480617,0.008549563635640658,0.18690732188345593,0.003272557383032052,0.5680305041550345,0.014150206430914924,0.03386862988711582
688,0.18727825667381218,0.010483069523848124,0.23424559102720993,0.009553200130706752,0.41444718888156895,0.012490449437713795,0.1315022443251403
689,0.02151441854555856,0.06418898396656378,0.03401722335562561,0.6837464519680106,0.003333582905346515,0.1898124530905653,0.0033868861683295326
690,0.0008835760319248717,0.037341490556796315,0.00175922972201447,0.9550296499371214,0.00027712698183974757,0.0009639230960450167,0.003745003674258438
691,0.2408049264796457,0.008404870447638012,0.17487619600837104,0.009693757558251435,0.40342845685048545,0.03257027017701816,0.13022152247859023
692,0.0575515119276497,0.020509510689004036,0.24193200435962967,0.005599852362845011,0.05710871462241046,0.013562673967394906,0.6037357320710661
693,0.0008416155282297978,0.002603253303914903,0.000770172079174941,0.003844657494826783,0.0007159551861048517,0.9899804150225407,0.0012439313852081128
694,0.14220388028469008,0.2980874210614165,0.076997313820639,0.015851839374372997,0.12689558526488665,0.015176290070082473,0.32478767012391224
695,0.09547570408296811,0.010526568118175183,0.1632694001848313,0.014337389600776428,0.13689812456876627,0.08236564963238589,0.4971271638120967
696,0.043171123441250764,0.15652234211596,0.036932301788011344,0.4508675055226978,0.178300706947478,0.06285492875132219,0.07135109143328001
697,0.002305344911657281,0.053317237960739464,0.0022442999076062744,0.9369644923822915,0.0006348272406480515,0.0035312611584130743,0.0010025364386442514
698,0.12932052074958925,0.09233129642132361,0.21912275602418801,0.09969497026814503,0.16685140021547323,0.07184280536476195,0.2208362509565191
699,0.11647139837748147,0.3796239704878675,0.11134124748459857,0.21265796127138045,0.050875047857657445,0.021806052572162667,0.10722432194885191
700,0.0027606590880638305,0.09335099388446544,0.003998294433373597,0.8302812396718189,0.003534242084829132,0.03986243720805649,0.026212133629392714
701,0.351723649910553,0.0309593950757661,0.12757857091346841,0.013428486090372775,0.3923473051192885,0.016274236413480112,0.06768835647707112
702,0.048142854738637116,0.26698170702502017,0.024440756960799767,0.30517232013777357,0.005195927597279597,0.3217067321322773,0.028359701408212486
703,0.4436005097390313,0.005670564049332966,0.0670931077709488,0.005101028961005095,0.08440049093479556,0.00451103690539691,0.38962326163948946
704,0.11235982343401854,0.22352992717525177,0.30307610903023136,0.06264018617238325,0.2091423666280046,0.028122370298780484,0.06112921726132987
705,0.021464878540084643,0.2378664912229679,0.02952034445321154,0.6355461958224862,0.012027133626080337,0.0050642123717696145,0.05851074396339954
706,0.023400360643324757,0.044243829599417195,0.04540718000205928,0.022436004146270234,0.07199206914140184,0.711621732117237,0.08089882435028975
707,0.03512799139589095,0.17447509007559536,0.06423587033910062,0.05886490440654564,0.17112922427614227,0.4159998574597857,0.08016706204693941
708,0.05640227814435886,0.24433752355794267,0.07693554126667464,0.3292764989817555,0.022243839416923546,0.17996411133697576,0.09084020729536903
709,0.1254904624939541,0.07139660743125541,0.13776367548895813,0.10924088845416433,0.0757166502870111,0.1760342641766924,0.3043574516679645
710,0.05843431981320359,0.20670065213463032,0.4389231337729332,0.12820163202409793,0.09779006529373092,0.02928189770428024,0.04066829925712376
711,0.056398096993608704,0.11546254497666639,0.17292661832943373,0.02434194841474932,0.2292928292978516,0.026271962837907645,0.37530599914978263
712,0.021346309601353752,0.037225304973295924,0.04657532723395936,0.004301000340854071,0.027374644773599507,0.8441635817970204,0.019013831279916772
713,0.19671044436964807,0.023625648373697936,0.27236662910858783,0.013264247414924667,0.31195059483504217,0.05787228096257459,0.12421015493552481
714,0.21557336892599016,0.10833006259599115,0.0637551863625461,0.008136507044077305,0.05123795195937172,0.11958539082388715,0.43338153228813636
715,0.2228076576112549,0.06563399026178983,0.08914001599348462,0.01269043032564121,0.25330193098581094,0.015984719188917158,0.3404412556331014
716,0.08247730367905841,0.1379943116750494,0.19474819090532594,0.15463743182553488,0.1675459755667757,0.026058701315805975,0.2365380850324496
717,0.15939748487976366,0.03384279090403669,0.0941997072747488,0.014309542378214446,0.08784568102846374,0.1415326267463256,0.468872166788447
718,0.03893684551326941,0.16823145105651569,0.07652486881631027,0.14750601034332242,0.1530598930533518,0.30786365529054277,0.10787727592668758
719,0.0158096937527245,0.4519438926814495,0.0620033710083795,0.35409896211228886,0.012033382418059312,0.03759632896963809,0.06651436905746033
720,0.02341549450785768,0.012477659748549587,0.03809375223193376,0.019566291283522254,0.015775625842266435,0.880237218748971,0.010433957636899466
721,0.08423334745480313,0.07069747341717457,0.17200565199612877,0.007129133933165976,0.4855956799447607,0.07108531397754572,0.10925339927642105
722,0.030278767257399097,0.16680413901153004,0.4093350809305698,0.05032092497434321,0.07495462799989179,0.023558701809289366,0.24474775801697665
723,0.03557698423789839,0.35675890503057817,0.03834195655976228,0.17079363103551973,0.03455967493372882,0.2403184212558598,0.12365042694665276
724,0.01944608880101703,0.0672807030750074,0.019621133568845227,0.8598719521866534,0.004988077808226533,0.02304255337065931,0.005749491189590974
725,0.12755180452521375,0.06141112444773501,0.2981005693100489,0.04417216544948784,0.34246658468060476,0.05753211000836346,0.0687656415785463
726,0.4595384939040346,0.048128725664399796,0.16842350142157167,0.006584052227159525,0.2635002368923491,0.003888107789902944,0.04993688210058227
727,0.18542701991105154,0.0286272855855881,0.24966981733834545,0.026031901503134686,0.15318277938158698,0.09977537325211981,0.2572858230281735
728,0.09657943067499108,0.12134802333247544,0.12742139759609025,0.01589656275734567,0.1765358364528653,0.022470135689586345,0.4397486134966458
729,0.1423524368037745,0.05441464625738277,0.2725230568519767,0.03362129475222591,0.3708687453598996,0.06604773687735417,0.06017208309738631
730,0.0061319729784240625,0.0315569538003594,0.009838977871499574,0.13631193070263478,0.0025841203841981027,0.8094211432997199,0.0041549009631640845
731,0.1356860759683704,0.07087269472628205,0.3209947992259581,0.14766855520124478,0.22137675825484202,0.006990996178356382,0.09641012044494622
732,0.1254758539379669,0.1300606190209748,0.48743952763237514,0.05440705151356417,0.1313049942987988,0.013649766657515178,0.05766218693880496
733,0.0966968694606009,0.07596600739410239,0.12034683688993311,0.06944303845554724,0.5676443650957683,0.0035162055307571753,0.06638667717329089
734,0.11232186799918448,0.39384857109287386,0.08682059246539571,0.3363576773964141,0.0315679963709208,0.004054538212440745,0.03502875646277044
735,0.06271437021156805,0.14318098423911418,0.4595097249486987,0.023753305985305978,0.26915354141158143,0.00716558009205213,0.03452249311167967
736,0.36206795825194804,0.12923210476298805,0.11193591495190011,0.07262909109057036,0.16989953096881982,0.031759186385893784,0.12247621358787979
737,0.3368784912255088,0.01386826823465473,0.10719326279357559,0.04206931480465188,0.40711804860347295,0.008128811926646105,0.08474380241149014
738,0.47660151489740604,0.008880650540210056,0.07164423194264599,0.004930738473480431,0.10610353606047433,0.03297515507930982,0.2988641730064732
739,0.1386928022402871,0.17401771156405854,0.09933746649174269,0.1702187068207571,0.36643936869023763,0.01668601303239895,0.034607931160517934
740,0.10572242801409694,0.03795436604423707,0.029845777535061686,0.007968537412962733,0.01679495494212532,0.788329967106065,0.013383968945451345
741,0.2148407178453434,0.039514606259947266,0.10447129429035366,0.046536006423786073,0.12783236263022324,0.04740572251717255,0.4193992900331738
742,0.14905458416727516,0.028484919316077533,0.240689707998587,0.08164331978121157,0.33599712815870264,0.11570827967408776,0.048422060904058276
743,0.07294885757237483,0.06974027535088445,0.3140665945797695,0.03877145248505681,0.2883790441544853,0.071320203314649,0.14477357254278014
744,0.26268077517378374,0.011131297803367326,0.0886649128431646,0.0052206143789803525,0.12687897821991226,0.03016373333276772,0.47525968824802406
745,0.07531466771756212,0.054986724203388265,0.08174764439349841,0.6959680593951058,0.01612767169872496,0.043416163312920204,0.032439069278800296
746,0.6563863444682544,0.015233823637619368,0.033726226996831914,0.0077581936439254495,0.03220153105745897,0.045153167168714446,0.20954071302719557
747,0.08786187347513692,0.2808832986572779,0.016878751418268816,0.5874444388133567,0.005114250175535628,0.01533650825063761,0.006480879209786567
748,0.16987252428304117,0.03763222858714145,0.09775965356801669,0.03176962021653991,0.5237926999505724,0.03230116896438158,0.10687210443030665
749,0.3326788890200388,0.01016645678539379,0.27619564757914056,0.005442163942513002,0.24861180462235383,0.017987913737672626,0.10891712431288732
750,0.0145626642339905,0.2901055600497868,0.006976743302685262,0.5846147295384727,0.0035258022761284636,0.082166821868173,0.018047678730763135
751,0.0163172164455765,0.6383375028035759,0.010221417456741322,0.31427568553194873,0.003173587114505385,0.00952697430756652,0.008147616340085678
752,0.04933973560174572,0.05493563367624753,0.539065999950015,0.017103149529954995,0.13248712065538426,0.18712788931942193,0.019940471267230593
753,0.010024171106776725,0.025704148478090782,0.012403870219125496,0.27203980551439566,0.016492902998266428,0.651882513616213,0.01145258806713195
754,0.2543479398573755,0.023226828028549723,0.3132008595330599,0.003828995449924957,0.37338294387170423,0.004912797307387452,0.027099635951998303
755,0.15266062989891926,0.014362637322910161,0.09703505400812458,0.005566684949717586,0.31979533357461826,0.04086995364745214,0.369709706598258
756,0.20008227529056272,0.03770755196764143,0.1979914333213319,0.006428645957832632,0.522656534863791,0.002875925272414055,0.03225763332642626
757,0.07653408790393597,0.20770664201048045,0.190869638388201,0.20428470708708213,0.05332600090868266,0.21543452701849153,0.05184439668312625
758,0.07692080832746971,0.02601781707334318,0.45675087266027303,0.022137623734301056,0.18327825806520806,0.1986961563416871,0.03619846379771769
759,0.3106307167776272,0.009219148088830835,0.057937806816343106,0.0035249036758927287,0.3325208456309477,0.03005360992592261,0.25611296908443576
760,0.14795894449364322,0.0558208126498527,0.30884127244149945,0.12329597254923501,0.038012816803321074,0.004780450215615878,0.32128973084683266
761,0.008342911983007767,0.017066982640230596,0.030273840838634304,0.008474774158018594,0.012016778564544845,0.9088611904955417,0.014963521320022152
762,0.21380230179795962,0.007973175746124658,0.39582787385237383,0.008877886926943595,0.2351276407929474,0.037252757569633685,0.10113836331401724
763,0.0821977984898746,0.03057058239275343,0.5241743032796431,0.02804085574336683,0.10678234874888934,0.21654898628089292,0.011685125064579804
764,0.08571395740511625,0.24328851299156756,0.13038551117139835,0.3730880571696347,0.009423527105267926,0.0712320331444049,0.08686840101261015
765,0.3949609182413414,0.015861347045354763,0.24966385045172312,0.015877992556136002,0.06694531997258953,0.2237657844641229,0.032924787268732235
766,0.21098380241543604,0.04374965775186047,0.11965044377965647,0.01435619572339808,0.10307520832988312,0.019969159779972438,0.48821553221979336
767,0.1582459980501862,0.047402994868218876,0.3226163660116673,0.009573849861552537,0.1826564656439716,0.23762625114448338,0.04187807441992017
768,0.047132393501704,0.022190183705003082,0.3132050446178744,0.01037647657943403,0.5000658486156969,0.02463166359193194,0.08239838938835566
769,0.07546003211088222,0.4007707286197754,0.2012547467921332,0.16065534637045153,0.023783258346054725,0.07903934569814894,0.059036542062553786
770,0.06565115951161415,0.05749672500447048,0.08926430935180439,0.01894727861501288,0.06887411755613194,0.008807913900767027,0.6909584960601991
771,0.0706908084753337,0.5008228272172627,0.08222968803720908,0.037960396568395276,0.04376928946792474,0.0450968708802929,0.21943011935358173
772,0.18824927860740914,0.01841158671218314,0.5515910749595262,0.03393143113156487,0.1895115275950744,0.007280320583799461,0.01102478041044274
773,0.01071533788311419,0.43088341730107654,0.020202898728548455,0.510982261220778,0.008503881418524742,0.012690438416108427,0.006021765031849691
774,0.004147253717063374,0.07413324636507293,0.004272892129146305,0.9053569607514995,0.0012471011517993353,0.0076914471200966094,0.0031510987653220746
775,0.48638876853841656,0.07907682807162085,0.14932047486815164,0.020552952981230322,0.1835999474713924,0.012421382292998079,0.06863964577619008
776,0.27054629467351543,0.05377409290422374,0.053786730078216945,0.044233899009966146,0.09473032150413757,0.20556665073106486,0.2773620110988753
777,0.3277379251698967,0.026673565627891343,0.1575865330840845,0.009104591268485743,0.3868281708680114,0.0057998254593631775,0.08626938852226707
778,0.07013647792027607,0.3033540360633411,0.23751114563245404,0.11862299738176114,0.04441508257388006,0.11874040708760474,0.10721985334068306
779,0.047897447738084666,0.015204162655802756,0.028252520075692105,0.008924095777399938,0.04232241010115021,0.743871235916707,0.11352812773516333
780,0.24251529158361365,0.12396465878730271,0.10174087640863068,0.009424656148722982,0.08262380616922692,0.19267160741515243,0.2470591034873507
781,0.020356724634365404,0.03427222426498,0.011971086088583124,0.9222494859486934,0.0011260731474911866,0.008356358839552123,0.0016680470763348963
782,0.06194840866638259,0.042905745822690945,0.5719894640384643,0.06238162990396087,0.22463491564911808,0.01432601915423212,0.02181381676515114
783,0.16168602590168837,0.17345416931717955,0.14653382940783452,0.05171256198363063,0.08798116744329593,0.12070241520995513,0.257929830736416
784,0.01784525322938275,0.04230236453840353,0.03553443221099401,0.7694772242757336,0.008113230486667901,0.11109192636144623,0.015635568897371898
785,0.13595187704837747,0.033305800782852855,0.04252256744611151,0.025567450197392736,0.038969368680034755,0.6457205621510396,0.07796237369419115
786,0.023902107957924364,0.01697695072879114,0.05897810274997737,0.422965839903153,0.012533773992184232,0.4278944074724321,0.036748817195537714
787,0.25493709093759964,0.007329945270519012,0.19623196415295555,0.004320741423208177,0.1084168582571551,0.3059414865776247,0.12282191338093797
788,0.007891386107861073,0.06986568861109443,0.00915033394389776,0.8638329301533653,0.002817672894680013,0.01348281726308595,0.0329591710260156
789,0.01660708880535898,0.24554357932279397,0.0812069401715161,0.6210175887726176,0.0060554444368038415,0.008979464525568722,0.020589893965340774
790,0.06614440375038401,0.35397812429810194,0.01926616063689387,0.4283108056029825,0.03556024090763987,0.05664730616330829,0.04009295864068941
791,0.14108986235355667,0.01315233690953561,0.15056190089708435,0.010219361304944392,0.5606132349027427,0.0645442902626661,0.059819013369469994
792,0.2218864528595049,0.01015670397594082,0.3175426309514135,0.004036507658903976,0.3291606942952768,0.01352824878395046,0.10368876147500962
793,0.14280212950152046,0.1318591080143988,0.1550128745897424,0.34587445345115897,0.13637591019077477,0.05266264608289335,0.03541287816951133
794,0.12372641768259938,0.04201645038050569,0.13493304168791057,0.008250552829429486,0.562542800973757,0.08059248841749508,0.04793824802830286
795,0.11583122958677546,0.11990737809160718,0.3369721932247689,0.09562944927537177,0.09663658280537137,0.11363190309089932,0.12139126392520594
796,0.023748451571770995,0.41122604452688294,0.01158149215026984,0.4579817269812226,0.025857866930838618,0.04072365250294185,0.02888076533607306
797,0.0782511275906908,0.11893583713793211,0.21807693235168826,0.2721841622566577,0.04624545245888519,0.015173569755560834,0.2511329184485852
798,0.11242476234558241,0.24935438146511052,0.09031201201762178,0.280306699693789,0.085330032254794,0.021823183693986822,0.1604489285291156
799,0.08402037205551324,0.07746321977135809,0.4156881157766629,0.06859942080238575,0.2079784488692133,0.027289919745795477,0.11896050297907129
800,0.004669842427562167,0.017492009052854193,0.029670583880012133,0.32469222225647937,0.0015350499633455942,0.6204332146005299,0.0015070778192166126
801,0.16769625452408432,0.09992291459504256,0.3667499911116354,0.034702556239205005,0.22825887648345822,0.03691368120908432,0.06575572583749015
802,0.15054231871197313,0.26525379638807584,0.0849207797946277,0.07549873953406458,0.06353428644467084,0.13773682355556652,0.2225132555710213
803,0.018037052352495992,0.32293690319445784,0.09471094995902908,0.35750062600854776,0.026250171093652405,0.08318025292028215,0.0973840444715347
804,0.04956204203143672,0.010835601866450358,0.15201283481949868,0.0066207973006276784,0.08921837644296016,0.008142577643165658,0.6836077698958607
805,0.10037954176245396,0.04119481008657113,0.12888571618556524,0.039726753621460525,0.09385150727613704,0.48766324816908513,0.10829842289872693
806,0.5820991153698006,0.02585084395486843,0.05083996449444679,0.0031272875213179305,0.13615405948857892,0.006335833700217283,0.19559289547077
807,0.09457097613557275,0.0297862460822178,0.37392866662776153,0.023087956672872,0.41329620792031085,0.009277217922762974,0.05605272863850189
808,0.06491904475286006,0.009532469442205408,0.025463707660636933,0.002210697198061843,0.12374707495336283,0.009795737477001881,0.764331268515871
809,0.36518532966011424,0.13303798748113094,0.1360316716493955,0.05342379846914669,0.14340830051409856,0.07244118918288908,0.096471723043225
810,0.0038631851061450124,0.08919790896423861,0.0076384190924494045,0.7862240268026334,0.002666347099203515,0.06787534383681368,0.04253476909851645
811,0.08268855089709695,0.007992353802177566,0.03814591020722064,0.002251383243377592,0.052584390485652284,0.00889497357310314,0.8074424377913718
812,0.13405308339623542,0.1367431535552341,0.12671537537496172,0.034512455322329036,0.23987472585102446,0.31343356280667806,0.014667643693537267
813,0.14545939824514417,0.03860730277826433,0.16966989294908685,0.019482418662238658,0.5315719270448428,0.008287832886325217,0.08692122743409805
814,0.11784242910393901,0.08972625558620749,0.12565710739134514,0.006718079161912413,0.10845811455429583,0.4517018596215868,0.09989615458071324
815,0.12178937817810571,0.1174113198631668,0.43000737879367756,0.037983118643269045,0.11221750174865913,0.1744201972465383,0.006171105526583484
816,0.08961185189618183,0.2759915822487539,0.03267525377079552,0.10270654678857807,0.01853870493703264,0.4249717597184407,0.05550430064021719
817,0.07757733077770498,0.17960232495052872,0.08788584324930598,0.23001194216945572,0.08166386262955411,0.32075413097971195,0.02250456524373854
818,0.24754053702258466,0.19724295146463783,0.14230266551764537,0.047368010591230615,0.06666901032535083,0.2325887118772061,0.06628811320134465
819,0.376494975734591,0.0599998274917704,0.05217564698878101,0.028902382669041684,0.12340415937407409,0.08930078824532886,0.269722219496413
820,0.04198717789017858,0.1895748813506153,0.24000620496174668,0.09103939889700836,0.10020695640146571,0.252972907171286,0.08421247332769934
821,0.022632117757394942,0.04387662015890025,0.011160008067066391,0.4091933201126822,0.004471034976741605,0.45859173195254854,0.05007516697466602
822,0.46380357642708825,0.13158548424447006,0.03457716049843037,0.049720025369339324,0.008929672420506303,0.2785571229458923,0.03282695809427343
823,0.15751416759532444,0.16757374693447802,0.1651975534466261,0.09380285388906093,0.053723014637321,0.1311348601155103,0.23105380338167908
824,0.20799807118367616,0.07221999184640228,0.5448994231703167,0.06138031253272979,0.07193691897380876,0.007741245144776991,0.033824037148289444
825,0.4132708655356421,0.009612974430640048,0.1497153084277425,0.0033149589317827267,0.37538107485844674,0.010920757405688436,0.0377840604100575
826,0.013838729420078013,0.22223026303174923,0.03387536462764581,0.4491513807995067,0.07677742040858587,0.14741357851665135,0.05671326319578308
827,0.06804004865388132,0.1362270960361782,0.05813665162695563,0.04347949611029935,0.09507584512986018,0.4389552713621267,0.16008559108069853
828,0.10555924185129445,0.19382329876380558,0.05796786043546352,0.5927708818108435,0.021675406158411174,0.005143548912761653,0.023059762067419984
829,0.2825168251206313,0.004872892680748549,0.07289668598095388,0.0018786136539806438,0.20200643444062133,0.0291544877241586,0.40667406039890575
830,0.1582358877263696,0.05924585137321109,0.31085578272909364,0.015194681787255271,0.36944501124058987,0.025645781200171636,0.06137700394330889
831,0.19815779708814033,0.09263034729568807,0.2518044020310319,0.010883862683551524,0.07093704825346318,0.16581264700263862,0.2097738956454865
832,0.035640518922938916,0.20023920565989947,0.03689052299244721,0.6830488770590049,0.005916355103862471,0.012171612313707381,0.02609290794813972
833,0.13305408881577016,0.0960570763033845,0.0963020830149704,0.18513734181723884,0.20435263454539684,0.1916069986703628,0.09348977683287642
834,0.028417196620789596,0.20232236438365706,0.2427882018591664,0.08322379721229099,0.008099132094308821,0.42248674333422076,0.012662564495566336
835,0.09096553031115262,0.015154895857654279,0.2312124566698183,0.01276045148675097,0.1890900894620317,0.014908560337724638,0.44590801587486756
836,0.02187094603344582,0.05332466976228777,0.01668245119437113,0.060170841443494036,0.02496903998730573,0.8130957510391743,0.009886300539921268
837,0.13343757455065203,0.38992971681862115,0.11990705169653271,0.2606637322052814,0.01788707046419361,0.035535589328039734,0.042639264936679425
838,0.0017259664844193256,0.027678168019565588,0.0031543112860737917,0.9613744292543169,0.00048650552622715086,0.004817947139727758,0.0007626722896692559
839,0.1510890587747739,0.012637977345575908,0.11873587020401076,0.0108650744752908,0.36367094764428703,0.047434192501651457,0.2955668790544102
840,0.003915910071600434,0.011371596224091833,0.0052139764652732465,0.004464337275859024,0.006343268683640653,0.9639793583719972,0.0047115529075375615
841,0.0033049770152766425,0.21941487101388354,0.019535495647647973,0.7068951772071594,0.002585965096346443,0.04188807592048879,0.006375438099197066
842,0.3869021755570322,0.025781711856865487,0.03333502377857446,0.05167737811388704,0.028238736423186427,0.38650106325763045,0.08756391101282397
843,0.07828155683124094,0.05770010649807354,0.23350098926522184,0.016902566792399425,0.11041649449400949,0.4271614533304325,0.07603683278862239
844,0.11369097036728358,0.0844292261100649,0.06354378643142793,0.03794133907025434,0.10026388025243353,0.33097471543028845,0.26915608233824734
845,0.14766515531898025,0.03088652176843873,0.2146966255800658,0.03375573596657265,0.2645505304087455,0.03881805958679837,0.26962737137039866
846,0.06660661777043451,0.0216825665781538,0.25866969427428127,0.005612883361101906,0.23816073468309942,0.11240972951764958,0.29685777381527945
847,0.10901008806060526,0.17924881005892798,0.430589131746663,0.009559613148384695,0.18529798902557845,0.01207801499463325,0.07421635296520733
848,0.5492734902845933,0.013600631850273772,0.13303562380881181,0.024414800869087882,0.1193482611740246,0.08415804498329585,0.07616914702991288
849,0.00164739556144354,0.0055712853347497935,0.01077650225432712,0.00130572084565408,0.003510103812861644,0.9723460716645678,0.004842920526396163
850,0.020265714455856527,0.6934969450988856,0.007974943299486196,0.26565714535948187,0.005071921740148026,0.0039559644573979496,0.003577365588743864
851,0.0554835243867497,0.09656331093512655,0.11764486865082888,0.05751050503822553,0.296684915179566,0.10743304126222845,0.2686798345472748
852,0.0855806973995275,0.11433774263775691,0.25790525195615016,0.06643739414189358,0.10606704420018745,0.1440906789523685,0.22558119071211583
853,0.0067048925974053115,0.07112590704818385,0.005347587667010195,0.06686125362553831,0.0020864135535483075,0.8417516026504854,0.006122342857828671
854,0.23976253810517736,0.09949310386860831,0.10779018796703539,0.01561233762292978,0.04330548918765794,0.2367117572226351,0.25732458602595615
855,0.06772133869627664,0.026851148220481773,0.16427372628236991,0.01175055863067694,0.11635360682234054,0.4568839306447053,0.156165690703149
856,0.09047850638047515,0.019973736463511138,0.25812510695940244,0.008380053206611976,0.12504255756391075,0.13703570129680334,0.36096433812928524
857,0.04627353533170434,0.04389414142206327,0.13557610740438505,0.08274053982981575,0.19748822855652773,0.17582654022836566,0.3182009072271382
858,0.5346701489939144,0.0062403510089972455,0.13402343763455496,0.004539236040878278,0.293923455186214,0.0018151672107479821,0.024788203924693233
859,0.3093913218365913,0.12514171437901594,0.04889304316298934,0.03950537218578214,0.02968809913723304,0.2787156814232061,0.16866476787518211
860,0.0025349118681408968,0.06368032147884141,0.004006080817888973,0.8708614422192525,0.0012295181477149756,0.036884621745396175,0.02080310372276505
861,0.36753482582728647,0.053193361303387705,0.0993659415569745,0.017461626713508312,0.07243387538508234,0.18601376699578082,0.20399660221797997
862,0.007585083275597035,0.028765773266257913,0.004503538469378672,0.8973449865223186,0.0017562526483550786,0.05733939960288601,0.002704966215206774
863,0.015439186530749414,0.6925782219675223,0.019143396671509025,0.10327137447018335,0.0027437240500836953,0.1546905793867761,0.012133516923176147
864,0.12004065323920143,0.2834154715203959,0.2521794386765118,0.2168860304188381,0.07304836371491125,0.023613372557388157,0.030816669872753284
865,0.05497104039525813,0.03909261311255177,0.2256798373386146,0.30777937550180456,0.33867720814051594,0.003305132799015524,0.03049479271223946
866,0.015439583959365486,0.05845774552387375,0.009838762413273163,0.8593176090887542,0.009488144527068152,0.022303176873259115,0.025154977614406167
867,0.012384812043157525,0.8260134590857195,0.044916724354741325,0.09210188878182884,0.008700100833870076,0.0033358426768706788,0.012547172223811997
868,0.17841072622185059,0.03101471190787968,0.35829516130469263,0.024993833802033197,0.2696837299549552,0.04216521021293968,0.09543662659564905
869,0.04872842048865941,0.28028028144163825,0.33016494030822563,0.08810418241189938,0.13566602991902277,0.06212660863892063,0.054929536791633746
870,0.023800359257804857,0.02861138075778494,0.016338641217966562,0.8753890082090205,0.0016820778632192568,0.05042379948835658,0.0037547332058471866
871,0.3820500295413696,0.04127274200389113,0.25933564223445654,0.017650775446288954,0.11943614310318595,0.07050985231073244,0.10974481536007549
872,0.08379378267154196,0.2547865273787879,0.39207457265926465,0.07639966292236545,0.10716394902464606,0.02740048158716953,0.05838102375622442
873,0.17337363316476578,0.03302848246545161,0.08520550779900764,0.024581915804447973,0.11675809088816792,0.40428143323849597,0.1627709366396631
874,0.12588374735963367,0.12329155787904532,0.13355428784613738,0.012335864583038134,0.42624027494221295,0.09946080787771862,0.07923345951221392
875,0.12254832475728054,0.2726473787452389,0.2582455111921379,0.032459995326731925,0.123967219317992,0.04049647630486173,0.14963509435575695
876,0.26104731866461506,0.04350196250162216,0.05131511454480989,0.009907843520607359,0.456662416965419,0.007395995627716683,0.17016934817521
877,0.31920041700450247,0.0075001745525608956,0.09233046963507549,0.006773903636930072,0.5266559985584925,0.0052585376001586005,0.04228049901227989
878,0.012268606794136395,0.07404256611234186,0.07486818183696238,0.8086189642451452,0.006555631624750611,0.01258383282306428,0.011062216563599096
879,0.32186052458500214,0.09437799942848943,0.07561773851804875,0.01448094093620013,0.04434920045270427,0.35765649366531627,0.09165710241423913
880,0.28749361332992507,0.0801373424193692,0.12349581398616813,0.007424870978295978,0.33281245877774135,0.050232343057401374,0.11840355745109891
881,0.13086267160426535,0.27537001791108756,0.19794899011718595,0.1667771608091286,0.1007437245936109,0.027166541807335833,0.10113089315738585
882,0.13617383498138558,0.10845239451597341,0.24451694217000275,0.15237352363693105,0.16869239824837134,0.04605229704582828,0.14373860940150746
883,0.01303621240335088,0.1695394161153199,0.17711956809111407,0.0481692178436913,0.04901239633823491,0.5282243201858073,0.014898869022481467
884,0.04113863162351677,0.12998772363309835,0.02236142596775923,0.7782320449936541,0.004587207801588023,0.02012424463834343,0.0035687213420400824
885,0.133678900072703,0.20698275758924053,0.2499357287981888,0.050389575168114736,0.16180817034350853,0.12251370345800382,0.07469116457024064
886,0.07818721780653208,0.022355388813496115,0.22992478283864004,0.02248805569701081,0.058208487406718454,0.010574788823038122,0.5782612786145643
887,0.1137052792267584,0.015725127881338178,0.0694727112525266,0.005160861743226052,0.08805125686043909,0.11832307618272075,0.5895616868529909
888,0.2674491875366061,0.13452966237480163,0.05004109422921982,0.01857747568717423,0.18160735324810698,0.1382148432199895,0.2095803837041018
889,0.17122332538181206,0.12039861101254422,0.06773115329424047,0.39806738311772527,0.07728075841994039,0.01907897532366694,0.1462197934500707
890,0.015084659712220125,0.022459490807493415,0.007725029985524138,0.8926184709723567,0.001942051957976508,0.058453570841745,0.0017167257226840516
891,0.015643088034732997,0.10062009845035363,0.024335850336123503,0.04767218206042532,0.035234493769561184,0.7487758715403805,0.027718415808422894
892,0.14048407818013062,0.01610931472289916,0.05840753850230218,0.012361776250081355,0.07605748877329756,0.5763036290354479,0.12027617453584123
893,0.4788569620498289,0.06367201451241014,0.046797714722647335,0.009721348870142898,0.04741493769320206,0.2375855675220854,0.11595145462968316
894,0.2765302398287422,0.0032033822416926375,0.2899139115238997,0.0015806415907197405,0.34051326847397556,0.008359466470735941,0.07989908987023409
895,0.09526009248493485,0.0878831077463415,0.09911682204505144,0.5724165706823753,0.055226514314817385,0.006720498616693195,0.08337639410978646
896,0.3264498870377633,0.028856103380783944,0.10046495289833858,0.037756015523074477,0.09915032531647638,0.16618634673248572,0.24113636911107772
897,0.01749663352101977,0.39209038543152397,0.009032311343774496,0.3396913508946021,0.003647181780092604,0.21968097338251852,0.0183611636464686
898,0.02519085406955972,0.09716701788008249,0.16717370143051594,0.6711895744625442,0.01595038651180603,0.008984664183218716,0.014343801462272932
899,0.1274202279224337,0.020081513213456,0.22875713302413095,0.009725238741691776,0.47837339245609306,0.012652455054122621,0.1229900395880718
900,0.1961717249907242,0.061306997660003755,0.14548850459291154,0.03079567467289323,0.28476204503956365,0.035867178349681485,0.2456078746942221
901,0.009586903383111673,0.06401475812426209,0.027032358506652192,0.07129155607989843,0.0030511242920972853,0.8150389372771452,0.009984362336833332
902,0.18466215638123687,0.07853369421065036,0.11819457745695285,0.006518639827391814,0.12253210831108681,0.14399877488971138,0.34556004892297
903,0.006230439557947927,0.49969769331406755,0.0026192619885816474,0.47897042871949724,0.0016407419617001828,0.008512092481679154,0.0023293419765264014
904,0.06360912003787919,0.021395346199521912,0.14536180284456499,0.0054679161910703615,0.5332193967622946,0.027168904720865777,0.20377751324380314
905,0.2707722751242714,0.01482110330894411,0.13687175957608144,0.003373295643325681,0.25477813546951816,0.010263968534423271,0.30911946234343596
906,0.08236648279397925,0.11798085058527384,0.0727369201514421,0.03830010267495032,0.12978903996506558,0.30716282640507947,0.25166377742420937
907,0.08276866039278336,0.008206391065887332,0.281864978990405,0.015592482870278914,0.4346544948979848,0.03663221863081358,0.14028077315184703
908,0.3898418348524989,0.0918446899448056,0.16352216962208363,0.05121483130045899,0.23770209254724342,0.007999124334622373,0.057875257398287194
909,0.31547474695904043,0.008783275225121191,0.24055458221282094,0.004941937603349251,0.187100841745487,0.014122771988559117,0.22902184426562208
910,0.0396745879250992,0.20444773955406673,0.05269204658063955,0.26754248191302593,0.02872300231855933,0.06825507835072353,0.3386650633578857
911,0.08345890918557333,0.07829436515880203,0.2654483297563859,0.026886019577574603,0.3598313122654042,0.007262328034642916,0.17881873602161694
912,0.028134335047758648,0.042955152091710656,0.015547026193603706,0.1654233093453857,0.017433533552784795,0.6792341333557886,0.05127251041296785
913,0.016629656003407666,0.1220687203411395,0.021259669293083358,0.2887547204647261,0.012596515323591594,0.027901783820679284,0.5107889347533725
914,0.22508305278650695,0.3975921032581542,0.18066457935229538,0.09840663809321666,0.050795025047344025,0.004354533788266414,0.043104067674216276
915,0.16386274371509368,0.1272867443989948,0.20008521929063894,0.03206795278614924,0.20170936602299425,0.12398202334045931,0.1510059504456698
916,0.028337881131625043,0.910166787966593,0.010989599866023355,0.0424818841891107,0.0030004200772071636,0.0030029100233071467,0.0020205167461337463
917,0.007770879192683574,0.13830862106009575,0.023495347999592003,0.7981070954119032,0.002085061636947225,0.026383062626209066,0.003849932072569146
918,0.12616697813891797,0.012531338204297322,0.04696652591472353,0.0019430579237774987,0.04083590770404788,0.024726112153622817,0.746830079960613
919,0.25853483892256873,0.18200972285507322,0.22971861686559164,0.14302008561113733,0.03806245963396252,0.07595082017598559,0.07270345593568094
920,0.008604844970520394,0.04338564813361472,0.00353099218649356,0.5216863339174348,0.0062768124836756495,0.39549975195199266,0.02101561635626819
921,0.15121931915220113,0.08076876453940326,0.30556649492152715,0.012604329597381194,0.409687409506965,0.005682360222815915,0.03447132205970631
922,0.0014344045984232229,0.04094833182592748,0.0012388056112813649,0.9430610196191229,0.0005776687672068557,0.010500188635200526,0.0022395809428375443
923,0.19404342079064624,0.017145581045617864,0.3270927946457798,0.007689979490693727,0.17026435707170878,0.009357589423389812,0.2744062775321638
924,0.04114465665777443,0.8831826198629638,0.026376417140706116,0.014116316648703523,0.004232068374897848,0.0009491450888759898,0.029998776226078216
925,0.4204009125258006,0.020889258427410955,0.16832682587707104,0.007538267970120176,0.09143767619027213,0.042942027821462295,0.24846503118786278
926,0.15813286762754905,0.01753043042417048,0.03616770350164815,0.003460584968861675,0.05622540036457385,0.16660358439929437,0.5618794287139024
927,0.0035177095418897687,0.8942953425548255,0.003926324218679008,0.0934087647082832,0.0009349010428868071,0.0007580553651748927,0.0031589025682608506
928,0.24871774354109957,0.10631805941734782,0.1896715038886008,0.035701325446515275,0.39345984372738474,0.005267283122027742,0.02086424085702402
929,0.08269920368759096,0.0207150748214459,0.3309571771867238,0.012508708306084337,0.3289648367850582,0.06622217456060227,0.1579328246524945
930,0.15959201020581087,0.0058785004983085065,0.04815571537780262,0.0030936629398702177,0.0685979580280763,0.25486798155568535,0.45981417139444625
931,0.08845122295703049,0.3177619114230691,0.04845190678737409,0.11625342320199915,0.02499754204189745,0.33595455784480277,0.06812943574382684
932,0.2104341903443454,0.02316467437695891,0.2498623262375295,0.06960397532500519,0.32561605437025176,0.020906480212766414,0.10041229913314291
933,0.17233116076079882,0.06682878556451115,0.12001399562033639,0.045543853194694,0.18310499866288268,0.39552485851881264,0.016652347677964252
934,0.016921854115732347,0.013583262772764403,0.04575864218720758,0.04474320699457794,0.03494876315470515,0.7934588303959166,0.050585440379095986
935,0.007355405402883282,0.0028017915354812207,0.004267484444311896,0.0032809367406352818,0.0021684623067618597,0.9673778794258954,0.012748040144031055
936,0.013576320401843062,0.06252999310656637,0.007961553821440244,0.9005886254961906,0.0017504753361035508,0.008687269287738058,0.004905762550117939
937,0.04046844847502343,0.5090779392710617,0.05332706370353557,0.3597898887674864,0.007694034117195129,0.025016450573607348,0.004626175092090435
938,0.1068885718388885,0.3055907003484523,0.25311717561957636,0.15836316298394945,0.11582161678573917,0.008465379956038228,0.05175339246735606
939,0.00900411182852328,0.07540512945614812,0.04010207033327458,0.21873688029174737,0.03221939141863109,0.33209574438952055,0.292436672282155
940,0.16985358072902051,0.1491444770217361,0.10240806811584607,0.3049713463220328,0.05226837589128027,0.13276267420866908,0.08859147771141508
941,0.10354048672985805,0.02752028130192897,0.5456823456894035,0.025683239019115515,0.23608788327661012,0.0364821430850696,0.025003620898014077
942,0.126896339150784,0.13153584789476394,0.07581363843098264,0.08068289988959175,0.15313750830252082,0.17060369180182375,0.2613300745295331
943,0.08765403106413074,0.018161009209477927,0.062230250406370015,0.015026000061141288,0.07357668827517354,0.0406380236823773,0.7027139973013291
944,0.05684110469013935,0.09116628110291833,0.15393082009396378,0.03305665307060817,0.4322803436004355,0.09371249587945317,0.13901230156248184
945,0.19369710405062268,0.005515792995668606,0.06366408139847426,0.0036736711557146967,0.6984228952029317,0.017674250831693574,0.017352204364894572
946,0.27185578881647565,0.1067408469825161,0.1606698399200765,0.008964517737345206,0.148699274346632,0.11844747495213848,0.18462225724481618
947,0.0355123710448689,0.6000696332926413,0.29690331449878393,0.021764201159864393,0.006694386780685462,0.005531639458385085,0.033524453764770895
948,0.08354023620288618,0.19039925943243566,0.13150915101508873,0.00974082707420219,0.12311496585860415,0.05853777091887849,0.4031577894979044
949,0.000809207553545207,0.0017182010331147203,0.0016572485913259312,0.00818754057214043,0.0010744627159833986,0.9840484582354807,0.002504881298409546
950,0.06730764387487015,0.282405270853136,0.029116980571524616,0.5970123938622276,0.005358605168989826,0.014528514541570631,0.004270591127681186
951,0.17515147582824586,0.1223363352839368,0.2168343523793661,0.1429640284780068,0.21390538438454634,0.0531764925441899,0.07563193110170814
952,0.06672090733224408,0.11638897781583708,0.12770944922079017,0.1071274126832534,0.07982763389293032,0.3402477346023823,0.1619778844525626
953,0.02034903028873876,0.14124079797491962,0.5154750305142282,0.013226307424848382,0.028708339366059127,0.2700520406510577,0.010948453780148283
954,0.07890939683578217,0.010038454055751458,0.040942294999197965,0.01292384067840744,0.026149786493036738,0.736429212065855,0.09460701487196921
955,0.056893768952312594,0.018789857516570568,0.08786282695763742,0.0027941137177246254,0.06425351298228342,0.012394125561965414,0.7570117943115059
956,0.01397249420590804,0.04961241654054467,0.002678749106057869,0.9056351857737124,0.0013594886812845614,0.023648051921759852,0.0030936137707326178
957,0.1872356230617763,0.007456920485499125,0.4240720267660873,0.003101919597533468,0.297191050939263,0.02538052539033459,0.05556193375950614
958,0.10981440464884086,0.08296749920960333,0.3362814959624399,0.035402292332967086,0.28606864773273066,0.04470392129394708,0.10476173881947107
959,0.002342373726815808,0.06535170730833821,0.00979151677071487,0.8567119343852118,0.00413517007364759,0.04440716065153739,0.017260137083734348
960,0.032595568991083616,0.5331603551555362,0.09068629365789664,0.09028585030287185,0.10837079116022778,0.03562751094793491,0.10927362978444916
961,0.03494619873224677,0.011841362535168634,0.025977453208491187,0.007173332721747477,0.06627882032909141,0.010210075137073173,0.8435727573361813
962,0.0748975710882977,0.283948347464444,0.05076108874430277,0.21984906540011467,0.07821141137411472,0.1853844745530004,0.10694804137572587
963,0.1377120751184219,0.05280103561585074,0.07505026146625454,0.04938029576138376,0.07348528833186269,0.5724894053282688,0.0390816383779577
964,0.23966777620345292,0.02901242696678039,0.09262844834051868,0.014591263342249661,0.4157753001424697,0.014714539345021125,0.1936102456595075
965,0.4381146418134897,0.040340140016548794,0.08679035247151885,0.005630424171934661,0.20369887449355112,0.08130530070148183,0.14412026633147496
966,0.2886307946728519,0.08733924419773319,0.14009886411751887,0.14202929066214445,0.17820536792237768,0.08827362997658549,0.07542280845078836
967,0.10836630959248637,0.04258970566541301,0.39750376713664465,0.011297332441226809,0.10606684953318031,0.025480103384758614,0.3086959322462903
968,0.029417274983009934,0.32706898993643285,0.2621700979569867,0.18129884331401425,0.1205882054719364,0.06414923220829473,0.015307356129325003
969,0.2832092324446317,0.041263782444878855,0.1836554617537829,0.006757131375176153,0.2626087619763215,0.03197360601743456,0.19053202398777444
970,0.14701092522665732,0.035655567351610545,0.17586832818480433,0.015281026949542297,0.4520987077929512,0.05138979754709618,0.12269564694733827
971,0.030054663500650648,0.1128772244635924,0.024309992134794893,0.7648271293691845,0.0036453060168499868,0.061868623535130764,0.002417060979796595
972,0.154557635106597,0.012419471839107752,0.2314400512044313,0.010285030988090962,0.5337948292936366,0.024044560011068684,0.03345842155706758
973,0.5459704989761677,0.011492872657994506,0.1165639156002241,0.022315166096295434,0.18508601829555177,0.02033340914866128,0.09823811922510528
974,0.015894365132690335,0.7543031841005859,0.13054737663612886,0.02654146019819161,0.05121352602368372,0.00652819907983929,0.014971888828879962
975,0.06520432592660268,0.20638588410831943,0.04517053818914756,0.33270118176072133,0.031648282125153145,0.248731606645116,0.0701581812449399
976,0.051536986126395075,0.35408938852511834,0.04711676040334027,0.41795043828723133,0.01569580874153365,0.030306290477078574,0.08330432743930283
977,0.36934083577721916,0.006280039363288172,0.14113483627168957,0.003083545790325544,0.1389661311094353,0.03680836879808048,0.3043862428899617
978,0.015692359363650082,0.27039675209565045,0.014556159392367011,0.6781249277841224,0.005258542202841015,0.01010270995406533,0.0058685492073035465
979,0.2521517582416179,0.05565731747580688,0.03115304386350483,0.09652172119791502,0.013794007296588931,0.47963787122901624,0.0710842806955501
980,0.22695695282822165,0.012814951554353573,0.04612424626496311,0.002598620330481273,0.07458938563339189,0.025029533581233207,0.6118863098073553
981,0.20110694584525954,0.009923755898802799,0.12687579468990315,0.0041370664551216236,0.13855218011248963,0.1759081910942719,0.3434960659041513
982,0.12574774389921506,0.034796488670433896,0.42059176894925643,0.017819198572521795,0.21359387286619,0.013764077895480373,0.1736868491469024
983,0.06672678594311009,0.00903553046692638,0.22622531229383536,0.00933923393588371,0.1638398507397602,0.04091079400633162,0.4839224926141526
984,0.001954050990136578,0.12850391085585805,0.005776440534377618,0.8570202922707002,0.0005661614896036078,0.0006696650717885097,0.005509478787535561
985,0.0334548750632245,0.025191503686488512,0.16083374877370046,0.009287360206159232,0.11227849584286168,0.6248811118929978,0.03407290453456783
986,0.2928680099891471,0.14101062538700404,0.11567498239517736,0.058273662589040646,0.28760809918171726,0.011886906144779708,0.09267771431313393
987,0.10371121286732853,0.00803243928049292,0.4586646403974987,0.005246376624400647,0.23482414024645176,0.12112635612855456,0.06839483445527288
988,0.08648182763105863,0.1341716288603845,0.5290703139720287,0.08861081783434253,0.09369269127528208,0.04972646311319274,0.018246257313710712
989,0.03865260881156502,0.25633896903446274,0.3933795815139341,0.04701396745473423,0.08814670785375102,0.1238250944310781,0.05264307090047489
990,0.3190294378887799,0.07152505300119222,0.12362355314132732,0.00812208653169537,0.25012259940390064,0.004368860792000263,0.2232084092411043
991,0.14144515092380888,0.26776971454715587,0.1284231794847309,0.09938858011668031,0.1341680280924743,0.18466397256877323,0.044141374266376536
992,0.36558853609040615,0.040501191532276125,0.09901184909714424,0.01242571270703619,0.220929988275744,0.028039969558236042,0.23350275273915722
993,0.10174732338727473,0.3913457038899932,0.08299350861250826,0.07796582428361482,0.23273291344340943,0.07072829787919821,0.04248642850400145
994,0.5423113330975037,0.011190649993221629,0.0937914194650375,0.007204143113855463,0.233409300246113,0.01888483012126175,0.09320832396300696
995,0.12493359061903389,0.018432864438862367,0.2164359043943921,0.0035499497226675523,0.5962588369756182,0.007259589952606365,0.0331292638968195
996,0.19062841555079413,0.08497296910937295,0.041808296793740256,0.010662422516481411,0.17856613219780115,0.23343598704353732,0.25992577678827267
997,0.04780685692059904,0.274784423029909,0.12727488474358778,0.4226442342121568,0.007007580687690138,0.10888043598047742,0.011601584425579799
998,0.13651371386326755,0.020779476265034607,0.22378983480021078,0.013064989581318744,0.49931381236674754,0.02403256545913175,0.08250560766428908
999,0.37630703072972144,0.023501085595770046,0.12974658423831897,0.004419046304700308,0.25453666088492843,0.058440957921522596,0.15304863432503815
1000,0.09101293261387343,0.033659195160636,0.049511570258029415,0.0109808352878072,0.03035551453508672,0.0021860738419518045,0.7822938783026154
